
[run_webserver] --- session 2026-05-12T12:13:24+08:00 PORT=8080 USE_ASAN=0 ---
[run_webserver] starting webserver on port 8080
20260512 12:13:24.517138Z 1772486 INFO  HttpServer Listening on [ 0.0.0.0:8080 ] - HttpServer.cpp:35

[run_webserver] --- session 2026-05-12T12:13:56+08:00 PORT=8080 USE_ASAN=1 ---
[run_webserver] starting webserver on port 8080
==1772878==ASan runtime does not come first in initial library list; you should either link runtime to your application or manually preload it with LD_PRELOAD.

[run_webserver] --- session 2026-05-12T12:17:38+08:00 PORT=8080 USE_ASAN=1 ---
[run_webserver] starting webserver on port 8080

[run_webserver] --- session 2026-05-12T14:08:02+08:00 PORT=8080 USE_ASAN=0 ---
[run_webserver] starting webserver on port 8080
20260512 14:08:02.470326Z 1788816 INFO  HttpServer Listening on [ 0.0.0.0:8080 ] - HttpServer.cpp:35

[run_webserver] --- session 2026-05-12T15:37:19+08:00 PORT=8080 USE_ASAN=0 ---
[run_webserver] starting webserver on port 8080
20260512 15:37:19.441154Z 1808372 INFO  HttpServer Listening on [ 0.0.0.0:8080 ] - HttpServer.cpp:35
20260512 15:37:31.524373Z 1808372 INFO  HttpServer::OnNewConnection : Add connection [ fd#10-id#1 ] from 180.165.9.12:58693 - HttpServer.cpp:49
20260512 15:37:31.525267Z 1808372 INFO  HttpServer::OnNewConnection : Add connection [ fd#11-id#2 ] from 180.165.9.12:13377 - HttpServer.cpp:49
20260512 15:37:31.525906Z 1808397 INFO  HttpServer::onMessage - Request URL : / from TcpConnection[ fd#10-id#1 ] - HttpServer.cpp:89
20260512 15:38:11.493525Z 1808397 INFO  HttpServer::onMessage - Request URL : /gm from TcpConnection[ fd#10-id#1 ] - HttpServer.cpp:89
20260512 15:38:21.520264Z 1808372 INFO  TcpServer::HandleCloseInLoop - Remove connection [id#2-fd#11] - TcpServer.cpp:69
20260512 15:38:21.520315Z 1808372 INFO  TcpServer::HandleCloseInLoop - Remove connection [id#1-fd#10] - TcpServer.cpp:69
20260512 15:38:47.126117Z 1808372 INFO  HttpServer::OnNewConnection : Add connection [ fd#10-id#3 ] from 180.165.9.12:49672 - HttpServer.cpp:49
20260512 15:38:47.127358Z 1808372 INFO  HttpServer::OnNewConnection : Add connection [ fd#11-id#4 ] from 180.165.9.12:51953 - HttpServer.cpp:49
20260512 15:38:47.128293Z 1808397 INFO  HttpServer::onMessage - Request URL : /login from TcpConnection[ fd#10-id#3 ] - HttpServer.cpp:89
20260512 15:38:54.611997Z 1808372 INFO  TcpServer::HandleCloseInLoop - Remove connection [id#3-fd#10] - TcpServer.cpp:69
20260512 15:38:54.612038Z 1808372 INFO  TcpServer::HandleCloseInLoop - Remove connection [id#4-fd#11] - TcpServer.cpp:69
20260512 15:39:07.543950Z 1808372 INFO  HttpServer::OnNewConnection : Add connection [ fd#10-id#5 ] from 180.165.9.12:48509 - HttpServer.cpp:49
20260512 15:39:07.546213Z 1808372 INFO  HttpServer::OnNewConnection : Add connection [ fd#11-id#6 ] from 180.165.9.12:18383 - HttpServer.cpp:49
20260512 15:39:07.547136Z 1808397 INFO  HttpServer::onMessage - Request URL : /login from TcpConnection[ fd#10-id#5 ] - HttpServer.cpp:89
20260512 15:39:18.992813Z 1808397 INFO  HttpServer::onMessage - Request URL : /login from TcpConnection[ fd#10-id#5 ] - HttpServer.cpp:89
20260512 15:39:24.160736Z 1808397 INFO  HttpServer::onMessage - Request URL : /gm from TcpConnection[ fd#10-id#5 ] - HttpServer.cpp:89
20260512 15:39:33.912687Z 1808397 INFO  HttpServer::onMessage - Request URL : /gm from TcpConnection[ fd#10-id#5 ] - HttpServer.cpp:89
20260512 15:40:09.282475Z 1808372 INFO  TcpServer::HandleCloseInLoop - Remove connection [id#6-fd#11] - TcpServer.cpp:69
20260512 15:40:21.810935Z 1808372 INFO  TcpServer::HandleCloseInLoop - Remove connection [id#5-fd#10] - TcpServer.cpp:69
20260512 15:40:31.951191Z 1808372 INFO  HttpServer::OnNewConnection : Add connection [ fd#10-id#7 ] from 180.165.9.12:55906 - HttpServer.cpp:49
20260512 15:40:31.951252Z 1808372 INFO  HttpServer::OnNewConnection : Add connection [ fd#11-id#8 ] from 180.165.9.12:12867 - HttpServer.cpp:49
20260512 15:40:31.959782Z 1808397 INFO  HttpServer::onMessage - Request URL : /gm from TcpConnection[ fd#10-id#7 ] - HttpServer.cpp:89
20260512 15:40:40.522091Z 1808397 INFO  HttpServer::onMessage - Request URL : /gm from TcpConnection[ fd#10-id#7 ] - HttpServer.cpp:89
20260512 15:40:52.530343Z 1808397 INFO  HttpServer::onMessage - Request URL : /gm from TcpConnection[ fd#10-id#7 ] - HttpServer.cpp:89
20260512 15:41:10.057021Z 1808372 INFO  TcpServer::HandleCloseInLoop - Remove connection [id#8-fd#11] - TcpServer.cpp:69
20260512 15:41:10.057060Z 1808372 INFO  TcpServer::HandleCloseInLoop - Remove connection [id#7-fd#10] - TcpServer.cpp:69
20260512 16:03:51.597075Z 1808372 INFO  HttpServer::OnNewConnection : Add connection [ fd#10-id#9 ] from 93.123.72.166:58490 - HttpServer.cpp:49
20260512 16:03:51.598470Z 1808397 INFO  HttpServer::onMessage - Request URL : /SDK/webLanguage from TcpConnection[ fd#10-id#9 ] - HttpServer.cpp:89
20260512 16:03:51.600395Z 1808372 INFO  TcpServer::HandleCloseInLoop - Remove connection [id#9-fd#10] - TcpServer.cpp:69
20260512 16:17:00.156110Z 1808372 INFO  HttpServer::OnNewConnection : Add connection [ fd#10-id#10 ] from 20.65.185.255:55396 - HttpServer.cpp:49
20260512 16:17:10.156025Z 1808372 INFO  TcpServer::HandleCloseInLoop - Remove connection [id#10-fd#10] - TcpServer.cpp:69
20260512 16:17:10.375266Z 1808372 INFO  HttpServer::OnNewConnection : Add connection [ fd#10-id#11 ] from 20.65.185.255:34098 - HttpServer.cpp:49
20260512 16:17:10.375357Z 1808397 INFO  HttpServer::onMessage : Receive non HTTP message - HttpServer.cpp:71
20260512 16:17:10.375609Z 1808372 INFO  TcpServer::HandleCloseInLoop - Remove connection [id#11-fd#10] - TcpServer.cpp:69

[run_webserver] --- session 2026-05-12T16:25:51+08:00 PORT=8080 USE_ASAN=0 ---
[run_webserver] starting webserver on port 8080
20260512 16:25:51.781286Z 1819261 INFO  HttpServer Listening on [ 0.0.0.0:8080 ] - HttpServer.cpp:35

[run_webserver] --- session 2026-05-12T16:26:05+08:00 PORT=8080 USE_ASAN=0 ---
[run_webserver] starting webserver on port 8080
20260512 16:26:05.817013Z 1819393 INFO  HttpServer Listening on [ 0.0.0.0:8080 ] - HttpServer.cpp:35

[run_webserver] --- session 2026-05-12T16:27:54+08:00 PORT=8080 USE_ASAN=0 ---
[run_webserver] starting webserver on port 8080
20260512 16:27:54.687154Z 1819881 INFO  HttpServer Listening on [ 0.0.0.0:8080 ] - HttpServer.cpp:35
20260512 16:28:07.687420Z 1819881 INFO  HttpServer::OnNewConnection : Add connection [ fd#10-id#1 ] from 180.165.9.12:63019 - HttpServer.cpp:49
20260512 16:28:07.687490Z 1819881 INFO  HttpServer::OnNewConnection : Add connection [ fd#11-id#2 ] from 180.165.9.12:21747 - HttpServer.cpp:49
20260512 16:28:07.687952Z 1819906 INFO  HttpServer::onMessage - Request URL : / from TcpConnection[ fd#10-id#1 ] - HttpServer.cpp:89
20260512 16:28:12.761277Z 1819906 INFO  HttpServer::onMessage - Request URL : /login from TcpConnection[ fd#10-id#1 ] - HttpServer.cpp:89
20260512 16:28:15.674309Z 1819906 INFO  HttpServer::onMessage - Request URL : /gm from TcpConnection[ fd#10-id#1 ] - HttpServer.cpp:89
20260512 16:28:24.312805Z 1819906 INFO  HttpServer::onMessage - Request URL : /gm from TcpConnection[ fd#10-id#1 ] - HttpServer.cpp:89
20260512 16:28:30.411572Z 1819881 INFO  TcpServer::HandleCloseInLoop - Remove connection [id#2-fd#11] - TcpServer.cpp:69
20260512 16:28:30.411620Z 1819881 INFO  TcpServer::HandleCloseInLoop - Remove connection [id#1-fd#10] - TcpServer.cpp:69
20260512 16:28:38.112161Z 1819881 INFO  HttpServer::OnNewConnection : Add connection [ fd#10-id#3 ] from 143.20.185.242:57728 - HttpServer.cpp:49
20260512 16:28:38.112358Z 1819906 INFO  HttpServer::onMessage - Request URL : / from TcpConnection[ fd#10-id#3 ] - HttpServer.cpp:89
20260512 16:28:58.132101Z 1819881 INFO  TcpServer::HandleCloseInLoop - Remove connection [id#3-fd#10] - TcpServer.cpp:69
20260512 16:31:08.025237Z 1819881 INFO  HttpServer::OnNewConnection : Add connection [ fd#10-id#4 ] from 119.30.118.43:13664 - HttpServer.cpp:49
20260512 16:31:08.450020Z 1819906 INFO  HttpServer::onMessage - Request URL : /boaform/admin/formLogin from TcpConnection[ fd#10-id#4 ] - HttpServer.cpp:89
20260512 16:31:08.464375Z 1819881 INFO  TcpServer::HandleCloseInLoop - Remove connection [id#4-fd#10] - TcpServer.cpp:69
epoll wait error: Interrupted system call
epoll wait error: Interrupted system call

[run_webserver] --- session 2026-05-12T16:47:32+08:00 PORT=8080 USE_ASAN=0 ---
[run_webserver] starting webserver on port 8080
20260512 16:47:32.319513Z 1824440 INFO  HttpServer Listening on [ 0.0.0.0:8080 ] - HttpServer.cpp:35
20260512 16:47:44.724106Z 1824440 INFO  HttpServer::OnNewConnection : Add connection [ fd#10-id#1 ] from 180.165.9.12:23755 - HttpServer.cpp:49
20260512 16:47:44.724219Z 1824440 INFO  HttpServer::OnNewConnection : Add connection [ fd#11-id#2 ] from 180.165.9.12:52845 - HttpServer.cpp:49
20260512 16:47:44.724908Z 1824462 INFO  HttpServer::onMessage - Request URL : / from TcpConnection[ fd#10-id#1 ] - HttpServer.cpp:89
20260512 16:47:50.802239Z 1824462 INFO  HttpServer::onMessage - Request URL : /login from TcpConnection[ fd#10-id#1 ] - HttpServer.cpp:89
20260512 16:47:52.836497Z 1824462 INFO  HttpServer::onMessage - Request URL : /gm from TcpConnection[ fd#10-id#1 ] - HttpServer.cpp:89
20260512 16:47:58.828206Z 1824462 INFO  HttpServer::onMessage - Request URL : /gm from TcpConnection[ fd#10-id#1 ] - HttpServer.cpp:89
20260512 16:48:33.906810Z 1824440 INFO  TcpServer::HandleCloseInLoop - Remove connection [id#1-fd#10] - TcpServer.cpp:69
20260512 16:48:33.906855Z 1824440 INFO  TcpServer::HandleCloseInLoop - Remove connection [id#2-fd#11] - TcpServer.cpp:69
epoll wait error: Interrupted system call
epoll wait error: Interrupted system call
20260512 18:25:41.403311Z 1824440 INFO  HttpServer::OnNewConnection : Add connection [ fd#10-id#3 ] from 20.163.2.53:50436 - HttpServer.cpp:49
20260512 18:25:41.419256Z 1824462 INFO  HttpServer::onMessage - Request URL : / from TcpConnection[ fd#10-id#3 ] - HttpServer.cpp:89
20260512 18:25:41.673434Z 1824440 INFO  TcpServer::HandleCloseInLoop - Remove connection [id#3-fd#10] - TcpServer.cpp:69
20260512 18:25:41.849363Z 1824440 INFO  HttpServer::OnNewConnection : Add connection [ fd#10-id#4 ] from 20.163.2.53:50444 - HttpServer.cpp:49
20260512 18:25:41.849409Z 1824462 INFO  HttpServer::onMessage : Receive non HTTP message - HttpServer.cpp:71
20260512 18:25:41.849439Z 1824440 INFO  TcpServer::HandleCloseInLoop - Remove connection [id#4-fd#10] - TcpServer.cpp:69
20260512 18:28:07.678061Z 1824440 INFO  HttpServer::OnNewConnection : Add connection [ fd#10-id#5 ] from 184.105.247.195:5776 - HttpServer.cpp:49
20260512 18:28:07.687124Z 1824462 INFO  HttpServer::onMessage : Receive non HTTP message - HttpServer.cpp:71
20260512 18:28:07.688976Z 1824440 INFO  TcpServer::HandleCloseInLoop - Remove connection [id#5-fd#10] - TcpServer.cpp:69
20260512 18:53:22.161532Z 1824440 INFO  HttpServer::OnNewConnection : Add connection [ fd#10-id#6 ] from 45.198.224.5:42738 - HttpServer.cpp:49
20260512 18:53:22.161606Z 1824462 INFO  HttpServer::onMessage - Request URL : /login from TcpConnection[ fd#10-id#6 ] - HttpServer.cpp:89
20260512 18:53:22.163106Z 1824440 INFO  TcpServer::HandleCloseInLoop - Remove connection [id#6-fd#10] - TcpServer.cpp:69
20260512 19:10:58.278093Z 1824440 INFO  HttpServer::OnNewConnection : Add connection [ fd#10-id#7 ] from 5.61.209.102:17584 - HttpServer.cpp:49
20260512 19:10:58.289096Z 1824462 INFO  HttpServer::onMessage - Request URL : /SDK/webLanguage from TcpConnection[ fd#10-id#7 ] - HttpServer.cpp:89
20260512 19:10:58.298092Z 1824440 INFO  TcpServer::HandleCloseInLoop - Remove connection [id#7-fd#10] - TcpServer.cpp:69
20260512 19:42:31.553417Z 1824440 INFO  HttpServer::OnNewConnection : Add connection [ fd#10-id#8 ] from 103.70.147.239:48153 - HttpServer.cpp:49
20260512 19:42:31.554736Z 1824462 INFO  HttpServer::onMessage - Request URL : / from TcpConnection[ fd#10-id#8 ] - HttpServer.cpp:89
20260512 19:42:31.932127Z 1824440 INFO  TcpServer::HandleCloseInLoop - Remove connection [id#8-fd#10] - TcpServer.cpp:69

[run_webserver] --- session 2026-05-14T11:59:51+08:00 PORT=8080 USE_ASAN=0 ---
[run_webserver] starting webserver on port 8080
20260514 11:59:51.275896Z 1997263 INFO  HttpServer Listening on [ 0.0.0.0:8080 ] - HttpServer.cpp:35
20260514 12:00:50.760342Z 1997263 INFO  HttpServer::OnNewConnection : Add connection [ fd#10-id#1 ] from 127.0.0.1:47304 - HttpServer.cpp:49
20260514 12:00:50.762474Z 1997349 INFO  HttpServer::onMessage - Request URL : /metrics from TcpConnection[ fd#10-id#1 ] - HttpServer.cpp:89
20260514 12:00:55.763257Z 1997349 INFO  HttpServer::onMessage - Request URL : /metrics from TcpConnection[ fd#10-id#1 ] - HttpServer.cpp:89
20260514 12:01:00.762046Z 1997349 INFO  HttpServer::onMessage - Request URL : /metrics from TcpConnection[ fd#10-id#1 ] - HttpServer.cpp:89
20260514 12:01:05.763811Z 1997349 INFO  HttpServer::onMessage - Request URL : /metrics from TcpConnection[ fd#10-id#1 ] - HttpServer.cpp:89
20260514 12:01:10.763335Z 1997349 INFO  HttpServer::onMessage - Request URL : /metrics from TcpConnection[ fd#10-id#1 ] - HttpServer.cpp:89
20260514 12:01:15.763344Z 1997349 INFO  HttpServer::onMessage - Request URL : /metrics from TcpConnection[ fd#10-id#1 ] - HttpServer.cpp:89
20260514 12:01:20.763321Z 1997349 INFO  HttpServer::onMessage - Request URL : /metrics from TcpConnection[ fd#10-id#1 ] - HttpServer.cpp:89
20260514 12:01:25.760911Z 1997349 INFO  HttpServer::onMessage - Request URL : /metrics from TcpConnection[ fd#10-id#1 ] - HttpServer.cpp:89
20260514 12:01:30.763839Z 1997349 INFO  HttpServer::onMessage - Request URL : /metrics from TcpConnection[ fd#10-id#1 ] - HttpServer.cpp:89
20260514 12:01:35.763305Z 1997349 INFO  HttpServer::onMessage - Request URL : /metrics from TcpConnection[ fd#10-id#1 ] - HttpServer.cpp:89
20260514 12:01:40.762892Z 1997349 INFO  HttpServer::onMessage - Request URL : /metrics from TcpConnection[ fd#10-id#1 ] - HttpServer.cpp:89
20260514 12:01:45.761644Z 1997349 INFO  HttpServer::onMessage - Request URL : /metrics from TcpConnection[ fd#10-id#1 ] - HttpServer.cpp:89
20260514 12:01:50.762946Z 1997349 INFO  HttpServer::onMessage - Request URL : /metrics from TcpConnection[ fd#10-id#1 ] - HttpServer.cpp:89
20260514 12:01:55.761881Z 1997349 INFO  HttpServer::onMessage - Request URL : /metrics from TcpConnection[ fd#10-id#1 ] - HttpServer.cpp:89
20260514 12:02:00.761789Z 1997349 INFO  HttpServer::onMessage - Request URL : /metrics from TcpConnection[ fd#10-id#1 ] - HttpServer.cpp:89
20260514 12:02:05.764052Z 1997349 INFO  HttpServer::onMessage - Request URL : /metrics from TcpConnection[ fd#10-id#1 ] - HttpServer.cpp:89
20260514 12:02:10.766881Z 1997349 INFO  HttpServer::onMessage - Request URL : /metrics from TcpConnection[ fd#10-id#1 ] - HttpServer.cpp:89
20260514 12:02:15.761355Z 1997349 INFO  HttpServer::onMessage - Request URL : /metrics from TcpConnection[ fd#10-id#1 ] - HttpServer.cpp:89
20260514 12:02:20.762398Z 1997349 INFO  HttpServer::onMessage - Request URL : /metrics from TcpConnection[ fd#10-id#1 ] - HttpServer.cpp:89
20260514 12:02:25.762640Z 1997349 INFO  HttpServer::onMessage - Request URL : /metrics from TcpConnection[ fd#10-id#1 ] - HttpServer.cpp:89
20260514 12:02:30.760758Z 1997349 INFO  HttpServer::onMessage - Request URL : /metrics from TcpConnection[ fd#10-id#1 ] - HttpServer.cpp:89
20260514 12:02:35.763491Z 1997349 INFO  HttpServer::onMessage - Request URL : /metrics from TcpConnection[ fd#10-id#1 ] - HttpServer.cpp:89
20260514 12:02:40.762475Z 1997349 INFO  HttpServer::onMessage - Request URL : /metrics from TcpConnection[ fd#10-id#1 ] - HttpServer.cpp:89
20260514 12:02:45.763096Z 1997349 INFO  HttpServer::onMessage - Request URL : /metrics from TcpConnection[ fd#10-id#1 ] - HttpServer.cpp:89
20260514 12:02:50.760523Z 1997349 INFO  HttpServer::onMessage - Request URL : /metrics from TcpConnection[ fd#10-id#1 ] - HttpServer.cpp:89
20260514 12:02:55.762421Z 1997349 INFO  HttpServer::onMessage - Request URL : /metrics from TcpConnection[ fd#10-id#1 ] - HttpServer.cpp:89
20260514 12:03:00.761736Z 1997349 INFO  HttpServer::onMessage - Request URL : /metrics from TcpConnection[ fd#10-id#1 ] - HttpServer.cpp:89
20260514 12:03:05.763921Z 1997349 INFO  HttpServer::onMessage - Request URL : /metrics from TcpConnection[ fd#10-id#1 ] - HttpServer.cpp:89
20260514 12:03:10.763812Z 1997349 INFO  HttpServer::onMessage - Request URL : /metrics from TcpConnection[ fd#10-id#1 ] - HttpServer.cpp:89
20260514 12:03:15.763849Z 1997349 INFO  HttpServer::onMessage - Request URL : /metrics from TcpConnection[ fd#10-id#1 ] - HttpServer.cpp:89
20260514 12:03:20.763392Z 1997349 INFO  HttpServer::onMessage - Request URL : /metrics from TcpConnection[ fd#10-id#1 ] - HttpServer.cpp:89
20260514 12:03:25.762642Z 1997349 INFO  HttpServer::onMessage - Request URL : /metrics from TcpConnection[ fd#10-id#1 ] - HttpServer.cpp:89
20260514 12:03:30.761013Z 1997349 INFO  HttpServer::onMessage - Request URL : /metrics from TcpConnection[ fd#10-id#1 ] - HttpServer.cpp:89
20260514 12:03:35.762817Z 1997349 INFO  HttpServer::onMessage - Request URL : /metrics from TcpConnection[ fd#10-id#1 ] - HttpServer.cpp:89
20260514 12:03:40.761182Z 1997349 INFO  HttpServer::onMessage - Request URL : /metrics from TcpConnection[ fd#10-id#1 ] - HttpServer.cpp:89
20260514 12:03:45.763123Z 1997349 INFO  HttpServer::onMessage - Request URL : /metrics from TcpConnection[ fd#10-id#1 ] - HttpServer.cpp:89
20260514 12:03:50.763849Z 1997349 INFO  HttpServer::onMessage - Request URL : /metrics from TcpConnection[ fd#10-id#1 ] - HttpServer.cpp:89
20260514 12:03:55.763353Z 1997349 INFO  HttpServer::onMessage - Request URL : /metrics from TcpConnection[ fd#10-id#1 ] - HttpServer.cpp:89
20260514 12:04:00.762979Z 1997349 INFO  HttpServer::onMessage - Request URL : /metrics from TcpConnection[ fd#10-id#1 ] - HttpServer.cpp:89
20260514 12:04:05.763832Z 1997349 INFO  HttpServer::onMessage - Request URL : /metrics from TcpConnection[ fd#10-id#1 ] - HttpServer.cpp:89
20260514 12:04:10.761093Z 1997349 INFO  HttpServer::onMessage - Request URL : /metrics from TcpConnection[ fd#10-id#1 ] - HttpServer.cpp:89
20260514 12:04:15.763113Z 1997349 INFO  HttpServer::onMessage - Request URL : /metrics from TcpConnection[ fd#10-id#1 ] - HttpServer.cpp:89
20260514 12:04:20.770694Z 1997349 INFO  HttpServer::onMessage - Request URL : /metrics from TcpConnection[ fd#10-id#1 ] - HttpServer.cpp:89
20260514 12:04:25.761246Z 1997349 INFO  HttpServer::onMessage - Request URL : /metrics from TcpConnection[ fd#10-id#1 ] - HttpServer.cpp:89
20260514 12:04:30.762558Z 1997349 INFO  HttpServer::onMessage - Request URL : /metrics from TcpConnection[ fd#10-id#1 ] - HttpServer.cpp:89
20260514 12:04:35.764004Z 1997349 INFO  HttpServer::onMessage - Request URL : /metrics from TcpConnection[ fd#10-id#1 ] - HttpServer.cpp:89
20260514 12:04:40.761191Z 1997349 INFO  HttpServer::onMessage - Request URL : /metrics from TcpConnection[ fd#10-id#1 ] - HttpServer.cpp:89
20260514 12:04:45.761751Z 1997349 INFO  HttpServer::onMessage - Request URL : /metrics from TcpConnection[ fd#10-id#1 ] - HttpServer.cpp:89
20260514 12:04:50.762501Z 1997349 INFO  HttpServer::onMessage - Request URL : /metrics from TcpConnection[ fd#10-id#1 ] - HttpServer.cpp:89
20260514 12:04:55.763258Z 1997349 INFO  HttpServer::onMessage - Request URL : /metrics from TcpConnection[ fd#10-id#1 ] - HttpServer.cpp:89
20260514 12:05:00.761446Z 1997349 INFO  HttpServer::onMessage - Request URL : /metrics from TcpConnection[ fd#10-id#1 ] - HttpServer.cpp:89
20260514 12:05:05.762511Z 1997349 INFO  HttpServer::onMessage - Request URL : /metrics from TcpConnection[ fd#10-id#1 ] - HttpServer.cpp:89
20260514 12:05:10.763915Z 1997349 INFO  HttpServer::onMessage - Request URL : /metrics from TcpConnection[ fd#10-id#1 ] - HttpServer.cpp:89
20260514 12:05:15.760471Z 1997349 INFO  HttpServer::onMessage - Request URL : /metrics from TcpConnection[ fd#10-id#1 ] - HttpServer.cpp:89
20260514 12:05:20.763361Z 1997349 INFO  HttpServer::onMessage - Request URL : /metrics from TcpConnection[ fd#10-id#1 ] - HttpServer.cpp:89
20260514 12:05:25.761043Z 1997349 INFO  HttpServer::onMessage - Request URL : /metrics from TcpConnection[ fd#10-id#1 ] - HttpServer.cpp:89
20260514 12:05:30.763471Z 1997349 INFO  HttpServer::onMessage - Request URL : /metrics from TcpConnection[ fd#10-id#1 ] - HttpServer.cpp:89
20260514 12:05:35.763352Z 1997349 INFO  HttpServer::onMessage - Request URL : /metrics from TcpConnection[ fd#10-id#1 ] - HttpServer.cpp:89
20260514 12:05:40.762588Z 1997349 INFO  HttpServer::onMessage - Request URL : /metrics from TcpConnection[ fd#10-id#1 ] - HttpServer.cpp:89
20260514 12:05:45.763439Z 1997349 INFO  HttpServer::onMessage - Request URL : /metrics from TcpConnection[ fd#10-id#1 ] - HttpServer.cpp:89
20260514 12:05:50.761979Z 1997349 INFO  HttpServer::onMessage - Request URL : /metrics from TcpConnection[ fd#10-id#1 ] - HttpServer.cpp:89
20260514 12:05:55.762977Z 1997349 INFO  HttpServer::onMessage - Request URL : /metrics from TcpConnection[ fd#10-id#1 ] - HttpServer.cpp:89
20260514 12:06:00.762847Z 1997349 INFO  HttpServer::onMessage - Request URL : /metrics from TcpConnection[ fd#10-id#1 ] - HttpServer.cpp:89
20260514 12:06:05.763619Z 1997349 INFO  HttpServer::onMessage - Request URL : /metrics from TcpConnection[ fd#10-id#1 ] - HttpServer.cpp:89
20260514 12:06:10.762231Z 1997349 INFO  HttpServer::onMessage - Request URL : /metrics from TcpConnection[ fd#10-id#1 ] - HttpServer.cpp:89
20260514 12:06:15.763827Z 1997349 INFO  HttpServer::onMessage - Request URL : /metrics from TcpConnection[ fd#10-id#1 ] - HttpServer.cpp:89
20260514 12:06:20.763551Z 1997349 INFO  HttpServer::onMessage - Request URL : /metrics from TcpConnection[ fd#10-id#1 ] - HttpServer.cpp:89
20260514 12:06:25.763194Z 1997349 INFO  HttpServer::onMessage - Request URL : /metrics from TcpConnection[ fd#10-id#1 ] - HttpServer.cpp:89
20260514 12:06:30.763056Z 1997349 INFO  HttpServer::onMessage - Request URL : /metrics from TcpConnection[ fd#10-id#1 ] - HttpServer.cpp:89
20260514 12:06:35.762949Z 1997349 INFO  HttpServer::onMessage - Request URL : /metrics from TcpConnection[ fd#10-id#1 ] - HttpServer.cpp:89
20260514 12:06:40.761090Z 1997349 INFO  HttpServer::onMessage - Request URL : /metrics from TcpConnection[ fd#10-id#1 ] - HttpServer.cpp:89
20260514 12:06:45.760176Z 1997349 INFO  HttpServer::onMessage - Request URL : /metrics from TcpConnection[ fd#10-id#1 ] - HttpServer.cpp:89
20260514 12:06:50.763424Z 1997349 INFO  HttpServer::onMessage - Request URL : /metrics from TcpConnection[ fd#10-id#1 ] - HttpServer.cpp:89
20260514 12:06:55.762720Z 1997349 INFO  HttpServer::onMessage - Request URL : /metrics from TcpConnection[ fd#10-id#1 ] - HttpServer.cpp:89
20260514 12:07:00.761623Z 1997349 INFO  HttpServer::onMessage - Request URL : /metrics from TcpConnection[ fd#10-id#1 ] - HttpServer.cpp:89
20260514 12:07:05.764023Z 1997349 INFO  HttpServer::onMessage - Request URL : /metrics from TcpConnection[ fd#10-id#1 ] - HttpServer.cpp:89
20260514 12:07:10.762489Z 1997349 INFO  HttpServer::onMessage - Request URL : /metrics from TcpConnection[ fd#10-id#1 ] - HttpServer.cpp:89
20260514 12:07:15.763616Z 1997349 INFO  HttpServer::onMessage - Request URL : /metrics from TcpConnection[ fd#10-id#1 ] - HttpServer.cpp:89
20260514 12:07:20.762411Z 1997349 INFO  HttpServer::onMessage - Request URL : /metrics from TcpConnection[ fd#10-id#1 ] - HttpServer.cpp:89
20260514 12:07:25.762786Z 1997349 INFO  HttpServer::onMessage - Request URL : /metrics from TcpConnection[ fd#10-id#1 ] - HttpServer.cpp:89
20260514 12:07:30.763241Z 1997349 INFO  HttpServer::onMessage - Request URL : /metrics from TcpConnection[ fd#10-id#1 ] - HttpServer.cpp:89
20260514 12:07:35.762935Z 1997349 INFO  HttpServer::onMessage - Request URL : /metrics from TcpConnection[ fd#10-id#1 ] - HttpServer.cpp:89
20260514 12:07:40.760877Z 1997349 INFO  HttpServer::onMessage - Request URL : /metrics from TcpConnection[ fd#10-id#1 ] - HttpServer.cpp:89
20260514 12:07:45.760758Z 1997349 INFO  HttpServer::onMessage - Request URL : /metrics from TcpConnection[ fd#10-id#1 ] - HttpServer.cpp:89
20260514 12:07:50.761150Z 1997349 INFO  HttpServer::onMessage - Request URL : /metrics from TcpConnection[ fd#10-id#1 ] - HttpServer.cpp:89
20260514 12:07:55.763279Z 1997349 INFO  HttpServer::onMessage - Request URL : /metrics from TcpConnection[ fd#10-id#1 ] - HttpServer.cpp:89
20260514 12:08:00.764388Z 1997349 INFO  HttpServer::onMessage - Request URL : /metrics from TcpConnection[ fd#10-id#1 ] - HttpServer.cpp:89
20260514 12:08:05.761621Z 1997349 INFO  HttpServer::onMessage - Request URL : /metrics from TcpConnection[ fd#10-id#1 ] - HttpServer.cpp:89
20260514 12:08:10.763654Z 1997349 INFO  HttpServer::onMessage - Request URL : /metrics from TcpConnection[ fd#10-id#1 ] - HttpServer.cpp:89
20260514 12:08:15.762441Z 1997349 INFO  HttpServer::onMessage - Request URL : /metrics from TcpConnection[ fd#10-id#1 ] - HttpServer.cpp:89
20260514 12:08:20.763513Z 1997349 INFO  HttpServer::onMessage - Request URL : /metrics from TcpConnection[ fd#10-id#1 ] - HttpServer.cpp:89
20260514 12:08:25.762995Z 1997349 INFO  HttpServer::onMessage - Request URL : /metrics from TcpConnection[ fd#10-id#1 ] - HttpServer.cpp:89
20260514 12:08:30.763027Z 1997349 INFO  HttpServer::onMessage - Request URL : /metrics from TcpConnection[ fd#10-id#1 ] - HttpServer.cpp:89
20260514 12:08:35.763941Z 1997349 INFO  HttpServer::onMessage - Request URL : /metrics from TcpConnection[ fd#10-id#1 ] - HttpServer.cpp:89
20260514 12:08:40.763547Z 1997349 INFO  HttpServer::onMessage - Request URL : /metrics from TcpConnection[ fd#10-id#1 ] - HttpServer.cpp:89
20260514 12:08:45.761268Z 1997349 INFO  HttpServer::onMessage - Request URL : /metrics from TcpConnection[ fd#10-id#1 ] - HttpServer.cpp:89
20260514 12:08:50.760689Z 1997349 INFO  HttpServer::onMessage - Request URL : /metrics from TcpConnection[ fd#10-id#1 ] - HttpServer.cpp:89
20260514 12:08:55.763485Z 1997349 INFO  HttpServer::onMessage - Request URL : /metrics from TcpConnection[ fd#10-id#1 ] - HttpServer.cpp:89
20260514 12:09:00.763436Z 1997349 INFO  HttpServer::onMessage - Request URL : /metrics from TcpConnection[ fd#10-id#1 ] - HttpServer.cpp:89
20260514 12:09:05.763853Z 1997349 INFO  HttpServer::onMessage - Request URL : /metrics from TcpConnection[ fd#10-id#1 ] - HttpServer.cpp:89
20260514 12:09:10.762853Z 1997349 INFO  HttpServer::onMessage - Request URL : /metrics from TcpConnection[ fd#10-id#1 ] - HttpServer.cpp:89
20260514 12:09:15.762755Z 1997349 INFO  HttpServer::onMessage - Request URL : /metrics from TcpConnection[ fd#10-id#1 ] - HttpServer.cpp:89
20260514 12:09:20.762655Z 1997349 INFO  HttpServer::onMessage - Request URL : /metrics from TcpConnection[ fd#10-id#1 ] - HttpServer.cpp:89
20260514 12:09:25.762932Z 1997349 INFO  HttpServer::onMessage - Request URL : /metrics from TcpConnection[ fd#10-id#1 ] - HttpServer.cpp:89
20260514 12:09:30.762399Z 1997349 INFO  HttpServer::onMessage - Request URL : /metrics from TcpConnection[ fd#10-id#1 ] - HttpServer.cpp:89
20260514 12:09:35.761021Z 1997349 INFO  HttpServer::onMessage - Request URL : /metrics from TcpConnection[ fd#10-id#1 ] - HttpServer.cpp:89
20260514 12:09:40.761612Z 1997349 INFO  HttpServer::onMessage - Request URL : /metrics from TcpConnection[ fd#10-id#1 ] - HttpServer.cpp:89
20260514 12:09:45.762747Z 1997349 INFO  HttpServer::onMessage - Request URL : /metrics from TcpConnection[ fd#10-id#1 ] - HttpServer.cpp:89
20260514 12:09:50.760167Z 1997349 INFO  HttpServer::onMessage - Request URL : /metrics from TcpConnection[ fd#10-id#1 ] - HttpServer.cpp:89
20260514 12:09:55.761321Z 1997349 INFO  HttpServer::onMessage - Request URL : /metrics from TcpConnection[ fd#10-id#1 ] - HttpServer.cpp:89
20260514 12:10:00.763215Z 1997349 INFO  HttpServer::onMessage - Request URL : /metrics from TcpConnection[ fd#10-id#1 ] - HttpServer.cpp:89
20260514 12:10:05.763470Z 1997349 INFO  HttpServer::onMessage - Request URL : /metrics from TcpConnection[ fd#10-id#1 ] - HttpServer.cpp:89
20260514 12:10:10.762743Z 1997349 INFO  HttpServer::onMessage - Request URL : /metrics from TcpConnection[ fd#10-id#1 ] - HttpServer.cpp:89
20260514 12:10:15.762514Z 1997349 INFO  HttpServer::onMessage - Request URL : /metrics from TcpConnection[ fd#10-id#1 ] - HttpServer.cpp:89
20260514 12:10:20.761560Z 1997349 INFO  HttpServer::onMessage - Request URL : /metrics from TcpConnection[ fd#10-id#1 ] - HttpServer.cpp:89
20260514 12:10:25.760360Z 1997349 INFO  HttpServer::onMessage - Request URL : /metrics from TcpConnection[ fd#10-id#1 ] - HttpServer.cpp:89
20260514 12:10:30.763660Z 1997349 INFO  HttpServer::onMessage - Request URL : /metrics from TcpConnection[ fd#10-id#1 ] - HttpServer.cpp:89
20260514 12:10:35.763674Z 1997349 INFO  HttpServer::onMessage - Request URL : /metrics from TcpConnection[ fd#10-id#1 ] - HttpServer.cpp:89
20260514 12:10:40.760689Z 1997349 INFO  HttpServer::onMessage - Request URL : /metrics from TcpConnection[ fd#10-id#1 ] - HttpServer.cpp:89
20260514 12:10:45.761907Z 1997349 INFO  HttpServer::onMessage - Request URL : /metrics from TcpConnection[ fd#10-id#1 ] - HttpServer.cpp:89
20260514 12:10:50.766166Z 1997349 INFO  HttpServer::onMessage - Request URL : /metrics from TcpConnection[ fd#10-id#1 ] - HttpServer.cpp:89
20260514 12:10:55.763339Z 1997349 INFO  HttpServer::onMessage - Request URL : /metrics from TcpConnection[ fd#10-id#1 ] - HttpServer.cpp:89
20260514 12:11:00.762353Z 1997349 INFO  HttpServer::onMessage - Request URL : /metrics from TcpConnection[ fd#10-id#1 ] - HttpServer.cpp:89
20260514 12:11:05.763267Z 1997349 INFO  HttpServer::onMessage - Request URL : /metrics from TcpConnection[ fd#10-id#1 ] - HttpServer.cpp:89
20260514 12:11:10.762739Z 1997349 INFO  HttpServer::onMessage - Request URL : /metrics from TcpConnection[ fd#10-id#1 ] - HttpServer.cpp:89
20260514 12:11:15.762513Z 1997349 INFO  HttpServer::onMessage - Request URL : /metrics from TcpConnection[ fd#10-id#1 ] - HttpServer.cpp:89
20260514 12:11:20.763041Z 1997349 INFO  HttpServer::onMessage - Request URL : /metrics from TcpConnection[ fd#10-id#1 ] - HttpServer.cpp:89
20260514 12:11:25.760096Z 1997349 INFO  HttpServer::onMessage - Request URL : /metrics from TcpConnection[ fd#10-id#1 ] - HttpServer.cpp:89
20260514 12:11:30.763357Z 1997349 INFO  HttpServer::onMessage - Request URL : /metrics from TcpConnection[ fd#10-id#1 ] - HttpServer.cpp:89
20260514 12:11:35.762948Z 1997349 INFO  HttpServer::onMessage - Request URL : /metrics from TcpConnection[ fd#10-id#1 ] - HttpServer.cpp:89
20260514 12:11:40.761851Z 1997349 INFO  HttpServer::onMessage - Request URL : /metrics from TcpConnection[ fd#10-id#1 ] - HttpServer.cpp:89
20260514 12:11:45.760877Z 1997349 INFO  HttpServer::onMessage - Request URL : /metrics from TcpConnection[ fd#10-id#1 ] - HttpServer.cpp:89
20260514 12:11:50.763251Z 1997349 INFO  HttpServer::onMessage - Request URL : /metrics from TcpConnection[ fd#10-id#1 ] - HttpServer.cpp:89
20260514 12:11:55.763356Z 1997349 INFO  HttpServer::onMessage - Request URL : /metrics from TcpConnection[ fd#10-id#1 ] - HttpServer.cpp:89
20260514 12:12:00.763495Z 1997349 INFO  HttpServer::onMessage - Request URL : /metrics from TcpConnection[ fd#10-id#1 ] - HttpServer.cpp:89
20260514 12:12:05.762842Z 1997349 INFO  HttpServer::onMessage - Request URL : /metrics from TcpConnection[ fd#10-id#1 ] - HttpServer.cpp:89
20260514 12:12:10.760668Z 1997349 INFO  HttpServer::onMessage - Request URL : /metrics from TcpConnection[ fd#10-id#1 ] - HttpServer.cpp:89
20260514 12:12:15.761597Z 1997349 INFO  HttpServer::onMessage - Request URL : /metrics from TcpConnection[ fd#10-id#1 ] - HttpServer.cpp:89
20260514 12:12:20.762406Z 1997349 INFO  HttpServer::onMessage - Request URL : /metrics from TcpConnection[ fd#10-id#1 ] - HttpServer.cpp:89
20260514 12:12:25.761374Z 1997349 INFO  HttpServer::onMessage - Request URL : /metrics from TcpConnection[ fd#10-id#1 ] - HttpServer.cpp:89
20260514 12:12:30.762102Z 1997349 INFO  HttpServer::onMessage - Request URL : /metrics from TcpConnection[ fd#10-id#1 ] - HttpServer.cpp:89
20260514 12:12:35.763800Z 1997349 INFO  HttpServer::onMessage - Request URL : /metrics from TcpConnection[ fd#10-id#1 ] - HttpServer.cpp:89
20260514 12:12:40.763311Z 1997349 INFO  HttpServer::onMessage - Request URL : /metrics from TcpConnection[ fd#10-id#1 ] - HttpServer.cpp:89
20260514 12:12:45.761704Z 1997349 INFO  HttpServer::onMessage - Request URL : /metrics from TcpConnection[ fd#10-id#1 ] - HttpServer.cpp:89
20260514 12:12:50.762604Z 1997349 INFO  HttpServer::onMessage - Request URL : /metrics from TcpConnection[ fd#10-id#1 ] - HttpServer.cpp:89
20260514 12:12:55.760490Z 1997349 INFO  HttpServer::onMessage - Request URL : /metrics from TcpConnection[ fd#10-id#1 ] - HttpServer.cpp:89
20260514 12:13:00.760911Z 1997349 INFO  HttpServer::onMessage - Request URL : /metrics from TcpConnection[ fd#10-id#1 ] - HttpServer.cpp:89
20260514 12:13:05.762609Z 1997349 INFO  HttpServer::onMessage - Request URL : /metrics from TcpConnection[ fd#10-id#1 ] - HttpServer.cpp:89
20260514 12:13:10.760824Z 1997349 INFO  HttpServer::onMessage - Request URL : /metrics from TcpConnection[ fd#10-id#1 ] - HttpServer.cpp:89
20260514 12:13:15.760337Z 1997349 INFO  HttpServer::onMessage - Request URL : /metrics from TcpConnection[ fd#10-id#1 ] - HttpServer.cpp:89
20260514 12:13:20.762167Z 1997349 INFO  HttpServer::onMessage - Request URL : /metrics from TcpConnection[ fd#10-id#1 ] - HttpServer.cpp:89
20260514 12:13:25.764121Z 1997349 INFO  HttpServer::onMessage - Request URL : /metrics from TcpConnection[ fd#10-id#1 ] - HttpServer.cpp:89
20260514 12:13:30.762711Z 1997349 INFO  HttpServer::onMessage - Request URL : /metrics from TcpConnection[ fd#10-id#1 ] - HttpServer.cpp:89
20260514 12:13:35.760600Z 1997349 INFO  HttpServer::onMessage - Request URL : /metrics from TcpConnection[ fd#10-id#1 ] - HttpServer.cpp:89
20260514 12:13:40.760587Z 1997349 INFO  HttpServer::onMessage - Request URL : /metrics from TcpConnection[ fd#10-id#1 ] - HttpServer.cpp:89
20260514 12:13:45.760476Z 1997349 INFO  HttpServer::onMessage - Request URL : /metrics from TcpConnection[ fd#10-id#1 ] - HttpServer.cpp:89
20260514 12:13:50.763605Z 1997349 INFO  HttpServer::onMessage - Request URL : /metrics from TcpConnection[ fd#10-id#1 ] - HttpServer.cpp:89
20260514 12:13:55.761634Z 1997349 INFO  HttpServer::onMessage - Request URL : /metrics from TcpConnection[ fd#10-id#1 ] - HttpServer.cpp:89
20260514 12:14:00.763571Z 1997349 INFO  HttpServer::onMessage - Request URL : /metrics from TcpConnection[ fd#10-id#1 ] - HttpServer.cpp:89
20260514 12:14:05.763393Z 1997349 INFO  HttpServer::onMessage - Request URL : /metrics from TcpConnection[ fd#10-id#1 ] - HttpServer.cpp:89
20260514 12:14:10.760907Z 1997349 INFO  HttpServer::onMessage - Request URL : /metrics from TcpConnection[ fd#10-id#1 ] - HttpServer.cpp:89
20260514 12:14:15.763176Z 1997349 INFO  HttpServer::onMessage - Request URL : /metrics from TcpConnection[ fd#10-id#1 ] - HttpServer.cpp:89
20260514 12:14:20.763122Z 1997349 INFO  HttpServer::onMessage - Request URL : /metrics from TcpConnection[ fd#10-id#1 ] - HttpServer.cpp:89
20260514 12:14:25.762417Z 1997349 INFO  HttpServer::onMessage - Request URL : /metrics from TcpConnection[ fd#10-id#1 ] - HttpServer.cpp:89
20260514 12:14:30.763289Z 1997349 INFO  HttpServer::onMessage - Request URL : /metrics from TcpConnection[ fd#10-id#1 ] - HttpServer.cpp:89
20260514 12:14:35.761471Z 1997349 INFO  HttpServer::onMessage - Request URL : /metrics from TcpConnection[ fd#10-id#1 ] - HttpServer.cpp:89
20260514 12:14:40.763345Z 1997349 INFO  HttpServer::onMessage - Request URL : /metrics from TcpConnection[ fd#10-id#1 ] - HttpServer.cpp:89
20260514 12:14:45.762915Z 1997349 INFO  HttpServer::onMessage - Request URL : /metrics from TcpConnection[ fd#10-id#1 ] - HttpServer.cpp:89
20260514 12:14:50.761095Z 1997349 INFO  HttpServer::onMessage - Request URL : /metrics from TcpConnection[ fd#10-id#1 ] - HttpServer.cpp:89
20260514 12:14:55.763252Z 1997349 INFO  HttpServer::onMessage - Request URL : /metrics from TcpConnection[ fd#10-id#1 ] - HttpServer.cpp:89
20260514 12:15:00.762439Z 1997349 INFO  HttpServer::onMessage - Request URL : /metrics from TcpConnection[ fd#10-id#1 ] - HttpServer.cpp:89
20260514 12:15:05.762351Z 1997349 INFO  HttpServer::onMessage - Request URL : /metrics from TcpConnection[ fd#10-id#1 ] - HttpServer.cpp:89
20260514 12:15:10.763640Z 1997349 INFO  HttpServer::onMessage - Request URL : /metrics from TcpConnection[ fd#10-id#1 ] - HttpServer.cpp:89
20260514 12:15:15.762501Z 1997349 INFO  HttpServer::onMessage - Request URL : /metrics from TcpConnection[ fd#10-id#1 ] - HttpServer.cpp:89
20260514 12:15:20.763387Z 1997349 INFO  HttpServer::onMessage - Request URL : /metrics from TcpConnection[ fd#10-id#1 ] - HttpServer.cpp:89
20260514 12:15:25.762950Z 1997349 INFO  HttpServer::onMessage - Request URL : /metrics from TcpConnection[ fd#10-id#1 ] - HttpServer.cpp:89
20260514 12:15:30.763141Z 1997349 INFO  HttpServer::onMessage - Request URL : /metrics from TcpConnection[ fd#10-id#1 ] - HttpServer.cpp:89
20260514 12:15:35.760425Z 1997349 INFO  HttpServer::onMessage - Request URL : /metrics from TcpConnection[ fd#10-id#1 ] - HttpServer.cpp:89
20260514 12:15:40.762325Z 1997349 INFO  HttpServer::onMessage - Request URL : /metrics from TcpConnection[ fd#10-id#1 ] - HttpServer.cpp:89
20260514 12:15:45.762136Z 1997349 INFO  HttpServer::onMessage - Request URL : /metrics from TcpConnection[ fd#10-id#1 ] - HttpServer.cpp:89
20260514 12:15:50.763091Z 1997349 INFO  HttpServer::onMessage - Request URL : /metrics from TcpConnection[ fd#10-id#1 ] - HttpServer.cpp:89
20260514 12:15:55.760365Z 1997349 INFO  HttpServer::onMessage - Request URL : /metrics from TcpConnection[ fd#10-id#1 ] - HttpServer.cpp:89
20260514 12:16:00.760629Z 1997349 INFO  HttpServer::onMessage - Request URL : /metrics from TcpConnection[ fd#10-id#1 ] - HttpServer.cpp:89
20260514 12:16:05.760202Z 1997349 INFO  HttpServer::onMessage - Request URL : /metrics from TcpConnection[ fd#10-id#1 ] - HttpServer.cpp:89
20260514 12:16:10.763480Z 1997349 INFO  HttpServer::onMessage - Request URL : /metrics from TcpConnection[ fd#10-id#1 ] - HttpServer.cpp:89
20260514 12:16:15.762454Z 1997349 INFO  HttpServer::onMessage - Request URL : /metrics from TcpConnection[ fd#10-id#1 ] - HttpServer.cpp:89
20260514 12:16:20.761721Z 1997349 INFO  HttpServer::onMessage - Request URL : /metrics from TcpConnection[ fd#10-id#1 ] - HttpServer.cpp:89
20260514 12:16:25.763490Z 1997349 INFO  HttpServer::onMessage - Request URL : /metrics from TcpConnection[ fd#10-id#1 ] - HttpServer.cpp:89
20260514 12:16:30.763396Z 1997349 INFO  HttpServer::onMessage - Request URL : /metrics from TcpConnection[ fd#10-id#1 ] - HttpServer.cpp:89
20260514 12:16:35.763188Z 1997349 INFO  HttpServer::onMessage - Request URL : /metrics from TcpConnection[ fd#10-id#1 ] - HttpServer.cpp:89
20260514 12:16:40.762818Z 1997349 INFO  HttpServer::onMessage - Request URL : /metrics from TcpConnection[ fd#10-id#1 ] - HttpServer.cpp:89
20260514 12:16:45.763115Z 1997349 INFO  HttpServer::onMessage - Request URL : /metrics from TcpConnection[ fd#10-id#1 ] - HttpServer.cpp:89
20260514 12:16:50.760562Z 1997349 INFO  HttpServer::onMessage - Request URL : /metrics from TcpConnection[ fd#10-id#1 ] - HttpServer.cpp:89
20260514 12:16:55.761807Z 1997349 INFO  HttpServer::onMessage - Request URL : /metrics from TcpConnection[ fd#10-id#1 ] - HttpServer.cpp:89
20260514 12:17:00.768145Z 1997349 INFO  HttpServer::onMessage - Request URL : /metrics from TcpConnection[ fd#10-id#1 ] - HttpServer.cpp:89
20260514 12:17:05.763974Z 1997349 INFO  HttpServer::onMessage - Request URL : /metrics from TcpConnection[ fd#10-id#1 ] - HttpServer.cpp:89
20260514 12:17:10.767261Z 1997349 INFO  HttpServer::onMessage - Request URL : /metrics from TcpConnection[ fd#10-id#1 ] - HttpServer.cpp:89
20260514 12:17:15.762401Z 1997349 INFO  HttpServer::onMessage - Request URL : /metrics from TcpConnection[ fd#10-id#1 ] - HttpServer.cpp:89
20260514 12:17:20.763327Z 1997349 INFO  HttpServer::onMessage - Request URL : /metrics from TcpConnection[ fd#10-id#1 ] - HttpServer.cpp:89
20260514 12:17:25.760777Z 1997349 INFO  HttpServer::onMessage - Request URL : /metrics from TcpConnection[ fd#10-id#1 ] - HttpServer.cpp:89
20260514 12:17:30.771345Z 1997349 INFO  HttpServer::onMessage - Request URL : /metrics from TcpConnection[ fd#10-id#1 ] - HttpServer.cpp:89
20260514 12:17:35.762857Z 1997349 INFO  HttpServer::onMessage - Request URL : /metrics from TcpConnection[ fd#10-id#1 ] - HttpServer.cpp:89
20260514 12:17:40.763044Z 1997349 INFO  HttpServer::onMessage - Request URL : /metrics from TcpConnection[ fd#10-id#1 ] - HttpServer.cpp:89
20260514 12:17:45.771883Z 1997349 INFO  HttpServer::onMessage - Request URL : /metrics from TcpConnection[ fd#10-id#1 ] - HttpServer.cpp:89
20260514 12:17:50.763774Z 1997349 INFO  HttpServer::onMessage - Request URL : /metrics from TcpConnection[ fd#10-id#1 ] - HttpServer.cpp:89
20260514 12:17:55.760821Z 1997349 INFO  HttpServer::onMessage - Request URL : /metrics from TcpConnection[ fd#10-id#1 ] - HttpServer.cpp:89
20260514 12:18:00.762819Z 1997349 INFO  HttpServer::onMessage - Request URL : /metrics from TcpConnection[ fd#10-id#1 ] - HttpServer.cpp:89
20260514 12:18:05.762699Z 1997349 INFO  HttpServer::onMessage - Request URL : /metrics from TcpConnection[ fd#10-id#1 ] - HttpServer.cpp:89
20260514 12:18:10.762026Z 1997349 INFO  HttpServer::onMessage - Request URL : /metrics from TcpConnection[ fd#10-id#1 ] - HttpServer.cpp:89
20260514 12:18:15.760553Z 1997349 INFO  HttpServer::onMessage - Request URL : /metrics from TcpConnection[ fd#10-id#1 ] - HttpServer.cpp:89
20260514 12:18:20.762174Z 1997349 INFO  HttpServer::onMessage - Request URL : /metrics from TcpConnection[ fd#10-id#1 ] - HttpServer.cpp:89
20260514 12:18:25.762094Z 1997349 INFO  HttpServer::onMessage - Request URL : /metrics from TcpConnection[ fd#10-id#1 ] - HttpServer.cpp:89
20260514 12:18:30.763227Z 1997349 INFO  HttpServer::onMessage - Request URL : /metrics from TcpConnection[ fd#10-id#1 ] - HttpServer.cpp:89
20260514 12:18:35.763559Z 1997349 INFO  HttpServer::onMessage - Request URL : /metrics from TcpConnection[ fd#10-id#1 ] - HttpServer.cpp:89
20260514 12:18:40.761446Z 1997349 INFO  HttpServer::onMessage - Request URL : /metrics from TcpConnection[ fd#10-id#1 ] - HttpServer.cpp:89
20260514 12:18:45.760178Z 1997349 INFO  HttpServer::onMessage - Request URL : /metrics from TcpConnection[ fd#10-id#1 ] - HttpServer.cpp:89
20260514 12:18:50.763344Z 1997349 INFO  HttpServer::onMessage - Request URL : /metrics from TcpConnection[ fd#10-id#1 ] - HttpServer.cpp:89
20260514 12:18:55.760437Z 1997349 INFO  HttpServer::onMessage - Request URL : /metrics from TcpConnection[ fd#10-id#1 ] - HttpServer.cpp:89
20260514 12:19:00.760194Z 1997349 INFO  HttpServer::onMessage - Request URL : /metrics from TcpConnection[ fd#10-id#1 ] - HttpServer.cpp:89
20260514 12:19:05.760831Z 1997349 INFO  HttpServer::onMessage - Request URL : /metrics from TcpConnection[ fd#10-id#1 ] - HttpServer.cpp:89
20260514 12:19:10.761081Z 1997349 INFO  HttpServer::onMessage - Request URL : /metrics from TcpConnection[ fd#10-id#1 ] - HttpServer.cpp:89
20260514 12:19:15.763014Z 1997349 INFO  HttpServer::onMessage - Request URL : /metrics from TcpConnection[ fd#10-id#1 ] - HttpServer.cpp:89
20260514 12:19:20.762951Z 1997349 INFO  HttpServer::onMessage - Request URL : /metrics from TcpConnection[ fd#10-id#1 ] - HttpServer.cpp:89
20260514 12:19:25.760625Z 1997349 INFO  HttpServer::onMessage - Request URL : /metrics from TcpConnection[ fd#10-id#1 ] - HttpServer.cpp:89
20260514 12:19:30.763133Z 1997349 INFO  HttpServer::onMessage - Request URL : /metrics from TcpConnection[ fd#10-id#1 ] - HttpServer.cpp:89
20260514 12:19:35.763328Z 1997349 INFO  HttpServer::onMessage - Request URL : /metrics from TcpConnection[ fd#10-id#1 ] - HttpServer.cpp:89
20260514 12:19:40.763584Z 1997349 INFO  HttpServer::onMessage - Request URL : /metrics from TcpConnection[ fd#10-id#1 ] - HttpServer.cpp:89
20260514 12:19:45.763167Z 1997349 INFO  HttpServer::onMessage - Request URL : /metrics from TcpConnection[ fd#10-id#1 ] - HttpServer.cpp:89
20260514 12:19:50.763103Z 1997349 INFO  HttpServer::onMessage - Request URL : /metrics from TcpConnection[ fd#10-id#1 ] - HttpServer.cpp:89
20260514 12:19:55.763320Z 1997349 INFO  HttpServer::onMessage - Request URL : /metrics from TcpConnection[ fd#10-id#1 ] - HttpServer.cpp:89
20260514 12:20:00.760158Z 1997349 INFO  HttpServer::onMessage - Request URL : /metrics from TcpConnection[ fd#10-id#1 ] - HttpServer.cpp:89
20260514 12:20:05.763752Z 1997349 INFO  HttpServer::onMessage - Request URL : /metrics from TcpConnection[ fd#10-id#1 ] - HttpServer.cpp:89
20260514 12:20:10.760293Z 1997349 INFO  HttpServer::onMessage - Request URL : /metrics from TcpConnection[ fd#10-id#1 ] - HttpServer.cpp:89
20260514 12:20:15.760235Z 1997349 INFO  HttpServer::onMessage - Request URL : /metrics from TcpConnection[ fd#10-id#1 ] - HttpServer.cpp:89
20260514 12:20:20.762453Z 1997349 INFO  HttpServer::onMessage - Request URL : /metrics from TcpConnection[ fd#10-id#1 ] - HttpServer.cpp:89
20260514 12:20:25.763646Z 1997349 INFO  HttpServer::onMessage - Request URL : /metrics from TcpConnection[ fd#10-id#1 ] - HttpServer.cpp:89
20260514 12:20:30.761077Z 1997349 INFO  HttpServer::onMessage - Request URL : /metrics from TcpConnection[ fd#10-id#1 ] - HttpServer.cpp:89
20260514 12:20:35.763107Z 1997349 INFO  HttpServer::onMessage - Request URL : /metrics from TcpConnection[ fd#10-id#1 ] - HttpServer.cpp:89
20260514 12:20:40.762185Z 1997349 INFO  HttpServer::onMessage - Request URL : /metrics from TcpConnection[ fd#10-id#1 ] - HttpServer.cpp:89
20260514 12:20:45.763129Z 1997349 INFO  HttpServer::onMessage - Request URL : /metrics from TcpConnection[ fd#10-id#1 ] - HttpServer.cpp:89
20260514 12:20:50.763479Z 1997349 INFO  HttpServer::onMessage - Request URL : /metrics from TcpConnection[ fd#10-id#1 ] - HttpServer.cpp:89
20260514 12:20:55.763986Z 1997349 INFO  HttpServer::onMessage - Request URL : /metrics from TcpConnection[ fd#10-id#1 ] - HttpServer.cpp:89
20260514 12:21:00.763097Z 1997349 INFO  HttpServer::onMessage - Request URL : /metrics from TcpConnection[ fd#10-id#1 ] - HttpServer.cpp:89
20260514 12:21:05.763165Z 1997349 INFO  HttpServer::onMessage - Request URL : /metrics from TcpConnection[ fd#10-id#1 ] - HttpServer.cpp:89
20260514 12:21:10.761837Z 1997349 INFO  HttpServer::onMessage - Request URL : /metrics from TcpConnection[ fd#10-id#1 ] - HttpServer.cpp:89
20260514 12:21:15.763318Z 1997349 INFO  HttpServer::onMessage - Request URL : /metrics from TcpConnection[ fd#10-id#1 ] - HttpServer.cpp:89
20260514 12:21:20.761222Z 1997349 INFO  HttpServer::onMessage - Request URL : /metrics from TcpConnection[ fd#10-id#1 ] - HttpServer.cpp:89
20260514 12:21:25.760976Z 1997349 INFO  HttpServer::onMessage - Request URL : /metrics from TcpConnection[ fd#10-id#1 ] - HttpServer.cpp:89
20260514 12:21:30.763473Z 1997349 INFO  HttpServer::onMessage - Request URL : /metrics from TcpConnection[ fd#10-id#1 ] - HttpServer.cpp:89
20260514 12:21:35.761560Z 1997349 INFO  HttpServer::onMessage - Request URL : /metrics from TcpConnection[ fd#10-id#1 ] - HttpServer.cpp:89
20260514 12:21:40.763454Z 1997349 INFO  HttpServer::onMessage - Request URL : /metrics from TcpConnection[ fd#10-id#1 ] - HttpServer.cpp:89
20260514 12:21:45.763300Z 1997349 INFO  HttpServer::onMessage - Request URL : /metrics from TcpConnection[ fd#10-id#1 ] - HttpServer.cpp:89
20260514 12:21:50.763585Z 1997349 INFO  HttpServer::onMessage - Request URL : /metrics from TcpConnection[ fd#10-id#1 ] - HttpServer.cpp:89
20260514 12:21:55.763125Z 1997349 INFO  HttpServer::onMessage - Request URL : /metrics from TcpConnection[ fd#10-id#1 ] - HttpServer.cpp:89
20260514 12:22:00.760419Z 1997349 INFO  HttpServer::onMessage - Request URL : /metrics from TcpConnection[ fd#10-id#1 ] - HttpServer.cpp:89
20260514 12:22:05.762203Z 1997349 INFO  HttpServer::onMessage - Request URL : /metrics from TcpConnection[ fd#10-id#1 ] - HttpServer.cpp:89
20260514 12:22:10.761519Z 1997349 INFO  HttpServer::onMessage - Request URL : /metrics from TcpConnection[ fd#10-id#1 ] - HttpServer.cpp:89
20260514 12:22:15.760531Z 1997349 INFO  HttpServer::onMessage - Request URL : /metrics from TcpConnection[ fd#10-id#1 ] - HttpServer.cpp:89
20260514 12:22:20.763144Z 1997349 INFO  HttpServer::onMessage - Request URL : /metrics from TcpConnection[ fd#10-id#1 ] - HttpServer.cpp:89
20260514 12:22:25.763634Z 1997349 INFO  HttpServer::onMessage - Request URL : /metrics from TcpConnection[ fd#10-id#1 ] - HttpServer.cpp:89
20260514 12:22:30.772090Z 1997349 INFO  HttpServer::onMessage - Request URL : /metrics from TcpConnection[ fd#10-id#1 ] - HttpServer.cpp:89
20260514 12:22:35.761559Z 1997349 INFO  HttpServer::onMessage - Request URL : /metrics from TcpConnection[ fd#10-id#1 ] - HttpServer.cpp:89
20260514 12:22:40.760569Z 1997349 INFO  HttpServer::onMessage - Request URL : /metrics from TcpConnection[ fd#10-id#1 ] - HttpServer.cpp:89
20260514 12:22:45.770474Z 1997349 INFO  HttpServer::onMessage - Request URL : /metrics from TcpConnection[ fd#10-id#1 ] - HttpServer.cpp:89
20260514 12:22:50.762546Z 1997349 INFO  HttpServer::onMessage - Request URL : /metrics from TcpConnection[ fd#10-id#1 ] - HttpServer.cpp:89
20260514 12:22:55.762767Z 1997349 INFO  HttpServer::onMessage - Request URL : /metrics from TcpConnection[ fd#10-id#1 ] - HttpServer.cpp:89
20260514 12:23:00.763600Z 1997349 INFO  HttpServer::onMessage - Request URL : /metrics from TcpConnection[ fd#10-id#1 ] - HttpServer.cpp:89
20260514 12:23:05.760612Z 1997349 INFO  HttpServer::onMessage - Request URL : /metrics from TcpConnection[ fd#10-id#1 ] - HttpServer.cpp:89
20260514 12:23:10.763502Z 1997349 INFO  HttpServer::onMessage - Request URL : /metrics from TcpConnection[ fd#10-id#1 ] - HttpServer.cpp:89
20260514 12:23:15.761869Z 1997349 INFO  HttpServer::onMessage - Request URL : /metrics from TcpConnection[ fd#10-id#1 ] - HttpServer.cpp:89
20260514 12:23:20.762664Z 1997349 INFO  HttpServer::onMessage - Request URL : /metrics from TcpConnection[ fd#10-id#1 ] - HttpServer.cpp:89
20260514 12:23:25.761567Z 1997349 INFO  HttpServer::onMessage - Request URL : /metrics from TcpConnection[ fd#10-id#1 ] - HttpServer.cpp:89
20260514 12:23:30.763341Z 1997349 INFO  HttpServer::onMessage - Request URL : /metrics from TcpConnection[ fd#10-id#1 ] - HttpServer.cpp:89
20260514 12:23:35.763022Z 1997349 INFO  HttpServer::onMessage - Request URL : /metrics from TcpConnection[ fd#10-id#1 ] - HttpServer.cpp:89
20260514 12:23:38.085229Z 1997263 INFO  HttpServer::OnNewConnection : Add connection [ fd#11-id#2 ] from 172.232.232.104:38230 - HttpServer.cpp:49
20260514 12:23:38.085291Z 1997349 INFO  HttpServer::onMessage - Request URL : /.env from TcpConnection[ fd#11-id#2 ] - HttpServer.cpp:89
20260514 12:23:38.085446Z 1997263 INFO  TcpServer::HandleCloseInLoop - Remove connection [id#2-fd#11] - TcpServer.cpp:69
20260514 12:23:38.634915Z 1997263 INFO  HttpServer::OnNewConnection : Add connection [ fd#11-id#3 ] from 172.232.232.104:38244 - HttpServer.cpp:49
20260514 12:23:38.635090Z 1997349 INFO  HttpServer::onMessage - Request URL : /.git/config from TcpConnection[ fd#11-id#3 ] - HttpServer.cpp:89
20260514 12:23:38.635336Z 1997263 INFO  TcpServer::HandleCloseInLoop - Remove connection [id#3-fd#11] - TcpServer.cpp:69
20260514 12:23:40.761920Z 1997349 INFO  HttpServer::onMessage - Request URL : /metrics from TcpConnection[ fd#10-id#1 ] - HttpServer.cpp:89
20260514 12:23:45.763774Z 1997349 INFO  HttpServer::onMessage - Request URL : /metrics from TcpConnection[ fd#10-id#1 ] - HttpServer.cpp:89
20260514 12:23:50.760789Z 1997349 INFO  HttpServer::onMessage - Request URL : /metrics from TcpConnection[ fd#10-id#1 ] - HttpServer.cpp:89
20260514 12:23:55.762422Z 1997349 INFO  HttpServer::onMessage - Request URL : /metrics from TcpConnection[ fd#10-id#1 ] - HttpServer.cpp:89
20260514 12:24:00.762847Z 1997349 INFO  HttpServer::onMessage - Request URL : /metrics from TcpConnection[ fd#10-id#1 ] - HttpServer.cpp:89
20260514 12:24:05.762833Z 1997349 INFO  HttpServer::onMessage - Request URL : /metrics from TcpConnection[ fd#10-id#1 ] - HttpServer.cpp:89
20260514 12:24:10.763598Z 1997349 INFO  HttpServer::onMessage - Request URL : /metrics from TcpConnection[ fd#10-id#1 ] - HttpServer.cpp:89
20260514 12:24:15.763345Z 1997349 INFO  HttpServer::onMessage - Request URL : /metrics from TcpConnection[ fd#10-id#1 ] - HttpServer.cpp:89
20260514 12:24:20.763141Z 1997349 INFO  HttpServer::onMessage - Request URL : /metrics from TcpConnection[ fd#10-id#1 ] - HttpServer.cpp:89
20260514 12:24:25.763128Z 1997349 INFO  HttpServer::onMessage - Request URL : /metrics from TcpConnection[ fd#10-id#1 ] - HttpServer.cpp:89
20260514 12:24:30.763275Z 1997349 INFO  HttpServer::onMessage - Request URL : /metrics from TcpConnection[ fd#10-id#1 ] - HttpServer.cpp:89
20260514 12:24:35.761740Z 1997349 INFO  HttpServer::onMessage - Request URL : /metrics from TcpConnection[ fd#10-id#1 ] - HttpServer.cpp:89
20260514 12:24:40.762924Z 1997349 INFO  HttpServer::onMessage - Request URL : /metrics from TcpConnection[ fd#10-id#1 ] - HttpServer.cpp:89
20260514 12:24:45.762456Z 1997349 INFO  HttpServer::onMessage - Request URL : /metrics from TcpConnection[ fd#10-id#1 ] - HttpServer.cpp:89
20260514 12:24:50.760309Z 1997349 INFO  HttpServer::onMessage - Request URL : /metrics from TcpConnection[ fd#10-id#1 ] - HttpServer.cpp:89
20260514 12:24:55.762600Z 1997349 INFO  HttpServer::onMessage - Request URL : /metrics from TcpConnection[ fd#10-id#1 ] - HttpServer.cpp:89
20260514 12:25:00.760594Z 1997349 INFO  HttpServer::onMessage - Request URL : /metrics from TcpConnection[ fd#10-id#1 ] - HttpServer.cpp:89
20260514 12:25:05.761709Z 1997349 INFO  HttpServer::onMessage - Request URL : /metrics from TcpConnection[ fd#10-id#1 ] - HttpServer.cpp:89
20260514 12:25:10.762905Z 1997349 INFO  HttpServer::onMessage - Request URL : /metrics from TcpConnection[ fd#10-id#1 ] - HttpServer.cpp:89
20260514 12:25:15.763570Z 1997349 INFO  HttpServer::onMessage - Request URL : /metrics from TcpConnection[ fd#10-id#1 ] - HttpServer.cpp:89
20260514 12:25:20.762703Z 1997349 INFO  HttpServer::onMessage - Request URL : /metrics from TcpConnection[ fd#10-id#1 ] - HttpServer.cpp:89
20260514 12:25:25.762823Z 1997349 INFO  HttpServer::onMessage - Request URL : /metrics from TcpConnection[ fd#10-id#1 ] - HttpServer.cpp:89
20260514 12:25:30.761431Z 1997349 INFO  HttpServer::onMessage - Request URL : /metrics from TcpConnection[ fd#10-id#1 ] - HttpServer.cpp:89
20260514 12:25:35.760175Z 1997349 INFO  HttpServer::onMessage - Request URL : /metrics from TcpConnection[ fd#10-id#1 ] - HttpServer.cpp:89
20260514 12:25:40.763207Z 1997349 INFO  HttpServer::onMessage - Request URL : /metrics from TcpConnection[ fd#10-id#1 ] - HttpServer.cpp:89
20260514 12:25:45.762862Z 1997349 INFO  HttpServer::onMessage - Request URL : /metrics from TcpConnection[ fd#10-id#1 ] - HttpServer.cpp:89
20260514 12:25:50.763724Z 1997349 INFO  HttpServer::onMessage - Request URL : /metrics from TcpConnection[ fd#10-id#1 ] - HttpServer.cpp:89
20260514 12:25:55.764072Z 1997349 INFO  HttpServer::onMessage - Request URL : /metrics from TcpConnection[ fd#10-id#1 ] - HttpServer.cpp:89
20260514 12:26:00.763432Z 1997349 INFO  HttpServer::onMessage - Request URL : /metrics from TcpConnection[ fd#10-id#1 ] - HttpServer.cpp:89
20260514 12:26:05.762908Z 1997349 INFO  HttpServer::onMessage - Request URL : /metrics from TcpConnection[ fd#10-id#1 ] - HttpServer.cpp:89
20260514 12:26:10.763562Z 1997349 INFO  HttpServer::onMessage - Request URL : /metrics from TcpConnection[ fd#10-id#1 ] - HttpServer.cpp:89
20260514 12:26:15.763218Z 1997349 INFO  HttpServer::onMessage - Request URL : /metrics from TcpConnection[ fd#10-id#1 ] - HttpServer.cpp:89
20260514 12:26:20.760232Z 1997349 INFO  HttpServer::onMessage - Request URL : /metrics from TcpConnection[ fd#10-id#1 ] - HttpServer.cpp:89
20260514 12:26:25.760311Z 1997349 INFO  HttpServer::onMessage - Request URL : /metrics from TcpConnection[ fd#10-id#1 ] - HttpServer.cpp:89
20260514 12:26:30.762612Z 1997349 INFO  HttpServer::onMessage - Request URL : /metrics from TcpConnection[ fd#10-id#1 ] - HttpServer.cpp:89
20260514 12:26:35.763033Z 1997349 INFO  HttpServer::onMessage - Request URL : /metrics from TcpConnection[ fd#10-id#1 ] - HttpServer.cpp:89
20260514 12:26:40.762554Z 1997349 INFO  HttpServer::onMessage - Request URL : /metrics from TcpConnection[ fd#10-id#1 ] - HttpServer.cpp:89
20260514 12:26:41.250018Z 1997263 INFO  HttpServer::OnNewConnection : Add connection [ fd#11-id#4 ] from 94.183.155.163:50384 - HttpServer.cpp:49
20260514 12:26:41.256854Z 1997349 INFO  HttpServer::onMessage - Request URL : /login from TcpConnection[ fd#11-id#4 ] - HttpServer.cpp:89
20260514 12:26:41.256997Z 1997263 INFO  TcpServer::HandleCloseInLoop - Remove connection [id#4-fd#11] - TcpServer.cpp:69
20260514 12:26:45.762735Z 1997349 INFO  HttpServer::onMessage - Request URL : /metrics from TcpConnection[ fd#10-id#1 ] - HttpServer.cpp:89
20260514 12:26:50.761881Z 1997349 INFO  HttpServer::onMessage - Request URL : /metrics from TcpConnection[ fd#10-id#1 ] - HttpServer.cpp:89
20260514 12:26:55.763486Z 1997349 INFO  HttpServer::onMessage - Request URL : /metrics from TcpConnection[ fd#10-id#1 ] - HttpServer.cpp:89
20260514 12:27:00.762316Z 1997349 INFO  HttpServer::onMessage - Request URL : /metrics from TcpConnection[ fd#10-id#1 ] - HttpServer.cpp:89
20260514 12:27:05.763532Z 1997349 INFO  HttpServer::onMessage - Request URL : /metrics from TcpConnection[ fd#10-id#1 ] - HttpServer.cpp:89
20260514 12:27:10.761607Z 1997349 INFO  HttpServer::onMessage - Request URL : /metrics from TcpConnection[ fd#10-id#1 ] - HttpServer.cpp:89
20260514 12:27:15.760762Z 1997349 INFO  HttpServer::onMessage - Request URL : /metrics from TcpConnection[ fd#10-id#1 ] - HttpServer.cpp:89
20260514 12:27:20.761479Z 1997349 INFO  HttpServer::onMessage - Request URL : /metrics from TcpConnection[ fd#10-id#1 ] - HttpServer.cpp:89
20260514 12:27:25.763124Z 1997349 INFO  HttpServer::onMessage - Request URL : /metrics from TcpConnection[ fd#10-id#1 ] - HttpServer.cpp:89
20260514 12:27:30.763308Z 1997349 INFO  HttpServer::onMessage - Request URL : /metrics from TcpConnection[ fd#10-id#1 ] - HttpServer.cpp:89
20260514 12:27:35.763030Z 1997349 INFO  HttpServer::onMessage - Request URL : /metrics from TcpConnection[ fd#10-id#1 ] - HttpServer.cpp:89
20260514 12:27:40.761781Z 1997349 INFO  HttpServer::onMessage - Request URL : /metrics from TcpConnection[ fd#10-id#1 ] - HttpServer.cpp:89
20260514 12:27:45.762939Z 1997349 INFO  HttpServer::onMessage - Request URL : /metrics from TcpConnection[ fd#10-id#1 ] - HttpServer.cpp:89
20260514 12:27:50.763704Z 1997349 INFO  HttpServer::onMessage - Request URL : /metrics from TcpConnection[ fd#10-id#1 ] - HttpServer.cpp:89
20260514 12:27:55.763211Z 1997349 INFO  HttpServer::onMessage - Request URL : /metrics from TcpConnection[ fd#10-id#1 ] - HttpServer.cpp:89
20260514 12:28:00.763286Z 1997349 INFO  HttpServer::onMessage - Request URL : /metrics from TcpConnection[ fd#10-id#1 ] - HttpServer.cpp:89
20260514 12:28:05.763302Z 1997349 INFO  HttpServer::onMessage - Request URL : /metrics from TcpConnection[ fd#10-id#1 ] - HttpServer.cpp:89
20260514 12:28:10.763663Z 1997349 INFO  HttpServer::onMessage - Request URL : /metrics from TcpConnection[ fd#10-id#1 ] - HttpServer.cpp:89
20260514 12:28:15.763714Z 1997349 INFO  HttpServer::onMessage - Request URL : /metrics from TcpConnection[ fd#10-id#1 ] - HttpServer.cpp:89
20260514 12:28:20.760556Z 1997349 INFO  HttpServer::onMessage - Request URL : /metrics from TcpConnection[ fd#10-id#1 ] - HttpServer.cpp:89
20260514 12:28:25.764144Z 1997349 INFO  HttpServer::onMessage - Request URL : /metrics from TcpConnection[ fd#10-id#1 ] - HttpServer.cpp:89
20260514 12:28:30.762186Z 1997349 INFO  HttpServer::onMessage - Request URL : /metrics from TcpConnection[ fd#10-id#1 ] - HttpServer.cpp:89
20260514 12:28:35.760754Z 1997349 INFO  HttpServer::onMessage - Request URL : /metrics from TcpConnection[ fd#10-id#1 ] - HttpServer.cpp:89
20260514 12:28:40.763377Z 1997349 INFO  HttpServer::onMessage - Request URL : /metrics from TcpConnection[ fd#10-id#1 ] - HttpServer.cpp:89
20260514 12:28:45.763224Z 1997349 INFO  HttpServer::onMessage - Request URL : /metrics from TcpConnection[ fd#10-id#1 ] - HttpServer.cpp:89
20260514 12:28:50.762889Z 1997349 INFO  HttpServer::onMessage - Request URL : /metrics from TcpConnection[ fd#10-id#1 ] - HttpServer.cpp:89
20260514 12:28:55.763352Z 1997349 INFO  HttpServer::onMessage - Request URL : /metrics from TcpConnection[ fd#10-id#1 ] - HttpServer.cpp:89
20260514 12:29:00.763246Z 1997349 INFO  HttpServer::onMessage - Request URL : /metrics from TcpConnection[ fd#10-id#1 ] - HttpServer.cpp:89
20260514 12:29:05.763202Z 1997349 INFO  HttpServer::onMessage - Request URL : /metrics from TcpConnection[ fd#10-id#1 ] - HttpServer.cpp:89
20260514 12:29:10.762661Z 1997349 INFO  HttpServer::onMessage - Request URL : /metrics from TcpConnection[ fd#10-id#1 ] - HttpServer.cpp:89
20260514 12:29:15.763112Z 1997349 INFO  HttpServer::onMessage - Request URL : /metrics from TcpConnection[ fd#10-id#1 ] - HttpServer.cpp:89
20260514 12:29:20.761530Z 1997349 INFO  HttpServer::onMessage - Request URL : /metrics from TcpConnection[ fd#10-id#1 ] - HttpServer.cpp:89
20260514 12:29:25.763270Z 1997349 INFO  HttpServer::onMessage - Request URL : /metrics from TcpConnection[ fd#10-id#1 ] - HttpServer.cpp:89
20260514 12:29:30.762240Z 1997349 INFO  HttpServer::onMessage - Request URL : /metrics from TcpConnection[ fd#10-id#1 ] - HttpServer.cpp:89
20260514 12:29:35.763128Z 1997349 INFO  HttpServer::onMessage - Request URL : /metrics from TcpConnection[ fd#10-id#1 ] - HttpServer.cpp:89
20260514 12:29:40.763331Z 1997349 INFO  HttpServer::onMessage - Request URL : /metrics from TcpConnection[ fd#10-id#1 ] - HttpServer.cpp:89
20260514 12:29:45.763031Z 1997349 INFO  HttpServer::onMessage - Request URL : /metrics from TcpConnection[ fd#10-id#1 ] - HttpServer.cpp:89
20260514 12:29:50.763304Z 1997349 INFO  HttpServer::onMessage - Request URL : /metrics from TcpConnection[ fd#10-id#1 ] - HttpServer.cpp:89
20260514 12:29:55.762291Z 1997349 INFO  HttpServer::onMessage - Request URL : /metrics from TcpConnection[ fd#10-id#1 ] - HttpServer.cpp:89
20260514 12:30:00.760196Z 1997349 INFO  HttpServer::onMessage - Request URL : /metrics from TcpConnection[ fd#10-id#1 ] - HttpServer.cpp:89
20260514 12:30:05.760320Z 1997349 INFO  HttpServer::onMessage - Request URL : /metrics from TcpConnection[ fd#10-id#1 ] - HttpServer.cpp:89
20260514 12:30:10.762983Z 1997349 INFO  HttpServer::onMessage - Request URL : /metrics from TcpConnection[ fd#10-id#1 ] - HttpServer.cpp:89
20260514 12:30:15.761262Z 1997349 INFO  HttpServer::onMessage - Request URL : /metrics from TcpConnection[ fd#10-id#1 ] - HttpServer.cpp:89
20260514 12:30:20.760554Z 1997349 INFO  HttpServer::onMessage - Request URL : /metrics from TcpConnection[ fd#10-id#1 ] - HttpServer.cpp:89
20260514 12:30:25.763189Z 1997349 INFO  HttpServer::onMessage - Request URL : /metrics from TcpConnection[ fd#10-id#1 ] - HttpServer.cpp:89
20260514 12:30:30.763922Z 1997349 INFO  HttpServer::onMessage - Request URL : /metrics from TcpConnection[ fd#10-id#1 ] - HttpServer.cpp:89
20260514 12:30:35.761297Z 1997349 INFO  HttpServer::onMessage - Request URL : /metrics from TcpConnection[ fd#10-id#1 ] - HttpServer.cpp:89
20260514 12:30:40.763538Z 1997349 INFO  HttpServer::onMessage - Request URL : /metrics from TcpConnection[ fd#10-id#1 ] - HttpServer.cpp:89
20260514 12:30:45.763891Z 1997349 INFO  HttpServer::onMessage - Request URL : /metrics from TcpConnection[ fd#10-id#1 ] - HttpServer.cpp:89
20260514 12:30:50.760605Z 1997349 INFO  HttpServer::onMessage - Request URL : /metrics from TcpConnection[ fd#10-id#1 ] - HttpServer.cpp:89
20260514 12:30:55.761143Z 1997349 INFO  HttpServer::onMessage - Request URL : /metrics from TcpConnection[ fd#10-id#1 ] - HttpServer.cpp:89
20260514 12:31:00.763342Z 1997349 INFO  HttpServer::onMessage - Request URL : /metrics from TcpConnection[ fd#10-id#1 ] - HttpServer.cpp:89
20260514 12:31:05.762061Z 1997349 INFO  HttpServer::onMessage - Request URL : /metrics from TcpConnection[ fd#10-id#1 ] - HttpServer.cpp:89
20260514 12:31:10.763326Z 1997349 INFO  HttpServer::onMessage - Request URL : /metrics from TcpConnection[ fd#10-id#1 ] - HttpServer.cpp:89
20260514 12:31:15.762863Z 1997349 INFO  HttpServer::onMessage - Request URL : /metrics from TcpConnection[ fd#10-id#1 ] - HttpServer.cpp:89
20260514 12:31:20.761830Z 1997349 INFO  HttpServer::onMessage - Request URL : /metrics from TcpConnection[ fd#10-id#1 ] - HttpServer.cpp:89
20260514 12:31:25.773560Z 1997349 INFO  HttpServer::onMessage - Request URL : /metrics from TcpConnection[ fd#10-id#1 ] - HttpServer.cpp:89
20260514 12:31:30.760136Z 1997349 INFO  HttpServer::onMessage - Request URL : /metrics from TcpConnection[ fd#10-id#1 ] - HttpServer.cpp:89
20260514 12:31:35.760828Z 1997349 INFO  HttpServer::onMessage - Request URL : /metrics from TcpConnection[ fd#10-id#1 ] - HttpServer.cpp:89
20260514 12:31:40.763258Z 1997349 INFO  HttpServer::onMessage - Request URL : /metrics from TcpConnection[ fd#10-id#1 ] - HttpServer.cpp:89
20260514 12:31:45.761785Z 1997349 INFO  HttpServer::onMessage - Request URL : /metrics from TcpConnection[ fd#10-id#1 ] - HttpServer.cpp:89
20260514 12:31:50.762080Z 1997349 INFO  HttpServer::onMessage - Request URL : /metrics from TcpConnection[ fd#10-id#1 ] - HttpServer.cpp:89
20260514 12:31:55.763494Z 1997349 INFO  HttpServer::onMessage - Request URL : /metrics from TcpConnection[ fd#10-id#1 ] - HttpServer.cpp:89
20260514 12:32:00.763930Z 1997349 INFO  HttpServer::onMessage - Request URL : /metrics from TcpConnection[ fd#10-id#1 ] - HttpServer.cpp:89
20260514 12:32:05.762787Z 1997349 INFO  HttpServer::onMessage - Request URL : /metrics from TcpConnection[ fd#10-id#1 ] - HttpServer.cpp:89
20260514 12:32:10.763544Z 1997349 INFO  HttpServer::onMessage - Request URL : /metrics from TcpConnection[ fd#10-id#1 ] - HttpServer.cpp:89
20260514 12:32:15.762251Z 1997349 INFO  HttpServer::onMessage - Request URL : /metrics from TcpConnection[ fd#10-id#1 ] - HttpServer.cpp:89
20260514 12:32:20.761781Z 1997349 INFO  HttpServer::onMessage - Request URL : /metrics from TcpConnection[ fd#10-id#1 ] - HttpServer.cpp:89
20260514 12:32:25.762001Z 1997349 INFO  HttpServer::onMessage - Request URL : /metrics from TcpConnection[ fd#10-id#1 ] - HttpServer.cpp:89
20260514 12:32:30.763288Z 1997349 INFO  HttpServer::onMessage - Request URL : /metrics from TcpConnection[ fd#10-id#1 ] - HttpServer.cpp:89
20260514 12:32:35.762946Z 1997349 INFO  HttpServer::onMessage - Request URL : /metrics from TcpConnection[ fd#10-id#1 ] - HttpServer.cpp:89
20260514 12:32:40.763051Z 1997349 INFO  HttpServer::onMessage - Request URL : /metrics from TcpConnection[ fd#10-id#1 ] - HttpServer.cpp:89
20260514 12:32:45.762868Z 1997349 INFO  HttpServer::onMessage - Request URL : /metrics from TcpConnection[ fd#10-id#1 ] - HttpServer.cpp:89
20260514 12:32:50.761440Z 1997349 INFO  HttpServer::onMessage - Request URL : /metrics from TcpConnection[ fd#10-id#1 ] - HttpServer.cpp:89
20260514 12:32:55.761834Z 1997349 INFO  HttpServer::onMessage - Request URL : /metrics from TcpConnection[ fd#10-id#1 ] - HttpServer.cpp:89
20260514 12:33:00.763263Z 1997349 INFO  HttpServer::onMessage - Request URL : /metrics from TcpConnection[ fd#10-id#1 ] - HttpServer.cpp:89
20260514 12:33:05.763148Z 1997349 INFO  HttpServer::onMessage - Request URL : /metrics from TcpConnection[ fd#10-id#1 ] - HttpServer.cpp:89
20260514 12:33:10.762629Z 1997349 INFO  HttpServer::onMessage - Request URL : /metrics from TcpConnection[ fd#10-id#1 ] - HttpServer.cpp:89
20260514 12:33:15.760439Z 1997349 INFO  HttpServer::onMessage - Request URL : /metrics from TcpConnection[ fd#10-id#1 ] - HttpServer.cpp:89
20260514 12:33:20.761845Z 1997349 INFO  HttpServer::onMessage - Request URL : /metrics from TcpConnection[ fd#10-id#1 ] - HttpServer.cpp:89
20260514 12:33:25.760875Z 1997349 INFO  HttpServer::onMessage - Request URL : /metrics from TcpConnection[ fd#10-id#1 ] - HttpServer.cpp:89
20260514 12:33:30.761066Z 1997349 INFO  HttpServer::onMessage - Request URL : /metrics from TcpConnection[ fd#10-id#1 ] - HttpServer.cpp:89
20260514 12:33:35.763486Z 1997349 INFO  HttpServer::onMessage - Request URL : /metrics from TcpConnection[ fd#10-id#1 ] - HttpServer.cpp:89
20260514 12:33:40.763326Z 1997349 INFO  HttpServer::onMessage - Request URL : /metrics from TcpConnection[ fd#10-id#1 ] - HttpServer.cpp:89
20260514 12:33:45.762504Z 1997349 INFO  HttpServer::onMessage - Request URL : /metrics from TcpConnection[ fd#10-id#1 ] - HttpServer.cpp:89
20260514 12:33:50.762734Z 1997349 INFO  HttpServer::onMessage - Request URL : /metrics from TcpConnection[ fd#10-id#1 ] - HttpServer.cpp:89
20260514 12:33:55.763214Z 1997349 INFO  HttpServer::onMessage - Request URL : /metrics from TcpConnection[ fd#10-id#1 ] - HttpServer.cpp:89
20260514 12:34:00.763618Z 1997349 INFO  HttpServer::onMessage - Request URL : /metrics from TcpConnection[ fd#10-id#1 ] - HttpServer.cpp:89
20260514 12:34:05.762482Z 1997349 INFO  HttpServer::onMessage - Request URL : /metrics from TcpConnection[ fd#10-id#1 ] - HttpServer.cpp:89
20260514 12:34:10.760182Z 1997349 INFO  HttpServer::onMessage - Request URL : /metrics from TcpConnection[ fd#10-id#1 ] - HttpServer.cpp:89
20260514 12:34:15.762993Z 1997349 INFO  HttpServer::onMessage - Request URL : /metrics from TcpConnection[ fd#10-id#1 ] - HttpServer.cpp:89
20260514 12:34:20.763497Z 1997349 INFO  HttpServer::onMessage - Request URL : /metrics from TcpConnection[ fd#10-id#1 ] - HttpServer.cpp:89
20260514 12:34:25.760235Z 1997349 INFO  HttpServer::onMessage - Request URL : /metrics from TcpConnection[ fd#10-id#1 ] - HttpServer.cpp:89
20260514 12:34:30.762389Z 1997349 INFO  HttpServer::onMessage - Request URL : /metrics from TcpConnection[ fd#10-id#1 ] - HttpServer.cpp:89
20260514 12:34:35.763330Z 1997349 INFO  HttpServer::onMessage - Request URL : /metrics from TcpConnection[ fd#10-id#1 ] - HttpServer.cpp:89
20260514 12:34:40.761802Z 1997349 INFO  HttpServer::onMessage - Request URL : /metrics from TcpConnection[ fd#10-id#1 ] - HttpServer.cpp:89
20260514 12:34:45.761402Z 1997349 INFO  HttpServer::onMessage - Request URL : /metrics from TcpConnection[ fd#10-id#1 ] - HttpServer.cpp:89
20260514 12:34:50.763216Z 1997349 INFO  HttpServer::onMessage - Request URL : /metrics from TcpConnection[ fd#10-id#1 ] - HttpServer.cpp:89
20260514 12:34:55.760221Z 1997349 INFO  HttpServer::onMessage - Request URL : /metrics from TcpConnection[ fd#10-id#1 ] - HttpServer.cpp:89
20260514 12:35:00.761736Z 1997349 INFO  HttpServer::onMessage - Request URL : /metrics from TcpConnection[ fd#10-id#1 ] - HttpServer.cpp:89
20260514 12:35:05.761271Z 1997349 INFO  HttpServer::onMessage - Request URL : /metrics from TcpConnection[ fd#10-id#1 ] - HttpServer.cpp:89
20260514 12:35:10.763425Z 1997349 INFO  HttpServer::onMessage - Request URL : /metrics from TcpConnection[ fd#10-id#1 ] - HttpServer.cpp:89
20260514 12:35:15.762693Z 1997349 INFO  HttpServer::onMessage - Request URL : /metrics from TcpConnection[ fd#10-id#1 ] - HttpServer.cpp:89
20260514 12:35:20.762817Z 1997349 INFO  HttpServer::onMessage - Request URL : /metrics from TcpConnection[ fd#10-id#1 ] - HttpServer.cpp:89
20260514 12:35:25.761179Z 1997349 INFO  HttpServer::onMessage - Request URL : /metrics from TcpConnection[ fd#10-id#1 ] - HttpServer.cpp:89
20260514 12:35:30.763305Z 1997349 INFO  HttpServer::onMessage - Request URL : /metrics from TcpConnection[ fd#10-id#1 ] - HttpServer.cpp:89
20260514 12:35:35.762265Z 1997349 INFO  HttpServer::onMessage - Request URL : /metrics from TcpConnection[ fd#10-id#1 ] - HttpServer.cpp:89
20260514 12:35:40.762770Z 1997349 INFO  HttpServer::onMessage - Request URL : /metrics from TcpConnection[ fd#10-id#1 ] - HttpServer.cpp:89
20260514 12:35:45.762487Z 1997349 INFO  HttpServer::onMessage - Request URL : /metrics from TcpConnection[ fd#10-id#1 ] - HttpServer.cpp:89
20260514 12:35:50.762845Z 1997349 INFO  HttpServer::onMessage - Request URL : /metrics from TcpConnection[ fd#10-id#1 ] - HttpServer.cpp:89
20260514 12:35:55.761509Z 1997349 INFO  HttpServer::onMessage - Request URL : /metrics from TcpConnection[ fd#10-id#1 ] - HttpServer.cpp:89
20260514 12:36:00.762036Z 1997349 INFO  HttpServer::onMessage - Request URL : /metrics from TcpConnection[ fd#10-id#1 ] - HttpServer.cpp:89
20260514 12:36:05.763136Z 1997349 INFO  HttpServer::onMessage - Request URL : /metrics from TcpConnection[ fd#10-id#1 ] - HttpServer.cpp:89
20260514 12:36:10.763129Z 1997349 INFO  HttpServer::onMessage - Request URL : /metrics from TcpConnection[ fd#10-id#1 ] - HttpServer.cpp:89
20260514 12:36:15.763399Z 1997349 INFO  HttpServer::onMessage - Request URL : /metrics from TcpConnection[ fd#10-id#1 ] - HttpServer.cpp:89
20260514 12:36:20.763827Z 1997349 INFO  HttpServer::onMessage - Request URL : /metrics from TcpConnection[ fd#10-id#1 ] - HttpServer.cpp:89
20260514 12:36:25.760840Z 1997349 INFO  HttpServer::onMessage - Request URL : /metrics from TcpConnection[ fd#10-id#1 ] - HttpServer.cpp:89
20260514 12:36:30.760214Z 1997349 INFO  HttpServer::onMessage - Request URL : /metrics from TcpConnection[ fd#10-id#1 ] - HttpServer.cpp:89
20260514 12:36:35.760511Z 1997349 INFO  HttpServer::onMessage - Request URL : /metrics from TcpConnection[ fd#10-id#1 ] - HttpServer.cpp:89
20260514 12:36:40.763013Z 1997349 INFO  HttpServer::onMessage - Request URL : /metrics from TcpConnection[ fd#10-id#1 ] - HttpServer.cpp:89
20260514 12:36:45.760940Z 1997349 INFO  HttpServer::onMessage - Request URL : /metrics from TcpConnection[ fd#10-id#1 ] - HttpServer.cpp:89
20260514 12:36:50.763482Z 1997349 INFO  HttpServer::onMessage - Request URL : /metrics from TcpConnection[ fd#10-id#1 ] - HttpServer.cpp:89
20260514 12:36:55.763392Z 1997349 INFO  HttpServer::onMessage - Request URL : /metrics from TcpConnection[ fd#10-id#1 ] - HttpServer.cpp:89
20260514 12:37:00.761324Z 1997349 INFO  HttpServer::onMessage - Request URL : /metrics from TcpConnection[ fd#10-id#1 ] - HttpServer.cpp:89
20260514 12:37:05.760421Z 1997349 INFO  HttpServer::onMessage - Request URL : /metrics from TcpConnection[ fd#10-id#1 ] - HttpServer.cpp:89
20260514 12:37:10.763780Z 1997349 INFO  HttpServer::onMessage - Request URL : /metrics from TcpConnection[ fd#10-id#1 ] - HttpServer.cpp:89
20260514 12:37:15.762650Z 1997349 INFO  HttpServer::onMessage - Request URL : /metrics from TcpConnection[ fd#10-id#1 ] - HttpServer.cpp:89
20260514 12:37:20.763246Z 1997349 INFO  HttpServer::onMessage - Request URL : /metrics from TcpConnection[ fd#10-id#1 ] - HttpServer.cpp:89
20260514 12:37:25.763817Z 1997349 INFO  HttpServer::onMessage - Request URL : /metrics from TcpConnection[ fd#10-id#1 ] - HttpServer.cpp:89
20260514 12:37:30.761004Z 1997349 INFO  HttpServer::onMessage - Request URL : /metrics from TcpConnection[ fd#10-id#1 ] - HttpServer.cpp:89
20260514 12:37:35.761924Z 1997349 INFO  HttpServer::onMessage - Request URL : /metrics from TcpConnection[ fd#10-id#1 ] - HttpServer.cpp:89
20260514 12:37:40.763663Z 1997349 INFO  HttpServer::onMessage - Request URL : /metrics from TcpConnection[ fd#10-id#1 ] - HttpServer.cpp:89
20260514 12:37:45.760648Z 1997349 INFO  HttpServer::onMessage - Request URL : /metrics from TcpConnection[ fd#10-id#1 ] - HttpServer.cpp:89
20260514 12:37:50.763417Z 1997349 INFO  HttpServer::onMessage - Request URL : /metrics from TcpConnection[ fd#10-id#1 ] - HttpServer.cpp:89
20260514 12:37:55.761676Z 1997349 INFO  HttpServer::onMessage - Request URL : /metrics from TcpConnection[ fd#10-id#1 ] - HttpServer.cpp:89
20260514 12:38:00.760376Z 1997349 INFO  HttpServer::onMessage - Request URL : /metrics from TcpConnection[ fd#10-id#1 ] - HttpServer.cpp:89
20260514 12:38:05.760845Z 1997349 INFO  HttpServer::onMessage - Request URL : /metrics from TcpConnection[ fd#10-id#1 ] - HttpServer.cpp:89
20260514 12:38:10.760607Z 1997349 INFO  HttpServer::onMessage - Request URL : /metrics from TcpConnection[ fd#10-id#1 ] - HttpServer.cpp:89
20260514 12:38:15.761334Z 1997349 INFO  HttpServer::onMessage - Request URL : /metrics from TcpConnection[ fd#10-id#1 ] - HttpServer.cpp:89
20260514 12:38:20.760262Z 1997349 INFO  HttpServer::onMessage - Request URL : /metrics from TcpConnection[ fd#10-id#1 ] - HttpServer.cpp:89
20260514 12:38:25.760548Z 1997349 INFO  HttpServer::onMessage - Request URL : /metrics from TcpConnection[ fd#10-id#1 ] - HttpServer.cpp:89
20260514 12:38:30.763334Z 1997349 INFO  HttpServer::onMessage - Request URL : /metrics from TcpConnection[ fd#10-id#1 ] - HttpServer.cpp:89
20260514 12:38:35.760947Z 1997349 INFO  HttpServer::onMessage - Request URL : /metrics from TcpConnection[ fd#10-id#1 ] - HttpServer.cpp:89
20260514 12:38:40.760988Z 1997349 INFO  HttpServer::onMessage - Request URL : /metrics from TcpConnection[ fd#10-id#1 ] - HttpServer.cpp:89
20260514 12:38:45.763326Z 1997349 INFO  HttpServer::onMessage - Request URL : /metrics from TcpConnection[ fd#10-id#1 ] - HttpServer.cpp:89
20260514 12:38:50.763332Z 1997349 INFO  HttpServer::onMessage - Request URL : /metrics from TcpConnection[ fd#10-id#1 ] - HttpServer.cpp:89
20260514 12:38:55.760958Z 1997349 INFO  HttpServer::onMessage - Request URL : /metrics from TcpConnection[ fd#10-id#1 ] - HttpServer.cpp:89
20260514 12:39:00.762436Z 1997349 INFO  HttpServer::onMessage - Request URL : /metrics from TcpConnection[ fd#10-id#1 ] - HttpServer.cpp:89
20260514 12:39:05.763474Z 1997349 INFO  HttpServer::onMessage - Request URL : /metrics from TcpConnection[ fd#10-id#1 ] - HttpServer.cpp:89
20260514 12:39:10.763463Z 1997349 INFO  HttpServer::onMessage - Request URL : /metrics from TcpConnection[ fd#10-id#1 ] - HttpServer.cpp:89
20260514 12:39:15.761663Z 1997349 INFO  HttpServer::onMessage - Request URL : /metrics from TcpConnection[ fd#10-id#1 ] - HttpServer.cpp:89
20260514 12:39:20.761767Z 1997349 INFO  HttpServer::onMessage - Request URL : /metrics from TcpConnection[ fd#10-id#1 ] - HttpServer.cpp:89
20260514 12:39:25.761918Z 1997349 INFO  HttpServer::onMessage - Request URL : /metrics from TcpConnection[ fd#10-id#1 ] - HttpServer.cpp:89
20260514 12:39:30.763537Z 1997349 INFO  HttpServer::onMessage - Request URL : /metrics from TcpConnection[ fd#10-id#1 ] - HttpServer.cpp:89
20260514 12:39:35.763917Z 1997349 INFO  HttpServer::onMessage - Request URL : /metrics from TcpConnection[ fd#10-id#1 ] - HttpServer.cpp:89
20260514 12:39:40.760329Z 1997349 INFO  HttpServer::onMessage - Request URL : /metrics from TcpConnection[ fd#10-id#1 ] - HttpServer.cpp:89
20260514 12:39:45.762858Z 1997349 INFO  HttpServer::onMessage - Request URL : /metrics from TcpConnection[ fd#10-id#1 ] - HttpServer.cpp:89
20260514 12:39:50.762620Z 1997349 INFO  HttpServer::onMessage - Request URL : /metrics from TcpConnection[ fd#10-id#1 ] - HttpServer.cpp:89
20260514 12:39:55.762857Z 1997349 INFO  HttpServer::onMessage - Request URL : /metrics from TcpConnection[ fd#10-id#1 ] - HttpServer.cpp:89
20260514 12:40:00.763603Z 1997349 INFO  HttpServer::onMessage - Request URL : /metrics from TcpConnection[ fd#10-id#1 ] - HttpServer.cpp:89
20260514 12:40:05.764004Z 1997349 INFO  HttpServer::onMessage - Request URL : /metrics from TcpConnection[ fd#10-id#1 ] - HttpServer.cpp:89
20260514 12:40:10.763302Z 1997349 INFO  HttpServer::onMessage - Request URL : /metrics from TcpConnection[ fd#10-id#1 ] - HttpServer.cpp:89
20260514 12:40:15.762926Z 1997349 INFO  HttpServer::onMessage - Request URL : /metrics from TcpConnection[ fd#10-id#1 ] - HttpServer.cpp:89
20260514 12:40:20.760142Z 1997349 INFO  HttpServer::onMessage - Request URL : /metrics from TcpConnection[ fd#10-id#1 ] - HttpServer.cpp:89
20260514 12:40:25.760170Z 1997349 INFO  HttpServer::onMessage - Request URL : /metrics from TcpConnection[ fd#10-id#1 ] - HttpServer.cpp:89
20260514 12:40:30.760297Z 1997349 INFO  HttpServer::onMessage - Request URL : /metrics from TcpConnection[ fd#10-id#1 ] - HttpServer.cpp:89
20260514 12:40:35.760325Z 1997349 INFO  HttpServer::onMessage - Request URL : /metrics from TcpConnection[ fd#10-id#1 ] - HttpServer.cpp:89
20260514 12:40:40.762145Z 1997349 INFO  HttpServer::onMessage - Request URL : /metrics from TcpConnection[ fd#10-id#1 ] - HttpServer.cpp:89
20260514 12:40:45.760165Z 1997349 INFO  HttpServer::onMessage - Request URL : /metrics from TcpConnection[ fd#10-id#1 ] - HttpServer.cpp:89
20260514 12:40:50.763556Z 1997349 INFO  HttpServer::onMessage - Request URL : /metrics from TcpConnection[ fd#10-id#1 ] - HttpServer.cpp:89
20260514 12:40:55.763213Z 1997349 INFO  HttpServer::onMessage - Request URL : /metrics from TcpConnection[ fd#10-id#1 ] - HttpServer.cpp:89
20260514 12:41:00.763045Z 1997349 INFO  HttpServer::onMessage - Request URL : /metrics from TcpConnection[ fd#10-id#1 ] - HttpServer.cpp:89
20260514 12:41:05.760151Z 1997349 INFO  HttpServer::onMessage - Request URL : /metrics from TcpConnection[ fd#10-id#1 ] - HttpServer.cpp:89
20260514 12:41:10.763474Z 1997349 INFO  HttpServer::onMessage - Request URL : /metrics from TcpConnection[ fd#10-id#1 ] - HttpServer.cpp:89
20260514 12:41:15.760383Z 1997349 INFO  HttpServer::onMessage - Request URL : /metrics from TcpConnection[ fd#10-id#1 ] - HttpServer.cpp:89
20260514 12:41:20.761779Z 1997349 INFO  HttpServer::onMessage - Request URL : /metrics from TcpConnection[ fd#10-id#1 ] - HttpServer.cpp:89
20260514 12:41:25.760603Z 1997349 INFO  HttpServer::onMessage - Request URL : /metrics from TcpConnection[ fd#10-id#1 ] - HttpServer.cpp:89
20260514 12:41:30.762863Z 1997349 INFO  HttpServer::onMessage - Request URL : /metrics from TcpConnection[ fd#10-id#1 ] - HttpServer.cpp:89
20260514 12:41:35.761533Z 1997349 INFO  HttpServer::onMessage - Request URL : /metrics from TcpConnection[ fd#10-id#1 ] - HttpServer.cpp:89
20260514 12:41:40.761875Z 1997349 INFO  HttpServer::onMessage - Request URL : /metrics from TcpConnection[ fd#10-id#1 ] - HttpServer.cpp:89
20260514 12:41:45.760350Z 1997349 INFO  HttpServer::onMessage - Request URL : /metrics from TcpConnection[ fd#10-id#1 ] - HttpServer.cpp:89
20260514 12:41:50.762955Z 1997349 INFO  HttpServer::onMessage - Request URL : /metrics from TcpConnection[ fd#10-id#1 ] - HttpServer.cpp:89
20260514 12:41:55.761136Z 1997349 INFO  HttpServer::onMessage - Request URL : /metrics from TcpConnection[ fd#10-id#1 ] - HttpServer.cpp:89
20260514 12:42:00.763756Z 1997349 INFO  HttpServer::onMessage - Request URL : /metrics from TcpConnection[ fd#10-id#1 ] - HttpServer.cpp:89
20260514 12:42:05.763412Z 1997349 INFO  HttpServer::onMessage - Request URL : /metrics from TcpConnection[ fd#10-id#1 ] - HttpServer.cpp:89
20260514 12:42:10.760496Z 1997349 INFO  HttpServer::onMessage - Request URL : /metrics from TcpConnection[ fd#10-id#1 ] - HttpServer.cpp:89
20260514 12:42:15.760671Z 1997349 INFO  HttpServer::onMessage - Request URL : /metrics from TcpConnection[ fd#10-id#1 ] - HttpServer.cpp:89
20260514 12:42:20.763432Z 1997349 INFO  HttpServer::onMessage - Request URL : /metrics from TcpConnection[ fd#10-id#1 ] - HttpServer.cpp:89
20260514 12:42:25.763415Z 1997349 INFO  HttpServer::onMessage - Request URL : /metrics from TcpConnection[ fd#10-id#1 ] - HttpServer.cpp:89
20260514 12:42:30.760462Z 1997349 INFO  HttpServer::onMessage - Request URL : /metrics from TcpConnection[ fd#10-id#1 ] - HttpServer.cpp:89
20260514 12:42:35.762909Z 1997349 INFO  HttpServer::onMessage - Request URL : /metrics from TcpConnection[ fd#10-id#1 ] - HttpServer.cpp:89
20260514 12:42:40.762492Z 1997349 INFO  HttpServer::onMessage - Request URL : /metrics from TcpConnection[ fd#10-id#1 ] - HttpServer.cpp:89
20260514 12:42:45.763641Z 1997349 INFO  HttpServer::onMessage - Request URL : /metrics from TcpConnection[ fd#10-id#1 ] - HttpServer.cpp:89
20260514 12:42:50.763905Z 1997349 INFO  HttpServer::onMessage - Request URL : /metrics from TcpConnection[ fd#10-id#1 ] - HttpServer.cpp:89
20260514 12:42:55.760720Z 1997349 INFO  HttpServer::onMessage - Request URL : /metrics from TcpConnection[ fd#10-id#1 ] - HttpServer.cpp:89
20260514 12:43:00.760833Z 1997349 INFO  HttpServer::onMessage - Request URL : /metrics from TcpConnection[ fd#10-id#1 ] - HttpServer.cpp:89
20260514 12:43:05.760186Z 1997349 INFO  HttpServer::onMessage - Request URL : /metrics from TcpConnection[ fd#10-id#1 ] - HttpServer.cpp:89
20260514 12:43:10.761464Z 1997349 INFO  HttpServer::onMessage - Request URL : /metrics from TcpConnection[ fd#10-id#1 ] - HttpServer.cpp:89
20260514 12:43:15.760171Z 1997349 INFO  HttpServer::onMessage - Request URL : /metrics from TcpConnection[ fd#10-id#1 ] - HttpServer.cpp:89
20260514 12:43:20.762178Z 1997349 INFO  HttpServer::onMessage - Request URL : /metrics from TcpConnection[ fd#10-id#1 ] - HttpServer.cpp:89
20260514 12:43:25.763626Z 1997349 INFO  HttpServer::onMessage - Request URL : /metrics from TcpConnection[ fd#10-id#1 ] - HttpServer.cpp:89
20260514 12:43:30.763774Z 1997349 INFO  HttpServer::onMessage - Request URL : /metrics from TcpConnection[ fd#10-id#1 ] - HttpServer.cpp:89
20260514 12:43:35.763362Z 1997349 INFO  HttpServer::onMessage - Request URL : /metrics from TcpConnection[ fd#10-id#1 ] - HttpServer.cpp:89
20260514 12:43:40.763227Z 1997349 INFO  HttpServer::onMessage - Request URL : /metrics from TcpConnection[ fd#10-id#1 ] - HttpServer.cpp:89
20260514 12:43:45.761735Z 1997349 INFO  HttpServer::onMessage - Request URL : /metrics from TcpConnection[ fd#10-id#1 ] - HttpServer.cpp:89
20260514 12:43:50.762919Z 1997349 INFO  HttpServer::onMessage - Request URL : /metrics from TcpConnection[ fd#10-id#1 ] - HttpServer.cpp:89
20260514 12:43:55.760865Z 1997349 INFO  HttpServer::onMessage - Request URL : /metrics from TcpConnection[ fd#10-id#1 ] - HttpServer.cpp:89
20260514 12:44:00.762747Z 1997349 INFO  HttpServer::onMessage - Request URL : /metrics from TcpConnection[ fd#10-id#1 ] - HttpServer.cpp:89
20260514 12:44:05.763324Z 1997349 INFO  HttpServer::onMessage - Request URL : /metrics from TcpConnection[ fd#10-id#1 ] - HttpServer.cpp:89
20260514 12:44:10.762823Z 1997349 INFO  HttpServer::onMessage - Request URL : /metrics from TcpConnection[ fd#10-id#1 ] - HttpServer.cpp:89
20260514 12:44:15.761022Z 1997349 INFO  HttpServer::onMessage - Request URL : /metrics from TcpConnection[ fd#10-id#1 ] - HttpServer.cpp:89
20260514 12:44:20.763413Z 1997349 INFO  HttpServer::onMessage - Request URL : /metrics from TcpConnection[ fd#10-id#1 ] - HttpServer.cpp:89
20260514 12:44:25.760903Z 1997349 INFO  HttpServer::onMessage - Request URL : /metrics from TcpConnection[ fd#10-id#1 ] - HttpServer.cpp:89
20260514 12:44:30.760215Z 1997349 INFO  HttpServer::onMessage - Request URL : /metrics from TcpConnection[ fd#10-id#1 ] - HttpServer.cpp:89
20260514 12:44:35.763489Z 1997349 INFO  HttpServer::onMessage - Request URL : /metrics from TcpConnection[ fd#10-id#1 ] - HttpServer.cpp:89
20260514 12:44:40.762548Z 1997349 INFO  HttpServer::onMessage - Request URL : /metrics from TcpConnection[ fd#10-id#1 ] - HttpServer.cpp:89
20260514 12:44:45.761512Z 1997349 INFO  HttpServer::onMessage - Request URL : /metrics from TcpConnection[ fd#10-id#1 ] - HttpServer.cpp:89
20260514 12:44:50.762905Z 1997349 INFO  HttpServer::onMessage - Request URL : /metrics from TcpConnection[ fd#10-id#1 ] - HttpServer.cpp:89
20260514 12:44:55.762545Z 1997349 INFO  HttpServer::onMessage - Request URL : /metrics from TcpConnection[ fd#10-id#1 ] - HttpServer.cpp:89
20260514 12:45:00.762060Z 1997349 INFO  HttpServer::onMessage - Request URL : /metrics from TcpConnection[ fd#10-id#1 ] - HttpServer.cpp:89
20260514 12:45:05.762682Z 1997349 INFO  HttpServer::onMessage - Request URL : /metrics from TcpConnection[ fd#10-id#1 ] - HttpServer.cpp:89
20260514 12:45:10.761118Z 1997349 INFO  HttpServer::onMessage - Request URL : /metrics from TcpConnection[ fd#10-id#1 ] - HttpServer.cpp:89
20260514 12:45:15.763029Z 1997349 INFO  HttpServer::onMessage - Request URL : /metrics from TcpConnection[ fd#10-id#1 ] - HttpServer.cpp:89
20260514 12:45:20.763465Z 1997349 INFO  HttpServer::onMessage - Request URL : /metrics from TcpConnection[ fd#10-id#1 ] - HttpServer.cpp:89
20260514 12:45:25.762118Z 1997349 INFO  HttpServer::onMessage - Request URL : /metrics from TcpConnection[ fd#10-id#1 ] - HttpServer.cpp:89
20260514 12:45:30.760325Z 1997349 INFO  HttpServer::onMessage - Request URL : /metrics from TcpConnection[ fd#10-id#1 ] - HttpServer.cpp:89
20260514 12:45:35.762366Z 1997349 INFO  HttpServer::onMessage - Request URL : /metrics from TcpConnection[ fd#10-id#1 ] - HttpServer.cpp:89
20260514 12:45:40.762571Z 1997349 INFO  HttpServer::onMessage - Request URL : /metrics from TcpConnection[ fd#10-id#1 ] - HttpServer.cpp:89
20260514 12:45:45.762390Z 1997349 INFO  HttpServer::onMessage - Request URL : /metrics from TcpConnection[ fd#10-id#1 ] - HttpServer.cpp:89
20260514 12:45:50.761516Z 1997349 INFO  HttpServer::onMessage - Request URL : /metrics from TcpConnection[ fd#10-id#1 ] - HttpServer.cpp:89
20260514 12:45:55.762682Z 1997349 INFO  HttpServer::onMessage - Request URL : /metrics from TcpConnection[ fd#10-id#1 ] - HttpServer.cpp:89
20260514 12:46:00.763407Z 1997349 INFO  HttpServer::onMessage - Request URL : /metrics from TcpConnection[ fd#10-id#1 ] - HttpServer.cpp:89
20260514 12:46:05.762723Z 1997349 INFO  HttpServer::onMessage - Request URL : /metrics from TcpConnection[ fd#10-id#1 ] - HttpServer.cpp:89
20260514 12:46:10.762463Z 1997349 INFO  HttpServer::onMessage - Request URL : /metrics from TcpConnection[ fd#10-id#1 ] - HttpServer.cpp:89
20260514 12:46:15.763011Z 1997349 INFO  HttpServer::onMessage - Request URL : /metrics from TcpConnection[ fd#10-id#1 ] - HttpServer.cpp:89
20260514 12:46:20.763131Z 1997349 INFO  HttpServer::onMessage - Request URL : /metrics from TcpConnection[ fd#10-id#1 ] - HttpServer.cpp:89
20260514 12:46:25.761469Z 1997349 INFO  HttpServer::onMessage - Request URL : /metrics from TcpConnection[ fd#10-id#1 ] - HttpServer.cpp:89
20260514 12:46:30.762399Z 1997349 INFO  HttpServer::onMessage - Request URL : /metrics from TcpConnection[ fd#10-id#1 ] - HttpServer.cpp:89
20260514 12:46:35.762166Z 1997349 INFO  HttpServer::onMessage - Request URL : /metrics from TcpConnection[ fd#10-id#1 ] - HttpServer.cpp:89
20260514 12:46:40.761399Z 1997349 INFO  HttpServer::onMessage - Request URL : /metrics from TcpConnection[ fd#10-id#1 ] - HttpServer.cpp:89
20260514 12:46:45.763274Z 1997349 INFO  HttpServer::onMessage - Request URL : /metrics from TcpConnection[ fd#10-id#1 ] - HttpServer.cpp:89
20260514 12:46:50.763625Z 1997349 INFO  HttpServer::onMessage - Request URL : /metrics from TcpConnection[ fd#10-id#1 ] - HttpServer.cpp:89
20260514 12:46:55.761709Z 1997349 INFO  HttpServer::onMessage - Request URL : /metrics from TcpConnection[ fd#10-id#1 ] - HttpServer.cpp:89
20260514 12:47:00.763466Z 1997349 INFO  HttpServer::onMessage - Request URL : /metrics from TcpConnection[ fd#10-id#1 ] - HttpServer.cpp:89
20260514 12:47:05.760398Z 1997349 INFO  HttpServer::onMessage - Request URL : /metrics from TcpConnection[ fd#10-id#1 ] - HttpServer.cpp:89
20260514 12:47:10.760559Z 1997349 INFO  HttpServer::onMessage - Request URL : /metrics from TcpConnection[ fd#10-id#1 ] - HttpServer.cpp:89
20260514 12:47:15.760230Z 1997349 INFO  HttpServer::onMessage - Request URL : /metrics from TcpConnection[ fd#10-id#1 ] - HttpServer.cpp:89
20260514 12:47:20.763403Z 1997349 INFO  HttpServer::onMessage - Request URL : /metrics from TcpConnection[ fd#10-id#1 ] - HttpServer.cpp:89
20260514 12:47:25.763786Z 1997349 INFO  HttpServer::onMessage - Request URL : /metrics from TcpConnection[ fd#10-id#1 ] - HttpServer.cpp:89
20260514 12:47:30.763304Z 1997349 INFO  HttpServer::onMessage - Request URL : /metrics from TcpConnection[ fd#10-id#1 ] - HttpServer.cpp:89
20260514 12:47:35.764082Z 1997349 INFO  HttpServer::onMessage - Request URL : /metrics from TcpConnection[ fd#10-id#1 ] - HttpServer.cpp:89
20260514 12:47:40.763481Z 1997349 INFO  HttpServer::onMessage - Request URL : /metrics from TcpConnection[ fd#10-id#1 ] - HttpServer.cpp:89
20260514 12:47:45.762863Z 1997349 INFO  HttpServer::onMessage - Request URL : /metrics from TcpConnection[ fd#10-id#1 ] - HttpServer.cpp:89
20260514 12:47:50.763394Z 1997349 INFO  HttpServer::onMessage - Request URL : /metrics from TcpConnection[ fd#10-id#1 ] - HttpServer.cpp:89
20260514 12:47:55.763233Z 1997349 INFO  HttpServer::onMessage - Request URL : /metrics from TcpConnection[ fd#10-id#1 ] - HttpServer.cpp:89
20260514 12:48:00.763271Z 1997349 INFO  HttpServer::onMessage - Request URL : /metrics from TcpConnection[ fd#10-id#1 ] - HttpServer.cpp:89
20260514 12:48:05.761261Z 1997349 INFO  HttpServer::onMessage - Request URL : /metrics from TcpConnection[ fd#10-id#1 ] - HttpServer.cpp:89
20260514 12:48:10.763645Z 1997349 INFO  HttpServer::onMessage - Request URL : /metrics from TcpConnection[ fd#10-id#1 ] - HttpServer.cpp:89
20260514 12:48:15.762308Z 1997349 INFO  HttpServer::onMessage - Request URL : /metrics from TcpConnection[ fd#10-id#1 ] - HttpServer.cpp:89
20260514 12:48:20.763453Z 1997349 INFO  HttpServer::onMessage - Request URL : /metrics from TcpConnection[ fd#10-id#1 ] - HttpServer.cpp:89
20260514 12:48:25.763728Z 1997349 INFO  HttpServer::onMessage - Request URL : /metrics from TcpConnection[ fd#10-id#1 ] - HttpServer.cpp:89
20260514 12:48:30.761062Z 1997349 INFO  HttpServer::onMessage - Request URL : /metrics from TcpConnection[ fd#10-id#1 ] - HttpServer.cpp:89
20260514 12:48:35.760213Z 1997349 INFO  HttpServer::onMessage - Request URL : /metrics from TcpConnection[ fd#10-id#1 ] - HttpServer.cpp:89
20260514 12:48:40.763482Z 1997349 INFO  HttpServer::onMessage - Request URL : /metrics from TcpConnection[ fd#10-id#1 ] - HttpServer.cpp:89
20260514 12:48:45.763333Z 1997349 INFO  HttpServer::onMessage - Request URL : /metrics from TcpConnection[ fd#10-id#1 ] - HttpServer.cpp:89
20260514 12:48:50.760150Z 1997349 INFO  HttpServer::onMessage - Request URL : /metrics from TcpConnection[ fd#10-id#1 ] - HttpServer.cpp:89
20260514 12:48:55.763773Z 1997349 INFO  HttpServer::onMessage - Request URL : /metrics from TcpConnection[ fd#10-id#1 ] - HttpServer.cpp:89
20260514 12:49:00.762713Z 1997349 INFO  HttpServer::onMessage - Request URL : /metrics from TcpConnection[ fd#10-id#1 ] - HttpServer.cpp:89
20260514 12:49:05.762455Z 1997349 INFO  HttpServer::onMessage - Request URL : /metrics from TcpConnection[ fd#10-id#1 ] - HttpServer.cpp:89
20260514 12:49:10.762521Z 1997349 INFO  HttpServer::onMessage - Request URL : /metrics from TcpConnection[ fd#10-id#1 ] - HttpServer.cpp:89
20260514 12:49:15.763456Z 1997349 INFO  HttpServer::onMessage - Request URL : /metrics from TcpConnection[ fd#10-id#1 ] - HttpServer.cpp:89
20260514 12:49:20.763338Z 1997349 INFO  HttpServer::onMessage - Request URL : /metrics from TcpConnection[ fd#10-id#1 ] - HttpServer.cpp:89
20260514 12:49:25.763364Z 1997349 INFO  HttpServer::onMessage - Request URL : /metrics from TcpConnection[ fd#10-id#1 ] - HttpServer.cpp:89
20260514 12:49:30.761848Z 1997349 INFO  HttpServer::onMessage - Request URL : /metrics from TcpConnection[ fd#10-id#1 ] - HttpServer.cpp:89
20260514 12:49:35.761734Z 1997349 INFO  HttpServer::onMessage - Request URL : /metrics from TcpConnection[ fd#10-id#1 ] - HttpServer.cpp:89
20260514 12:49:40.763385Z 1997349 INFO  HttpServer::onMessage - Request URL : /metrics from TcpConnection[ fd#10-id#1 ] - HttpServer.cpp:89
20260514 12:49:45.762716Z 1997349 INFO  HttpServer::onMessage - Request URL : /metrics from TcpConnection[ fd#10-id#1 ] - HttpServer.cpp:89
20260514 12:49:50.760835Z 1997349 INFO  HttpServer::onMessage - Request URL : /metrics from TcpConnection[ fd#10-id#1 ] - HttpServer.cpp:89
20260514 12:49:55.761501Z 1997349 INFO  HttpServer::onMessage - Request URL : /metrics from TcpConnection[ fd#10-id#1 ] - HttpServer.cpp:89
20260514 12:50:00.763171Z 1997349 INFO  HttpServer::onMessage - Request URL : /metrics from TcpConnection[ fd#10-id#1 ] - HttpServer.cpp:89
20260514 12:50:05.761630Z 1997349 INFO  HttpServer::onMessage - Request URL : /metrics from TcpConnection[ fd#10-id#1 ] - HttpServer.cpp:89
20260514 12:50:10.762320Z 1997349 INFO  HttpServer::onMessage - Request URL : /metrics from TcpConnection[ fd#10-id#1 ] - HttpServer.cpp:89
20260514 12:50:15.761470Z 1997349 INFO  HttpServer::onMessage - Request URL : /metrics from TcpConnection[ fd#10-id#1 ] - HttpServer.cpp:89
20260514 12:50:20.763698Z 1997349 INFO  HttpServer::onMessage - Request URL : /metrics from TcpConnection[ fd#10-id#1 ] - HttpServer.cpp:89
20260514 12:50:25.763772Z 1997349 INFO  HttpServer::onMessage - Request URL : /metrics from TcpConnection[ fd#10-id#1 ] - HttpServer.cpp:89
20260514 12:50:30.761985Z 1997349 INFO  HttpServer::onMessage - Request URL : /metrics from TcpConnection[ fd#10-id#1 ] - HttpServer.cpp:89
20260514 12:50:35.760633Z 1997349 INFO  HttpServer::onMessage - Request URL : /metrics from TcpConnection[ fd#10-id#1 ] - HttpServer.cpp:89
20260514 12:50:40.763110Z 1997349 INFO  HttpServer::onMessage - Request URL : /metrics from TcpConnection[ fd#10-id#1 ] - HttpServer.cpp:89
20260514 12:50:45.760619Z 1997349 INFO  HttpServer::onMessage - Request URL : /metrics from TcpConnection[ fd#10-id#1 ] - HttpServer.cpp:89
20260514 12:50:50.763738Z 1997349 INFO  HttpServer::onMessage - Request URL : /metrics from TcpConnection[ fd#10-id#1 ] - HttpServer.cpp:89
20260514 12:50:55.763385Z 1997349 INFO  HttpServer::onMessage - Request URL : /metrics from TcpConnection[ fd#10-id#1 ] - HttpServer.cpp:89
20260514 12:51:00.763584Z 1997349 INFO  HttpServer::onMessage - Request URL : /metrics from TcpConnection[ fd#10-id#1 ] - HttpServer.cpp:89
20260514 12:51:05.763177Z 1997349 INFO  HttpServer::onMessage - Request URL : /metrics from TcpConnection[ fd#10-id#1 ] - HttpServer.cpp:89
20260514 12:51:10.763103Z 1997349 INFO  HttpServer::onMessage - Request URL : /metrics from TcpConnection[ fd#10-id#1 ] - HttpServer.cpp:89
20260514 12:51:15.761651Z 1997349 INFO  HttpServer::onMessage - Request URL : /metrics from TcpConnection[ fd#10-id#1 ] - HttpServer.cpp:89
20260514 12:51:20.760827Z 1997349 INFO  HttpServer::onMessage - Request URL : /metrics from TcpConnection[ fd#10-id#1 ] - HttpServer.cpp:89
20260514 12:51:25.761187Z 1997349 INFO  HttpServer::onMessage - Request URL : /metrics from TcpConnection[ fd#10-id#1 ] - HttpServer.cpp:89
20260514 12:51:30.762131Z 1997349 INFO  HttpServer::onMessage - Request URL : /metrics from TcpConnection[ fd#10-id#1 ] - HttpServer.cpp:89
20260514 12:51:35.762252Z 1997349 INFO  HttpServer::onMessage - Request URL : /metrics from TcpConnection[ fd#10-id#1 ] - HttpServer.cpp:89
20260514 12:51:40.760636Z 1997349 INFO  HttpServer::onMessage - Request URL : /metrics from TcpConnection[ fd#10-id#1 ] - HttpServer.cpp:89
20260514 12:51:45.760447Z 1997349 INFO  HttpServer::onMessage - Request URL : /metrics from TcpConnection[ fd#10-id#1 ] - HttpServer.cpp:89
20260514 12:51:50.763294Z 1997349 INFO  HttpServer::onMessage - Request URL : /metrics from TcpConnection[ fd#10-id#1 ] - HttpServer.cpp:89
20260514 12:51:55.763829Z 1997349 INFO  HttpServer::onMessage - Request URL : /metrics from TcpConnection[ fd#10-id#1 ] - HttpServer.cpp:89
20260514 12:52:00.762460Z 1997349 INFO  HttpServer::onMessage - Request URL : /metrics from TcpConnection[ fd#10-id#1 ] - HttpServer.cpp:89
20260514 12:52:05.760950Z 1997349 INFO  HttpServer::onMessage - Request URL : /metrics from TcpConnection[ fd#10-id#1 ] - HttpServer.cpp:89
20260514 12:52:10.763541Z 1997349 INFO  HttpServer::onMessage - Request URL : /metrics from TcpConnection[ fd#10-id#1 ] - HttpServer.cpp:89
20260514 12:52:15.760197Z 1997349 INFO  HttpServer::onMessage - Request URL : /metrics from TcpConnection[ fd#10-id#1 ] - HttpServer.cpp:89
20260514 12:52:20.763605Z 1997349 INFO  HttpServer::onMessage - Request URL : /metrics from TcpConnection[ fd#10-id#1 ] - HttpServer.cpp:89
20260514 12:52:25.762432Z 1997349 INFO  HttpServer::onMessage - Request URL : /metrics from TcpConnection[ fd#10-id#1 ] - HttpServer.cpp:89
20260514 12:52:30.762506Z 1997349 INFO  HttpServer::onMessage - Request URL : /metrics from TcpConnection[ fd#10-id#1 ] - HttpServer.cpp:89
20260514 12:52:35.762548Z 1997349 INFO  HttpServer::onMessage - Request URL : /metrics from TcpConnection[ fd#10-id#1 ] - HttpServer.cpp:89
20260514 12:52:40.763300Z 1997349 INFO  HttpServer::onMessage - Request URL : /metrics from TcpConnection[ fd#10-id#1 ] - HttpServer.cpp:89
20260514 12:52:45.762374Z 1997349 INFO  HttpServer::onMessage - Request URL : /metrics from TcpConnection[ fd#10-id#1 ] - HttpServer.cpp:89
20260514 12:52:50.761308Z 1997349 INFO  HttpServer::onMessage - Request URL : /metrics from TcpConnection[ fd#10-id#1 ] - HttpServer.cpp:89
20260514 12:52:55.762282Z 1997349 INFO  HttpServer::onMessage - Request URL : /metrics from TcpConnection[ fd#10-id#1 ] - HttpServer.cpp:89
20260514 12:53:00.761207Z 1997349 INFO  HttpServer::onMessage - Request URL : /metrics from TcpConnection[ fd#10-id#1 ] - HttpServer.cpp:89
20260514 12:53:05.763248Z 1997349 INFO  HttpServer::onMessage - Request URL : /metrics from TcpConnection[ fd#10-id#1 ] - HttpServer.cpp:89
20260514 12:53:10.763501Z 1997349 INFO  HttpServer::onMessage - Request URL : /metrics from TcpConnection[ fd#10-id#1 ] - HttpServer.cpp:89
20260514 12:53:15.763087Z 1997349 INFO  HttpServer::onMessage - Request URL : /metrics from TcpConnection[ fd#10-id#1 ] - HttpServer.cpp:89
20260514 12:53:20.761125Z 1997349 INFO  HttpServer::onMessage - Request URL : /metrics from TcpConnection[ fd#10-id#1 ] - HttpServer.cpp:89
20260514 12:53:25.764011Z 1997349 INFO  HttpServer::onMessage - Request URL : /metrics from TcpConnection[ fd#10-id#1 ] - HttpServer.cpp:89
20260514 12:53:30.761088Z 1997349 INFO  HttpServer::onMessage - Request URL : /metrics from TcpConnection[ fd#10-id#1 ] - HttpServer.cpp:89
20260514 12:53:35.763060Z 1997349 INFO  HttpServer::onMessage - Request URL : /metrics from TcpConnection[ fd#10-id#1 ] - HttpServer.cpp:89
20260514 12:53:40.760344Z 1997349 INFO  HttpServer::onMessage - Request URL : /metrics from TcpConnection[ fd#10-id#1 ] - HttpServer.cpp:89
20260514 12:53:45.761280Z 1997349 INFO  HttpServer::onMessage - Request URL : /metrics from TcpConnection[ fd#10-id#1 ] - HttpServer.cpp:89
20260514 12:53:50.763879Z 1997349 INFO  HttpServer::onMessage - Request URL : /metrics from TcpConnection[ fd#10-id#1 ] - HttpServer.cpp:89
20260514 12:53:55.762057Z 1997349 INFO  HttpServer::onMessage - Request URL : /metrics from TcpConnection[ fd#10-id#1 ] - HttpServer.cpp:89
20260514 12:54:00.762580Z 1997349 INFO  HttpServer::onMessage - Request URL : /metrics from TcpConnection[ fd#10-id#1 ] - HttpServer.cpp:89
20260514 12:54:05.762385Z 1997349 INFO  HttpServer::onMessage - Request URL : /metrics from TcpConnection[ fd#10-id#1 ] - HttpServer.cpp:89
20260514 12:54:10.763001Z 1997349 INFO  HttpServer::onMessage - Request URL : /metrics from TcpConnection[ fd#10-id#1 ] - HttpServer.cpp:89
20260514 12:54:15.763811Z 1997349 INFO  HttpServer::onMessage - Request URL : /metrics from TcpConnection[ fd#10-id#1 ] - HttpServer.cpp:89
20260514 12:54:20.761240Z 1997349 INFO  HttpServer::onMessage - Request URL : /metrics from TcpConnection[ fd#10-id#1 ] - HttpServer.cpp:89
20260514 12:54:25.763325Z 1997349 INFO  HttpServer::onMessage - Request URL : /metrics from TcpConnection[ fd#10-id#1 ] - HttpServer.cpp:89
20260514 12:54:30.761458Z 1997349 INFO  HttpServer::onMessage - Request URL : /metrics from TcpConnection[ fd#10-id#1 ] - HttpServer.cpp:89
20260514 12:54:35.761659Z 1997349 INFO  HttpServer::onMessage - Request URL : /metrics from TcpConnection[ fd#10-id#1 ] - HttpServer.cpp:89
20260514 12:54:40.760319Z 1997349 INFO  HttpServer::onMessage - Request URL : /metrics from TcpConnection[ fd#10-id#1 ] - HttpServer.cpp:89
20260514 12:54:45.761022Z 1997349 INFO  HttpServer::onMessage - Request URL : /metrics from TcpConnection[ fd#10-id#1 ] - HttpServer.cpp:89
20260514 12:54:50.762358Z 1997349 INFO  HttpServer::onMessage - Request URL : /metrics from TcpConnection[ fd#10-id#1 ] - HttpServer.cpp:89
20260514 12:54:55.780287Z 1997349 INFO  HttpServer::onMessage - Request URL : /metrics from TcpConnection[ fd#10-id#1 ] - HttpServer.cpp:89
20260514 12:55:00.760922Z 1997349 INFO  HttpServer::onMessage - Request URL : /metrics from TcpConnection[ fd#10-id#1 ] - HttpServer.cpp:89
20260514 12:55:05.761344Z 1997349 INFO  HttpServer::onMessage - Request URL : /metrics from TcpConnection[ fd#10-id#1 ] - HttpServer.cpp:89
20260514 12:55:10.762707Z 1997349 INFO  HttpServer::onMessage - Request URL : /metrics from TcpConnection[ fd#10-id#1 ] - HttpServer.cpp:89
20260514 12:55:15.761369Z 1997349 INFO  HttpServer::onMessage - Request URL : /metrics from TcpConnection[ fd#10-id#1 ] - HttpServer.cpp:89
20260514 12:55:20.763098Z 1997349 INFO  HttpServer::onMessage - Request URL : /metrics from TcpConnection[ fd#10-id#1 ] - HttpServer.cpp:89
20260514 12:55:25.760139Z 1997349 INFO  HttpServer::onMessage - Request URL : /metrics from TcpConnection[ fd#10-id#1 ] - HttpServer.cpp:89
20260514 12:55:30.762791Z 1997349 INFO  HttpServer::onMessage - Request URL : /metrics from TcpConnection[ fd#10-id#1 ] - HttpServer.cpp:89
20260514 12:55:35.762430Z 1997349 INFO  HttpServer::onMessage - Request URL : /metrics from TcpConnection[ fd#10-id#1 ] - HttpServer.cpp:89
20260514 12:55:40.762403Z 1997349 INFO  HttpServer::onMessage - Request URL : /metrics from TcpConnection[ fd#10-id#1 ] - HttpServer.cpp:89
20260514 12:55:45.763475Z 1997349 INFO  HttpServer::onMessage - Request URL : /metrics from TcpConnection[ fd#10-id#1 ] - HttpServer.cpp:89
20260514 12:55:50.762624Z 1997349 INFO  HttpServer::onMessage - Request URL : /metrics from TcpConnection[ fd#10-id#1 ] - HttpServer.cpp:89
20260514 12:55:55.763325Z 1997349 INFO  HttpServer::onMessage - Request URL : /metrics from TcpConnection[ fd#10-id#1 ] - HttpServer.cpp:89
20260514 12:56:00.763322Z 1997349 INFO  HttpServer::onMessage - Request URL : /metrics from TcpConnection[ fd#10-id#1 ] - HttpServer.cpp:89
20260514 12:56:05.764148Z 1997349 INFO  HttpServer::onMessage - Request URL : /metrics from TcpConnection[ fd#10-id#1 ] - HttpServer.cpp:89
20260514 12:56:10.760238Z 1997349 INFO  HttpServer::onMessage - Request URL : /metrics from TcpConnection[ fd#10-id#1 ] - HttpServer.cpp:89
20260514 12:56:15.763004Z 1997349 INFO  HttpServer::onMessage - Request URL : /metrics from TcpConnection[ fd#10-id#1 ] - HttpServer.cpp:89
20260514 12:56:20.763539Z 1997349 INFO  HttpServer::onMessage - Request URL : /metrics from TcpConnection[ fd#10-id#1 ] - HttpServer.cpp:89
20260514 12:56:25.760958Z 1997349 INFO  HttpServer::onMessage - Request URL : /metrics from TcpConnection[ fd#10-id#1 ] - HttpServer.cpp:89
20260514 12:56:30.761220Z 1997349 INFO  HttpServer::onMessage - Request URL : /metrics from TcpConnection[ fd#10-id#1 ] - HttpServer.cpp:89
20260514 12:56:35.763728Z 1997349 INFO  HttpServer::onMessage - Request URL : /metrics from TcpConnection[ fd#10-id#1 ] - HttpServer.cpp:89
20260514 12:56:40.760715Z 1997349 INFO  HttpServer::onMessage - Request URL : /metrics from TcpConnection[ fd#10-id#1 ] - HttpServer.cpp:89
20260514 12:56:45.763484Z 1997349 INFO  HttpServer::onMessage - Request URL : /metrics from TcpConnection[ fd#10-id#1 ] - HttpServer.cpp:89
20260514 12:56:50.760933Z 1997349 INFO  HttpServer::onMessage - Request URL : /metrics from TcpConnection[ fd#10-id#1 ] - HttpServer.cpp:89
20260514 12:56:55.776204Z 1997349 INFO  HttpServer::onMessage - Request URL : /metrics from TcpConnection[ fd#10-id#1 ] - HttpServer.cpp:89
20260514 12:57:00.763882Z 1997349 INFO  HttpServer::onMessage - Request URL : /metrics from TcpConnection[ fd#10-id#1 ] - HttpServer.cpp:89
20260514 12:57:05.763351Z 1997349 INFO  HttpServer::onMessage - Request URL : /metrics from TcpConnection[ fd#10-id#1 ] - HttpServer.cpp:89
20260514 12:57:10.763583Z 1997349 INFO  HttpServer::onMessage - Request URL : /metrics from TcpConnection[ fd#10-id#1 ] - HttpServer.cpp:89
20260514 12:57:15.763628Z 1997349 INFO  HttpServer::onMessage - Request URL : /metrics from TcpConnection[ fd#10-id#1 ] - HttpServer.cpp:89
20260514 12:57:20.762540Z 1997349 INFO  HttpServer::onMessage - Request URL : /metrics from TcpConnection[ fd#10-id#1 ] - HttpServer.cpp:89
20260514 12:57:25.761240Z 1997349 INFO  HttpServer::onMessage - Request URL : /metrics from TcpConnection[ fd#10-id#1 ] - HttpServer.cpp:89
20260514 12:57:30.763335Z 1997349 INFO  HttpServer::onMessage - Request URL : /metrics from TcpConnection[ fd#10-id#1 ] - HttpServer.cpp:89
20260514 12:57:35.760392Z 1997349 INFO  HttpServer::onMessage - Request URL : /metrics from TcpConnection[ fd#10-id#1 ] - HttpServer.cpp:89
20260514 12:57:40.762655Z 1997349 INFO  HttpServer::onMessage - Request URL : /metrics from TcpConnection[ fd#10-id#1 ] - HttpServer.cpp:89
20260514 12:57:45.762803Z 1997349 INFO  HttpServer::onMessage - Request URL : /metrics from TcpConnection[ fd#10-id#1 ] - HttpServer.cpp:89
20260514 12:57:50.760725Z 1997349 INFO  HttpServer::onMessage - Request URL : /metrics from TcpConnection[ fd#10-id#1 ] - HttpServer.cpp:89
20260514 12:57:55.760436Z 1997349 INFO  HttpServer::onMessage - Request URL : /metrics from TcpConnection[ fd#10-id#1 ] - HttpServer.cpp:89
20260514 12:58:00.762476Z 1997349 INFO  HttpServer::onMessage - Request URL : /metrics from TcpConnection[ fd#10-id#1 ] - HttpServer.cpp:89
20260514 12:58:05.763375Z 1997349 INFO  HttpServer::onMessage - Request URL : /metrics from TcpConnection[ fd#10-id#1 ] - HttpServer.cpp:89
20260514 12:58:10.763504Z 1997349 INFO  HttpServer::onMessage - Request URL : /metrics from TcpConnection[ fd#10-id#1 ] - HttpServer.cpp:89
20260514 12:58:15.763351Z 1997349 INFO  HttpServer::onMessage - Request URL : /metrics from TcpConnection[ fd#10-id#1 ] - HttpServer.cpp:89
20260514 12:58:20.762992Z 1997349 INFO  HttpServer::onMessage - Request URL : /metrics from TcpConnection[ fd#10-id#1 ] - HttpServer.cpp:89
20260514 12:58:25.763625Z 1997349 INFO  HttpServer::onMessage - Request URL : /metrics from TcpConnection[ fd#10-id#1 ] - HttpServer.cpp:89
20260514 12:58:30.762093Z 1997349 INFO  HttpServer::onMessage - Request URL : /metrics from TcpConnection[ fd#10-id#1 ] - HttpServer.cpp:89
20260514 12:58:35.763677Z 1997349 INFO  HttpServer::onMessage - Request URL : /metrics from TcpConnection[ fd#10-id#1 ] - HttpServer.cpp:89
20260514 12:58:40.762757Z 1997349 INFO  HttpServer::onMessage - Request URL : /metrics from TcpConnection[ fd#10-id#1 ] - HttpServer.cpp:89
20260514 12:58:45.763689Z 1997349 INFO  HttpServer::onMessage - Request URL : /metrics from TcpConnection[ fd#10-id#1 ] - HttpServer.cpp:89
20260514 12:58:50.762305Z 1997349 INFO  HttpServer::onMessage - Request URL : /metrics from TcpConnection[ fd#10-id#1 ] - HttpServer.cpp:89
20260514 12:58:55.762356Z 1997349 INFO  HttpServer::onMessage - Request URL : /metrics from TcpConnection[ fd#10-id#1 ] - HttpServer.cpp:89
20260514 12:59:00.763655Z 1997349 INFO  HttpServer::onMessage - Request URL : /metrics from TcpConnection[ fd#10-id#1 ] - HttpServer.cpp:89
20260514 12:59:05.760339Z 1997349 INFO  HttpServer::onMessage - Request URL : /metrics from TcpConnection[ fd#10-id#1 ] - HttpServer.cpp:89
20260514 12:59:10.763134Z 1997349 INFO  HttpServer::onMessage - Request URL : /metrics from TcpConnection[ fd#10-id#1 ] - HttpServer.cpp:89
20260514 12:59:15.761361Z 1997349 INFO  HttpServer::onMessage - Request URL : /metrics from TcpConnection[ fd#10-id#1 ] - HttpServer.cpp:89
20260514 12:59:20.763581Z 1997349 INFO  HttpServer::onMessage - Request URL : /metrics from TcpConnection[ fd#10-id#1 ] - HttpServer.cpp:89
20260514 12:59:25.762147Z 1997349 INFO  HttpServer::onMessage - Request URL : /metrics from TcpConnection[ fd#10-id#1 ] - HttpServer.cpp:89
20260514 12:59:30.761608Z 1997349 INFO  HttpServer::onMessage - Request URL : /metrics from TcpConnection[ fd#10-id#1 ] - HttpServer.cpp:89
20260514 12:59:35.762008Z 1997349 INFO  HttpServer::onMessage - Request URL : /metrics from TcpConnection[ fd#10-id#1 ] - HttpServer.cpp:89
20260514 12:59:40.763490Z 1997349 INFO  HttpServer::onMessage - Request URL : /metrics from TcpConnection[ fd#10-id#1 ] - HttpServer.cpp:89
20260514 12:59:45.761161Z 1997349 INFO  HttpServer::onMessage - Request URL : /metrics from TcpConnection[ fd#10-id#1 ] - HttpServer.cpp:89
20260514 12:59:50.763172Z 1997349 INFO  HttpServer::onMessage - Request URL : /metrics from TcpConnection[ fd#10-id#1 ] - HttpServer.cpp:89
20260514 12:59:55.762221Z 1997349 INFO  HttpServer::onMessage - Request URL : /metrics from TcpConnection[ fd#10-id#1 ] - HttpServer.cpp:89
20260514 13:00:00.762483Z 1997349 INFO  HttpServer::onMessage - Request URL : /metrics from TcpConnection[ fd#10-id#1 ] - HttpServer.cpp:89
20260514 13:00:05.763265Z 1997349 INFO  HttpServer::onMessage - Request URL : /metrics from TcpConnection[ fd#10-id#1 ] - HttpServer.cpp:89
20260514 13:00:10.763780Z 1997349 INFO  HttpServer::onMessage - Request URL : /metrics from TcpConnection[ fd#10-id#1 ] - HttpServer.cpp:89
20260514 13:00:15.761625Z 1997349 INFO  HttpServer::onMessage - Request URL : /metrics from TcpConnection[ fd#10-id#1 ] - HttpServer.cpp:89
20260514 13:00:20.763884Z 1997349 INFO  HttpServer::onMessage - Request URL : /metrics from TcpConnection[ fd#10-id#1 ] - HttpServer.cpp:89
20260514 13:00:25.763277Z 1997349 INFO  HttpServer::onMessage - Request URL : /metrics from TcpConnection[ fd#10-id#1 ] - HttpServer.cpp:89
20260514 13:00:30.760901Z 1997349 INFO  HttpServer::onMessage - Request URL : /metrics from TcpConnection[ fd#10-id#1 ] - HttpServer.cpp:89
20260514 13:00:35.762319Z 1997349 INFO  HttpServer::onMessage - Request URL : /metrics from TcpConnection[ fd#10-id#1 ] - HttpServer.cpp:89
20260514 13:00:40.763460Z 1997349 INFO  HttpServer::onMessage - Request URL : /metrics from TcpConnection[ fd#10-id#1 ] - HttpServer.cpp:89
20260514 13:00:45.760437Z 1997349 INFO  HttpServer::onMessage - Request URL : /metrics from TcpConnection[ fd#10-id#1 ] - HttpServer.cpp:89
20260514 13:00:50.763748Z 1997349 INFO  HttpServer::onMessage - Request URL : /metrics from TcpConnection[ fd#10-id#1 ] - HttpServer.cpp:89
20260514 13:00:55.762404Z 1997349 INFO  HttpServer::onMessage - Request URL : /metrics from TcpConnection[ fd#10-id#1 ] - HttpServer.cpp:89
20260514 13:01:00.762914Z 1997349 INFO  HttpServer::onMessage - Request URL : /metrics from TcpConnection[ fd#10-id#1 ] - HttpServer.cpp:89
20260514 13:01:05.763331Z 1997349 INFO  HttpServer::onMessage - Request URL : /metrics from TcpConnection[ fd#10-id#1 ] - HttpServer.cpp:89
20260514 13:01:10.763215Z 1997349 INFO  HttpServer::onMessage - Request URL : /metrics from TcpConnection[ fd#10-id#1 ] - HttpServer.cpp:89
20260514 13:01:15.761066Z 1997349 INFO  HttpServer::onMessage - Request URL : /metrics from TcpConnection[ fd#10-id#1 ] - HttpServer.cpp:89
20260514 13:01:20.761697Z 1997349 INFO  HttpServer::onMessage - Request URL : /metrics from TcpConnection[ fd#10-id#1 ] - HttpServer.cpp:89
20260514 13:01:25.760338Z 1997349 INFO  HttpServer::onMessage - Request URL : /metrics from TcpConnection[ fd#10-id#1 ] - HttpServer.cpp:89
20260514 13:01:30.762855Z 1997349 INFO  HttpServer::onMessage - Request URL : /metrics from TcpConnection[ fd#10-id#1 ] - HttpServer.cpp:89
20260514 13:01:35.762714Z 1997349 INFO  HttpServer::onMessage - Request URL : /metrics from TcpConnection[ fd#10-id#1 ] - HttpServer.cpp:89
20260514 13:01:40.763751Z 1997349 INFO  HttpServer::onMessage - Request URL : /metrics from TcpConnection[ fd#10-id#1 ] - HttpServer.cpp:89
20260514 13:01:45.763771Z 1997349 INFO  HttpServer::onMessage - Request URL : /metrics from TcpConnection[ fd#10-id#1 ] - HttpServer.cpp:89
20260514 13:01:50.767475Z 1997349 INFO  HttpServer::onMessage - Request URL : /metrics from TcpConnection[ fd#10-id#1 ] - HttpServer.cpp:89
20260514 13:01:55.761023Z 1997349 INFO  HttpServer::onMessage - Request URL : /metrics from TcpConnection[ fd#10-id#1 ] - HttpServer.cpp:89
20260514 13:02:00.762551Z 1997349 INFO  HttpServer::onMessage - Request URL : /metrics from TcpConnection[ fd#10-id#1 ] - HttpServer.cpp:89
20260514 13:02:05.763151Z 1997349 INFO  HttpServer::onMessage - Request URL : /metrics from TcpConnection[ fd#10-id#1 ] - HttpServer.cpp:89
20260514 13:02:10.761793Z 1997349 INFO  HttpServer::onMessage - Request URL : /metrics from TcpConnection[ fd#10-id#1 ] - HttpServer.cpp:89
20260514 13:02:15.760488Z 1997349 INFO  HttpServer::onMessage - Request URL : /metrics from TcpConnection[ fd#10-id#1 ] - HttpServer.cpp:89
20260514 13:02:20.760779Z 1997349 INFO  HttpServer::onMessage - Request URL : /metrics from TcpConnection[ fd#10-id#1 ] - HttpServer.cpp:89
20260514 13:02:25.761432Z 1997349 INFO  HttpServer::onMessage - Request URL : /metrics from TcpConnection[ fd#10-id#1 ] - HttpServer.cpp:89
20260514 13:02:30.761927Z 1997349 INFO  HttpServer::onMessage - Request URL : /metrics from TcpConnection[ fd#10-id#1 ] - HttpServer.cpp:89
20260514 13:02:35.763418Z 1997349 INFO  HttpServer::onMessage - Request URL : /metrics from TcpConnection[ fd#10-id#1 ] - HttpServer.cpp:89
20260514 13:02:40.763067Z 1997349 INFO  HttpServer::onMessage - Request URL : /metrics from TcpConnection[ fd#10-id#1 ] - HttpServer.cpp:89
20260514 13:02:45.763248Z 1997349 INFO  HttpServer::onMessage - Request URL : /metrics from TcpConnection[ fd#10-id#1 ] - HttpServer.cpp:89
20260514 13:02:50.763673Z 1997349 INFO  HttpServer::onMessage - Request URL : /metrics from TcpConnection[ fd#10-id#1 ] - HttpServer.cpp:89
20260514 13:02:55.763645Z 1997349 INFO  HttpServer::onMessage - Request URL : /metrics from TcpConnection[ fd#10-id#1 ] - HttpServer.cpp:89
20260514 13:03:00.763445Z 1997349 INFO  HttpServer::onMessage - Request URL : /metrics from TcpConnection[ fd#10-id#1 ] - HttpServer.cpp:89
20260514 13:03:05.763334Z 1997349 INFO  HttpServer::onMessage - Request URL : /metrics from TcpConnection[ fd#10-id#1 ] - HttpServer.cpp:89
20260514 13:03:10.762995Z 1997349 INFO  HttpServer::onMessage - Request URL : /metrics from TcpConnection[ fd#10-id#1 ] - HttpServer.cpp:89
20260514 13:03:15.763191Z 1997349 INFO  HttpServer::onMessage - Request URL : /metrics from TcpConnection[ fd#10-id#1 ] - HttpServer.cpp:89
20260514 13:03:20.763238Z 1997349 INFO  HttpServer::onMessage - Request URL : /metrics from TcpConnection[ fd#10-id#1 ] - HttpServer.cpp:89
20260514 13:03:25.763067Z 1997349 INFO  HttpServer::onMessage - Request URL : /metrics from TcpConnection[ fd#10-id#1 ] - HttpServer.cpp:89
20260514 13:03:30.760196Z 1997349 INFO  HttpServer::onMessage - Request URL : /metrics from TcpConnection[ fd#10-id#1 ] - HttpServer.cpp:89
20260514 13:03:35.762100Z 1997349 INFO  HttpServer::onMessage - Request URL : /metrics from TcpConnection[ fd#10-id#1 ] - HttpServer.cpp:89
20260514 13:03:40.763235Z 1997349 INFO  HttpServer::onMessage - Request URL : /metrics from TcpConnection[ fd#10-id#1 ] - HttpServer.cpp:89
20260514 13:03:45.763590Z 1997349 INFO  HttpServer::onMessage - Request URL : /metrics from TcpConnection[ fd#10-id#1 ] - HttpServer.cpp:89
20260514 13:03:50.763035Z 1997349 INFO  HttpServer::onMessage - Request URL : /metrics from TcpConnection[ fd#10-id#1 ] - HttpServer.cpp:89
20260514 13:03:55.763887Z 1997349 INFO  HttpServer::onMessage - Request URL : /metrics from TcpConnection[ fd#10-id#1 ] - HttpServer.cpp:89
20260514 13:04:00.762235Z 1997349 INFO  HttpServer::onMessage - Request URL : /metrics from TcpConnection[ fd#10-id#1 ] - HttpServer.cpp:89
20260514 13:04:05.760688Z 1997349 INFO  HttpServer::onMessage - Request URL : /metrics from TcpConnection[ fd#10-id#1 ] - HttpServer.cpp:89
20260514 13:04:10.762080Z 1997349 INFO  HttpServer::onMessage - Request URL : /metrics from TcpConnection[ fd#10-id#1 ] - HttpServer.cpp:89
20260514 13:04:15.760163Z 1997349 INFO  HttpServer::onMessage - Request URL : /metrics from TcpConnection[ fd#10-id#1 ] - HttpServer.cpp:89
20260514 13:04:20.763637Z 1997349 INFO  HttpServer::onMessage - Request URL : /metrics from TcpConnection[ fd#10-id#1 ] - HttpServer.cpp:89
20260514 13:04:25.763100Z 1997349 INFO  HttpServer::onMessage - Request URL : /metrics from TcpConnection[ fd#10-id#1 ] - HttpServer.cpp:89
20260514 13:04:30.762544Z 1997349 INFO  HttpServer::onMessage - Request URL : /metrics from TcpConnection[ fd#10-id#1 ] - HttpServer.cpp:89
20260514 13:04:35.763231Z 1997349 INFO  HttpServer::onMessage - Request URL : /metrics from TcpConnection[ fd#10-id#1 ] - HttpServer.cpp:89
20260514 13:04:40.762589Z 1997349 INFO  HttpServer::onMessage - Request URL : /metrics from TcpConnection[ fd#10-id#1 ] - HttpServer.cpp:89
20260514 13:04:45.760293Z 1997349 INFO  HttpServer::onMessage - Request URL : /metrics from TcpConnection[ fd#10-id#1 ] - HttpServer.cpp:89
20260514 13:04:50.760882Z 1997349 INFO  HttpServer::onMessage - Request URL : /metrics from TcpConnection[ fd#10-id#1 ] - HttpServer.cpp:89
20260514 13:04:55.763368Z 1997349 INFO  HttpServer::onMessage - Request URL : /metrics from TcpConnection[ fd#10-id#1 ] - HttpServer.cpp:89
20260514 13:05:00.763816Z 1997349 INFO  HttpServer::onMessage - Request URL : /metrics from TcpConnection[ fd#10-id#1 ] - HttpServer.cpp:89
20260514 13:05:05.762552Z 1997349 INFO  HttpServer::onMessage - Request URL : /metrics from TcpConnection[ fd#10-id#1 ] - HttpServer.cpp:89
20260514 13:05:10.763425Z 1997349 INFO  HttpServer::onMessage - Request URL : /metrics from TcpConnection[ fd#10-id#1 ] - HttpServer.cpp:89
20260514 13:05:15.763477Z 1997349 INFO  HttpServer::onMessage - Request URL : /metrics from TcpConnection[ fd#10-id#1 ] - HttpServer.cpp:89
20260514 13:05:20.760167Z 1997349 INFO  HttpServer::onMessage - Request URL : /metrics from TcpConnection[ fd#10-id#1 ] - HttpServer.cpp:89
20260514 13:05:25.760795Z 1997349 INFO  HttpServer::onMessage - Request URL : /metrics from TcpConnection[ fd#10-id#1 ] - HttpServer.cpp:89
20260514 13:05:30.762388Z 1997349 INFO  HttpServer::onMessage - Request URL : /metrics from TcpConnection[ fd#10-id#1 ] - HttpServer.cpp:89
20260514 13:05:35.762326Z 1997349 INFO  HttpServer::onMessage - Request URL : /metrics from TcpConnection[ fd#10-id#1 ] - HttpServer.cpp:89
20260514 13:05:40.762529Z 1997349 INFO  HttpServer::onMessage - Request URL : /metrics from TcpConnection[ fd#10-id#1 ] - HttpServer.cpp:89
20260514 13:05:45.760751Z 1997349 INFO  HttpServer::onMessage - Request URL : /metrics from TcpConnection[ fd#10-id#1 ] - HttpServer.cpp:89
20260514 13:05:50.760926Z 1997349 INFO  HttpServer::onMessage - Request URL : /metrics from TcpConnection[ fd#10-id#1 ] - HttpServer.cpp:89
20260514 13:05:55.762989Z 1997349 INFO  HttpServer::onMessage - Request URL : /metrics from TcpConnection[ fd#10-id#1 ] - HttpServer.cpp:89
20260514 13:06:00.762360Z 1997349 INFO  HttpServer::onMessage - Request URL : /metrics from TcpConnection[ fd#10-id#1 ] - HttpServer.cpp:89
20260514 13:06:05.761474Z 1997349 INFO  HttpServer::onMessage - Request URL : /metrics from TcpConnection[ fd#10-id#1 ] - HttpServer.cpp:89
20260514 13:06:10.763276Z 1997349 INFO  HttpServer::onMessage - Request URL : /metrics from TcpConnection[ fd#10-id#1 ] - HttpServer.cpp:89
20260514 13:06:15.761168Z 1997349 INFO  HttpServer::onMessage - Request URL : /metrics from TcpConnection[ fd#10-id#1 ] - HttpServer.cpp:89
20260514 13:06:20.762770Z 1997349 INFO  HttpServer::onMessage - Request URL : /metrics from TcpConnection[ fd#10-id#1 ] - HttpServer.cpp:89
20260514 13:06:25.763409Z 1997349 INFO  HttpServer::onMessage - Request URL : /metrics from TcpConnection[ fd#10-id#1 ] - HttpServer.cpp:89
20260514 13:06:30.763323Z 1997349 INFO  HttpServer::onMessage - Request URL : /metrics from TcpConnection[ fd#10-id#1 ] - HttpServer.cpp:89
20260514 13:06:35.760600Z 1997349 INFO  HttpServer::onMessage - Request URL : /metrics from TcpConnection[ fd#10-id#1 ] - HttpServer.cpp:89
20260514 13:06:40.762944Z 1997349 INFO  HttpServer::onMessage - Request URL : /metrics from TcpConnection[ fd#10-id#1 ] - HttpServer.cpp:89
20260514 13:06:45.763588Z 1997349 INFO  HttpServer::onMessage - Request URL : /metrics from TcpConnection[ fd#10-id#1 ] - HttpServer.cpp:89
20260514 13:06:50.763469Z 1997349 INFO  HttpServer::onMessage - Request URL : /metrics from TcpConnection[ fd#10-id#1 ] - HttpServer.cpp:89
20260514 13:06:55.763165Z 1997349 INFO  HttpServer::onMessage - Request URL : /metrics from TcpConnection[ fd#10-id#1 ] - HttpServer.cpp:89
20260514 13:07:00.763362Z 1997349 INFO  HttpServer::onMessage - Request URL : /metrics from TcpConnection[ fd#10-id#1 ] - HttpServer.cpp:89
20260514 13:07:05.764652Z 1997349 INFO  HttpServer::onMessage - Request URL : /metrics from TcpConnection[ fd#10-id#1 ] - HttpServer.cpp:89
20260514 13:07:10.763317Z 1997349 INFO  HttpServer::onMessage - Request URL : /metrics from TcpConnection[ fd#10-id#1 ] - HttpServer.cpp:89
20260514 13:07:15.760432Z 1997349 INFO  HttpServer::onMessage - Request URL : /metrics from TcpConnection[ fd#10-id#1 ] - HttpServer.cpp:89
20260514 13:07:20.763307Z 1997349 INFO  HttpServer::onMessage - Request URL : /metrics from TcpConnection[ fd#10-id#1 ] - HttpServer.cpp:89
20260514 13:07:25.761854Z 1997349 INFO  HttpServer::onMessage - Request URL : /metrics from TcpConnection[ fd#10-id#1 ] - HttpServer.cpp:89
20260514 13:07:30.761028Z 1997349 INFO  HttpServer::onMessage - Request URL : /metrics from TcpConnection[ fd#10-id#1 ] - HttpServer.cpp:89
20260514 13:07:35.760407Z 1997349 INFO  HttpServer::onMessage - Request URL : /metrics from TcpConnection[ fd#10-id#1 ] - HttpServer.cpp:89

[run_webserver] --- session 2026-05-14T13:16:25+08:00 PORT=8080 USE_ASAN=0 ---
[run_webserver] starting webserver on port 8080
20260514 13:16:25.672896Z 2019259 INFO  HttpServer Listening on [ 0.0.0.0:8080 ] - HttpServer.cpp:35
20260514 13:16:25.762291Z 2019259 INFO  HttpServer::OnNewConnection : Add connection [ fd#10-id#1 ] from 127.0.0.1:45656 - HttpServer.cpp:49
20260514 13:16:25.766338Z 2019282 INFO  HttpServer::onMessage - Request URL : /metrics from TcpConnection[ fd#10-id#1 ] - HttpServer.cpp:89
20260514 13:16:30.761730Z 2019282 INFO  HttpServer::onMessage - Request URL : /metrics from TcpConnection[ fd#10-id#1 ] - HttpServer.cpp:89
20260514 13:16:35.765049Z 2019282 INFO  HttpServer::onMessage - Request URL : /metrics from TcpConnection[ fd#10-id#1 ] - HttpServer.cpp:89
20260514 13:16:36.701785Z 2019259 INFO  HttpServer::OnNewConnection : Add connection [ fd#11-id#2 ] from 58.247.150.86:16475 - HttpServer.cpp:49
20260514 13:16:36.715522Z 2019282 INFO  HttpServer::onMessage - Request URL : / from TcpConnection[ fd#11-id#2 ] - HttpServer.cpp:89
20260514 13:16:36.716186Z 2019259 INFO  HttpServer::OnNewConnection : Add connection [ fd#12-id#3 ] from 58.247.150.86:16474 - HttpServer.cpp:49
20260514 13:16:40.441642Z 2019282 INFO  HttpServer::onMessage - Request URL : /login from TcpConnection[ fd#11-id#2 ] - HttpServer.cpp:89
20260514 13:16:40.763345Z 2019282 INFO  HttpServer::onMessage - Request URL : /metrics from TcpConnection[ fd#10-id#1 ] - HttpServer.cpp:89
20260514 13:16:45.765040Z 2019282 INFO  HttpServer::onMessage - Request URL : /metrics from TcpConnection[ fd#10-id#1 ] - HttpServer.cpp:89
20260514 13:16:50.763393Z 2019282 INFO  HttpServer::onMessage - Request URL : /metrics from TcpConnection[ fd#10-id#1 ] - HttpServer.cpp:89
20260514 13:16:55.763643Z 2019282 INFO  HttpServer::onMessage - Request URL : /metrics from TcpConnection[ fd#10-id#1 ] - HttpServer.cpp:89
20260514 13:17:00.188429Z 2019259 INFO  TcpServer::HandleCloseInLoop - Remove connection [id#3-fd#12] - TcpServer.cpp:69
20260514 13:17:00.188464Z 2019259 INFO  TcpServer::HandleCloseInLoop - Remove connection [id#2-fd#11] - TcpServer.cpp:69
20260514 13:17:00.762333Z 2019282 INFO  HttpServer::onMessage - Request URL : /metrics from TcpConnection[ fd#10-id#1 ] - HttpServer.cpp:89
20260514 13:17:05.763443Z 2019282 INFO  HttpServer::onMessage - Request URL : /metrics from TcpConnection[ fd#10-id#1 ] - HttpServer.cpp:89
20260514 13:17:10.763794Z 2019282 INFO  HttpServer::onMessage - Request URL : /metrics from TcpConnection[ fd#10-id#1 ] - HttpServer.cpp:89
20260514 13:17:15.761445Z 2019282 INFO  HttpServer::onMessage - Request URL : /metrics from TcpConnection[ fd#10-id#1 ] - HttpServer.cpp:89

[run_webserver] --- session 2026-05-14T13:18:48+08:00 PORT=8080 USE_ASAN=0 ---
[run_webserver] starting webserver on port 8080
20260514 13:18:48.651685Z 2019770 INFO  HttpServer Listening on [ 0.0.0.0:8080 ] - HttpServer.cpp:35
20260514 13:18:50.762932Z 2019770 INFO  HttpServer::OnNewConnection : Add connection [ fd#10-id#1 ] from 127.0.0.1:60716 - HttpServer.cpp:49
20260514 13:18:50.763392Z 2019793 INFO  HttpServer::onMessage - Request URL : /metrics from TcpConnection[ fd#10-id#1 ] - HttpServer.cpp:89
20260514 13:18:54.234824Z 2019770 INFO  HttpServer::OnNewConnection : Add connection [ fd#11-id#2 ] from 58.247.150.86:16763 - HttpServer.cpp:49
20260514 13:18:54.235302Z 2019793 INFO  HttpServer::onMessage - Request URL : /monitor from TcpConnection[ fd#11-id#2 ] - HttpServer.cpp:89
20260514 13:18:54.236794Z 2019770 INFO  HttpServer::OnNewConnection : Add connection [ fd#12-id#3 ] from 58.247.150.86:16764 - HttpServer.cpp:49
20260514 13:18:55.760256Z 2019793 INFO  HttpServer::onMessage - Request URL : /metrics from TcpConnection[ fd#10-id#1 ] - HttpServer.cpp:89
20260514 13:19:00.519100Z 2019770 INFO  TcpServer::HandleCloseInLoop - Remove connection [id#2-fd#11] - TcpServer.cpp:69
20260514 13:19:00.521350Z 2019770 INFO  TcpServer::HandleCloseInLoop - Remove connection [id#3-fd#12] - TcpServer.cpp:69
20260514 13:19:00.764099Z 2019793 INFO  HttpServer::onMessage - Request URL : /metrics from TcpConnection[ fd#10-id#1 ] - HttpServer.cpp:89
20260514 13:19:01.884104Z 2019770 INFO  HttpServer::OnNewConnection : Add connection [ fd#11-id#4 ] from 58.247.150.86:16778 - HttpServer.cpp:49
20260514 13:19:01.888106Z 2019793 INFO  HttpServer::onMessage - Request URL : /api/prometheus/query_range from TcpConnection[ fd#11-id#4 ] - HttpServer.cpp:89
20260514 13:19:03.096337Z 2019793 INFO  HttpServer::onMessage - Request URL : /api/prometheus/query_range from TcpConnection[ fd#11-id#4 ] - HttpServer.cpp:89
20260514 13:19:05.762024Z 2019793 INFO  HttpServer::onMessage - Request URL : /metrics from TcpConnection[ fd#10-id#1 ] - HttpServer.cpp:89
20260514 13:19:10.763296Z 2019793 INFO  HttpServer::onMessage - Request URL : /metrics from TcpConnection[ fd#10-id#1 ] - HttpServer.cpp:89
20260514 13:19:15.762452Z 2019793 INFO  HttpServer::onMessage - Request URL : /metrics from TcpConnection[ fd#10-id#1 ] - HttpServer.cpp:89
20260514 13:19:20.762617Z 2019793 INFO  HttpServer::onMessage - Request URL : /metrics from TcpConnection[ fd#10-id#1 ] - HttpServer.cpp:89
20260514 13:19:25.762563Z 2019793 INFO  HttpServer::onMessage - Request URL : /metrics from TcpConnection[ fd#10-id#1 ] - HttpServer.cpp:89
20260514 13:19:30.763383Z 2019793 INFO  HttpServer::onMessage - Request URL : /metrics from TcpConnection[ fd#10-id#1 ] - HttpServer.cpp:89
20260514 13:19:35.760557Z 2019793 INFO  HttpServer::onMessage - Request URL : /metrics from TcpConnection[ fd#10-id#1 ] - HttpServer.cpp:89
20260514 13:19:39.629920Z 2019793 INFO  HttpServer::onMessage - Request URL : /api/prometheus/query_range from TcpConnection[ fd#11-id#4 ] - HttpServer.cpp:89
20260514 13:19:40.761110Z 2019793 INFO  HttpServer::onMessage - Request URL : /metrics from TcpConnection[ fd#10-id#1 ] - HttpServer.cpp:89
20260514 13:19:40.778275Z 2019793 INFO  HttpServer::onMessage - Request URL : /api/prometheus/query_range from TcpConnection[ fd#11-id#4 ] - HttpServer.cpp:89
20260514 13:19:45.763716Z 2019793 INFO  HttpServer::onMessage - Request URL : /metrics from TcpConnection[ fd#10-id#1 ] - HttpServer.cpp:89
20260514 13:19:50.762813Z 2019793 INFO  HttpServer::onMessage - Request URL : /metrics from TcpConnection[ fd#10-id#1 ] - HttpServer.cpp:89

[run_webserver] --- session 2026-05-14T13:24:13+08:00 PORT=8080 USE_ASAN=0 ---
[run_webserver] starting webserver on port 8080
20260514 13:24:13.623144Z 2020668 INFO  HttpServer Listening on [ 0.0.0.0:8080 ] - HttpServer.cpp:35
20260514 13:24:15.760386Z 2020668 INFO  HttpServer::OnNewConnection : Add connection [ fd#10-id#1 ] from 127.0.0.1:44054 - HttpServer.cpp:49
20260514 13:24:15.760696Z 2020690 INFO  HttpServer::onMessage - Request URL : /metrics from TcpConnection[ fd#10-id#1 ] - HttpServer.cpp:89
20260514 13:24:19.942281Z 2020668 INFO  HttpServer::OnNewConnection : Add connection [ fd#11-id#2 ] from 58.247.150.86:15977 - HttpServer.cpp:49
20260514 13:24:19.942811Z 2020690 INFO  HttpServer::onMessage - Request URL : /monitor from TcpConnection[ fd#11-id#2 ] - HttpServer.cpp:89
20260514 13:24:19.944069Z 2020668 INFO  HttpServer::OnNewConnection : Add connection [ fd#12-id#3 ] from 58.247.150.86:15976 - HttpServer.cpp:49
20260514 13:24:19.984577Z 2020690 INFO  HttpServer::onMessage - Request URL : /api/prometheus/query_range from TcpConnection[ fd#11-id#2 ] - HttpServer.cpp:89
20260514 13:24:20.003383Z 2020690 INFO  HttpServer::onMessage - Request URL : /favicon.ico from TcpConnection[ fd#12-id#3 ] - HttpServer.cpp:89
20260514 13:24:20.012751Z 2020690 INFO  HttpServer::onMessage - Request URL : /api/prometheus/query_range from TcpConnection[ fd#11-id#2 ] - HttpServer.cpp:89
20260514 13:24:20.057056Z 2020690 INFO  HttpServer::onMessage - Request URL : /api/prometheus/query_range from TcpConnection[ fd#11-id#2 ] - HttpServer.cpp:89
20260514 13:24:20.086607Z 2020690 INFO  HttpServer::onMessage - Request URL : /api/prometheus/query_range from TcpConnection[ fd#11-id#2 ] - HttpServer.cpp:89
20260514 13:24:20.115027Z 2020690 INFO  HttpServer::onMessage - Request URL : /api/prometheus/query_range from TcpConnection[ fd#11-id#2 ] - HttpServer.cpp:89
20260514 13:24:20.760355Z 2020690 INFO  HttpServer::onMessage - Request URL : /metrics from TcpConnection[ fd#10-id#1 ] - HttpServer.cpp:89
20260514 13:24:25.761251Z 2020690 INFO  HttpServer::onMessage - Request URL : /metrics from TcpConnection[ fd#10-id#1 ] - HttpServer.cpp:89
20260514 13:24:30.763305Z 2020690 INFO  HttpServer::onMessage - Request URL : /metrics from TcpConnection[ fd#10-id#1 ] - HttpServer.cpp:89
20260514 13:24:34.337349Z 2020668 INFO  TcpServer::HandleCloseInLoop - Remove connection [id#2-fd#11] - TcpServer.cpp:69
20260514 13:24:34.337958Z 2020668 INFO  TcpServer::HandleCloseInLoop - Remove connection [id#3-fd#12] - TcpServer.cpp:69
20260514 13:24:35.763722Z 2020690 INFO  HttpServer::onMessage - Request URL : /metrics from TcpConnection[ fd#10-id#1 ] - HttpServer.cpp:89
20260514 13:24:40.762931Z 2020690 INFO  HttpServer::onMessage - Request URL : /metrics from TcpConnection[ fd#10-id#1 ] - HttpServer.cpp:89
20260514 13:24:44.791442Z 2020668 INFO  HttpServer::OnNewConnection : Add connection [ fd#11-id#4 ] from 58.247.150.86:16019 - HttpServer.cpp:49
20260514 13:24:44.791914Z 2020690 INFO  HttpServer::onMessage - Request URL : /api/prometheus/query_range from TcpConnection[ fd#11-id#4 ] - HttpServer.cpp:89
20260514 13:24:44.810436Z 2020690 INFO  HttpServer::onMessage - Request URL : /api/prometheus/query_range from TcpConnection[ fd#11-id#4 ] - HttpServer.cpp:89
20260514 13:24:44.834410Z 2020690 INFO  HttpServer::onMessage - Request URL : /api/prometheus/query_range from TcpConnection[ fd#11-id#4 ] - HttpServer.cpp:89
20260514 13:24:44.860395Z 2020690 INFO  HttpServer::onMessage - Request URL : /api/prometheus/query_range from TcpConnection[ fd#11-id#4 ] - HttpServer.cpp:89
20260514 13:24:44.876389Z 2020690 INFO  HttpServer::onMessage - Request URL : /api/prometheus/query_range from TcpConnection[ fd#11-id#4 ] - HttpServer.cpp:89
20260514 13:24:45.760978Z 2020690 INFO  HttpServer::onMessage - Request URL : /metrics from TcpConnection[ fd#10-id#1 ] - HttpServer.cpp:89
20260514 13:24:46.301394Z 2020690 INFO  HttpServer::onMessage - Request URL : /api/prometheus/query_range from TcpConnection[ fd#11-id#4 ] - HttpServer.cpp:89
20260514 13:24:46.317610Z 2020690 INFO  HttpServer::onMessage - Request URL : /api/prometheus/query_range from TcpConnection[ fd#11-id#4 ] - HttpServer.cpp:89
20260514 13:24:46.341423Z 2020690 INFO  HttpServer::onMessage - Request URL : /api/prometheus/query_range from TcpConnection[ fd#11-id#4 ] - HttpServer.cpp:89
20260514 13:24:46.363400Z 2020690 INFO  HttpServer::onMessage - Request URL : /api/prometheus/query_range from TcpConnection[ fd#11-id#4 ] - HttpServer.cpp:89
20260514 13:24:46.387635Z 2020690 INFO  HttpServer::onMessage - Request URL : /api/prometheus/query_range from TcpConnection[ fd#11-id#4 ] - HttpServer.cpp:89
20260514 13:24:47.427119Z 2020690 INFO  HttpServer::onMessage - Request URL : /api/prometheus/query_range from TcpConnection[ fd#11-id#4 ] - HttpServer.cpp:89
20260514 13:24:47.442026Z 2020690 INFO  HttpServer::onMessage - Request URL : /api/prometheus/query_range from TcpConnection[ fd#11-id#4 ] - HttpServer.cpp:89
20260514 13:24:47.464519Z 2020690 INFO  HttpServer::onMessage - Request URL : /api/prometheus/query_range from TcpConnection[ fd#11-id#4 ] - HttpServer.cpp:89
20260514 13:24:47.487012Z 2020690 INFO  HttpServer::onMessage - Request URL : /api/prometheus/query_range from TcpConnection[ fd#11-id#4 ] - HttpServer.cpp:89
20260514 13:24:47.501994Z 2020690 INFO  HttpServer::onMessage - Request URL : /api/prometheus/query_range from TcpConnection[ fd#11-id#4 ] - HttpServer.cpp:89
20260514 13:24:48.369443Z 2020690 INFO  HttpServer::onMessage - Request URL : /api/prometheus/query_range from TcpConnection[ fd#11-id#4 ] - HttpServer.cpp:89
20260514 13:24:48.388941Z 2020690 INFO  HttpServer::onMessage - Request URL : /api/prometheus/query_range from TcpConnection[ fd#11-id#4 ] - HttpServer.cpp:89
20260514 13:24:48.410884Z 2020690 INFO  HttpServer::onMessage - Request URL : /api/prometheus/query_range from TcpConnection[ fd#11-id#4 ] - HttpServer.cpp:89
20260514 13:24:48.433417Z 2020690 INFO  HttpServer::onMessage - Request URL : /api/prometheus/query_range from TcpConnection[ fd#11-id#4 ] - HttpServer.cpp:89
20260514 13:24:48.448393Z 2020690 INFO  HttpServer::onMessage - Request URL : /api/prometheus/query_range from TcpConnection[ fd#11-id#4 ] - HttpServer.cpp:89
20260514 13:24:50.760607Z 2020690 INFO  HttpServer::onMessage - Request URL : /metrics from TcpConnection[ fd#10-id#1 ] - HttpServer.cpp:89
20260514 13:24:51.420782Z 2020690 INFO  HttpServer::onMessage - Request URL : /api/prometheus/query_range from TcpConnection[ fd#11-id#4 ] - HttpServer.cpp:89
20260514 13:24:51.435990Z 2020690 INFO  HttpServer::onMessage - Request URL : /api/prometheus/query_range from TcpConnection[ fd#11-id#4 ] - HttpServer.cpp:89
20260514 13:24:51.458190Z 2020690 INFO  HttpServer::onMessage - Request URL : /api/prometheus/query_range from TcpConnection[ fd#11-id#4 ] - HttpServer.cpp:89
20260514 13:24:51.480442Z 2020690 INFO  HttpServer::onMessage - Request URL : /api/prometheus/query_range from TcpConnection[ fd#11-id#4 ] - HttpServer.cpp:89
20260514 13:24:51.510170Z 2020690 INFO  HttpServer::onMessage - Request URL : /api/prometheus/query_range from TcpConnection[ fd#11-id#4 ] - HttpServer.cpp:89
20260514 13:24:55.763416Z 2020690 INFO  HttpServer::onMessage - Request URL : /metrics from TcpConnection[ fd#10-id#1 ] - HttpServer.cpp:89
20260514 13:25:00.760209Z 2020690 INFO  HttpServer::onMessage - Request URL : /metrics from TcpConnection[ fd#10-id#1 ] - HttpServer.cpp:89
20260514 13:25:01.571335Z 2020668 INFO  TcpServer::HandleCloseInLoop - Remove connection [id#4-fd#11] - TcpServer.cpp:69
20260514 13:25:05.762616Z 2020690 INFO  HttpServer::onMessage - Request URL : /metrics from TcpConnection[ fd#10-id#1 ] - HttpServer.cpp:89
20260514 13:25:10.760332Z 2020690 INFO  HttpServer::onMessage - Request URL : /metrics from TcpConnection[ fd#10-id#1 ] - HttpServer.cpp:89
20260514 13:25:15.760206Z 2020690 INFO  HttpServer::onMessage - Request URL : /metrics from TcpConnection[ fd#10-id#1 ] - HttpServer.cpp:89
20260514 13:25:20.765579Z 2020690 INFO  HttpServer::onMessage - Request URL : /metrics from TcpConnection[ fd#10-id#1 ] - HttpServer.cpp:89
20260514 13:25:25.762805Z 2020690 INFO  HttpServer::onMessage - Request URL : /metrics from TcpConnection[ fd#10-id#1 ] - HttpServer.cpp:89
20260514 13:25:30.762903Z 2020690 INFO  HttpServer::onMessage - Request URL : /metrics from TcpConnection[ fd#10-id#1 ] - HttpServer.cpp:89
20260514 13:25:35.761425Z 2020690 INFO  HttpServer::onMessage - Request URL : /metrics from TcpConnection[ fd#10-id#1 ] - HttpServer.cpp:89
20260514 13:25:40.763718Z 2020690 INFO  HttpServer::onMessage - Request URL : /metrics from TcpConnection[ fd#10-id#1 ] - HttpServer.cpp:89
20260514 13:25:45.760441Z 2020690 INFO  HttpServer::onMessage - Request URL : /metrics from TcpConnection[ fd#10-id#1 ] - HttpServer.cpp:89
20260514 13:25:50.764061Z 2020690 INFO  HttpServer::onMessage - Request URL : /metrics from TcpConnection[ fd#10-id#1 ] - HttpServer.cpp:89
20260514 13:25:55.762418Z 2020690 INFO  HttpServer::onMessage - Request URL : /metrics from TcpConnection[ fd#10-id#1 ] - HttpServer.cpp:89
20260514 13:26:00.765785Z 2020690 INFO  HttpServer::onMessage - Request URL : /metrics from TcpConnection[ fd#10-id#1 ] - HttpServer.cpp:89
20260514 13:26:05.762791Z 2020690 INFO  HttpServer::onMessage - Request URL : /metrics from TcpConnection[ fd#10-id#1 ] - HttpServer.cpp:89

[run_webserver] --- session 2026-05-14T13:29:21+08:00 PORT=8080 USE_ASAN=0 ---
[run_webserver] starting webserver on port 8080
20260514 13:29:21.426670Z 2021774 INFO  HttpServer Listening on [ 0.0.0.0:8080 ] - HttpServer.cpp:35
20260514 13:29:25.762586Z 2021774 INFO  HttpServer::OnNewConnection : Add connection [ fd#10-id#1 ] from 127.0.0.1:34080 - HttpServer.cpp:49
20260514 13:29:25.763132Z 2021797 INFO  HttpServer::onMessage - Request URL : /metrics from TcpConnection[ fd#10-id#1 ] - HttpServer.cpp:89
20260514 13:29:26.184231Z 2021774 INFO  HttpServer::OnNewConnection : Add connection [ fd#11-id#2 ] from 58.247.150.86:16667 - HttpServer.cpp:49
20260514 13:29:26.190080Z 2021774 INFO  HttpServer::OnNewConnection : Add connection [ fd#12-id#3 ] from 58.247.150.86:16668 - HttpServer.cpp:49
20260514 13:29:26.190491Z 2021797 INFO  HttpServer::onMessage - Request URL : /monitor from TcpConnection[ fd#11-id#2 ] - HttpServer.cpp:89
20260514 13:29:26.245693Z 2021797 INFO  HttpServer::onMessage - Request URL : /api/prometheus/query_range from TcpConnection[ fd#11-id#2 ] - HttpServer.cpp:89
20260514 13:29:26.248297Z 2021797 INFO  HttpServer::onMessage - Request URL : /favicon.ico from TcpConnection[ fd#12-id#3 ] - HttpServer.cpp:89
20260514 13:29:26.294090Z 2021797 INFO  HttpServer::onMessage - Request URL : /api/prometheus/query_range from TcpConnection[ fd#12-id#3 ] - HttpServer.cpp:89
20260514 13:29:26.331581Z 2021797 INFO  HttpServer::onMessage - Request URL : /api/prometheus/query_range from TcpConnection[ fd#12-id#3 ] - HttpServer.cpp:89
20260514 13:29:26.363086Z 2021797 INFO  HttpServer::onMessage - Request URL : /api/prometheus/query_range from TcpConnection[ fd#12-id#3 ] - HttpServer.cpp:89
20260514 13:29:26.389541Z 2021797 INFO  HttpServer::onMessage - Request URL : /api/prometheus/query_range from TcpConnection[ fd#12-id#3 ] - HttpServer.cpp:89
20260514 13:29:30.762204Z 2021797 INFO  HttpServer::onMessage - Request URL : /metrics from TcpConnection[ fd#10-id#1 ] - HttpServer.cpp:89
20260514 13:29:35.763252Z 2021797 INFO  HttpServer::onMessage - Request URL : /metrics from TcpConnection[ fd#10-id#1 ] - HttpServer.cpp:89
20260514 13:29:40.603508Z 2021797 INFO  HttpServer::onMessage - Request URL : /monitor from TcpConnection[ fd#12-id#3 ] - HttpServer.cpp:89
20260514 13:29:40.653979Z 2021797 INFO  HttpServer::onMessage - Request URL : /api/prometheus/query_range from TcpConnection[ fd#12-id#3 ] - HttpServer.cpp:89
20260514 13:29:40.658227Z 2021797 INFO  HttpServer::onMessage - Request URL : /favicon.ico from TcpConnection[ fd#11-id#2 ] - HttpServer.cpp:89
20260514 13:29:40.688731Z 2021797 INFO  HttpServer::onMessage - Request URL : /api/prometheus/query_range from TcpConnection[ fd#11-id#2 ] - HttpServer.cpp:89
20260514 13:29:40.716995Z 2021797 INFO  HttpServer::onMessage - Request URL : /api/prometheus/query_range from TcpConnection[ fd#11-id#2 ] - HttpServer.cpp:89
20260514 13:29:40.743481Z 2021797 INFO  HttpServer::onMessage - Request URL : /api/prometheus/query_range from TcpConnection[ fd#11-id#2 ] - HttpServer.cpp:89
20260514 13:29:40.760246Z 2021797 INFO  HttpServer::onMessage - Request URL : /metrics from TcpConnection[ fd#10-id#1 ] - HttpServer.cpp:89
20260514 13:29:40.770727Z 2021797 INFO  HttpServer::onMessage - Request URL : /api/prometheus/query_range from TcpConnection[ fd#11-id#2 ] - HttpServer.cpp:89
20260514 13:29:42.665328Z 2021797 INFO  HttpServer::onMessage - Request URL : /monitor from TcpConnection[ fd#11-id#2 ] - HttpServer.cpp:89
20260514 13:29:42.716739Z 2021797 INFO  HttpServer::onMessage - Request URL : /favicon.ico from TcpConnection[ fd#12-id#3 ] - HttpServer.cpp:89
20260514 13:29:42.717022Z 2021797 INFO  HttpServer::onMessage - Request URL : /api/prometheus/query_range from TcpConnection[ fd#11-id#2 ] - HttpServer.cpp:89
20260514 13:29:42.748948Z 2021797 INFO  HttpServer::onMessage - Request URL : /api/prometheus/query_range from TcpConnection[ fd#12-id#3 ] - HttpServer.cpp:89
20260514 13:29:42.773684Z 2021797 INFO  HttpServer::onMessage - Request URL : /api/prometheus/query_range from TcpConnection[ fd#12-id#3 ] - HttpServer.cpp:89
20260514 13:29:42.797795Z 2021797 INFO  HttpServer::onMessage - Request URL : /api/prometheus/query_range from TcpConnection[ fd#12-id#3 ] - HttpServer.cpp:89
20260514 13:29:42.821217Z 2021797 INFO  HttpServer::onMessage - Request URL : /api/prometheus/query_range from TcpConnection[ fd#12-id#3 ] - HttpServer.cpp:89
20260514 13:29:43.804414Z 2021797 INFO  HttpServer::onMessage - Request URL : /monitor from TcpConnection[ fd#12-id#3 ] - HttpServer.cpp:89
20260514 13:29:43.851432Z 2021797 INFO  HttpServer::onMessage - Request URL : /api/prometheus/query_range from TcpConnection[ fd#12-id#3 ] - HttpServer.cpp:89
20260514 13:29:43.853434Z 2021797 INFO  HttpServer::onMessage - Request URL : /favicon.ico from TcpConnection[ fd#11-id#2 ] - HttpServer.cpp:89
20260514 13:29:43.880335Z 2021797 INFO  HttpServer::onMessage - Request URL : /api/prometheus/query_range from TcpConnection[ fd#12-id#3 ] - HttpServer.cpp:89
20260514 13:29:43.910341Z 2021797 INFO  HttpServer::onMessage - Request URL : /api/prometheus/query_range from TcpConnection[ fd#12-id#3 ] - HttpServer.cpp:89
20260514 13:29:43.932698Z 2021797 INFO  HttpServer::onMessage - Request URL : /api/prometheus/query_range from TcpConnection[ fd#12-id#3 ] - HttpServer.cpp:89
20260514 13:29:43.955460Z 2021797 INFO  HttpServer::onMessage - Request URL : /api/prometheus/query_range from TcpConnection[ fd#12-id#3 ] - HttpServer.cpp:89
20260514 13:29:44.726577Z 2021797 INFO  HttpServer::onMessage - Request URL : /monitor from TcpConnection[ fd#12-id#3 ] - HttpServer.cpp:89
20260514 13:29:44.773784Z 2021797 INFO  HttpServer::onMessage - Request URL : /api/prometheus/query_range from TcpConnection[ fd#12-id#3 ] - HttpServer.cpp:89
20260514 13:29:44.775136Z 2021797 INFO  HttpServer::onMessage - Request URL : /favicon.ico from TcpConnection[ fd#11-id#2 ] - HttpServer.cpp:89
20260514 13:29:44.801237Z 2021797 INFO  HttpServer::onMessage - Request URL : /api/prometheus/query_range from TcpConnection[ fd#12-id#3 ] - HttpServer.cpp:89
20260514 13:29:44.824801Z 2021797 INFO  HttpServer::onMessage - Request URL : /api/prometheus/query_range from TcpConnection[ fd#12-id#3 ] - HttpServer.cpp:89
20260514 13:29:44.849450Z 2021797 INFO  HttpServer::onMessage - Request URL : /api/prometheus/query_range from TcpConnection[ fd#12-id#3 ] - HttpServer.cpp:89
20260514 13:29:44.877550Z 2021797 INFO  HttpServer::onMessage - Request URL : /api/prometheus/query_range from TcpConnection[ fd#12-id#3 ] - HttpServer.cpp:89
20260514 13:29:45.356687Z 2021797 INFO  HttpServer::onMessage - Request URL : /monitor from TcpConnection[ fd#12-id#3 ] - HttpServer.cpp:89
20260514 13:29:45.406949Z 2021797 INFO  HttpServer::onMessage - Request URL : /api/prometheus/query_range from TcpConnection[ fd#12-id#3 ] - HttpServer.cpp:89
20260514 13:29:45.409782Z 2021797 INFO  HttpServer::onMessage - Request URL : /favicon.ico from TcpConnection[ fd#11-id#2 ] - HttpServer.cpp:89
20260514 13:29:45.439344Z 2021797 INFO  HttpServer::onMessage - Request URL : /api/prometheus/query_range from TcpConnection[ fd#12-id#3 ] - HttpServer.cpp:89
20260514 13:29:45.463617Z 2021797 INFO  HttpServer::onMessage - Request URL : /api/prometheus/query_range from TcpConnection[ fd#12-id#3 ] - HttpServer.cpp:89
20260514 13:29:45.486844Z 2021797 INFO  HttpServer::onMessage - Request URL : /api/prometheus/query_range from TcpConnection[ fd#12-id#3 ] - HttpServer.cpp:89
20260514 13:29:45.509888Z 2021797 INFO  HttpServer::onMessage - Request URL : /api/prometheus/query_range from TcpConnection[ fd#12-id#3 ] - HttpServer.cpp:89
20260514 13:29:45.760995Z 2021797 INFO  HttpServer::onMessage - Request URL : /metrics from TcpConnection[ fd#10-id#1 ] - HttpServer.cpp:89
20260514 13:29:46.013130Z 2021797 INFO  HttpServer::onMessage - Request URL : /monitor from TcpConnection[ fd#12-id#3 ] - HttpServer.cpp:89
20260514 13:29:46.055799Z 2021797 INFO  HttpServer::onMessage - Request URL : /api/prometheus/query_range from TcpConnection[ fd#12-id#3 ] - HttpServer.cpp:89
20260514 13:29:46.057031Z 2021797 INFO  HttpServer::onMessage - Request URL : /favicon.ico from TcpConnection[ fd#11-id#2 ] - HttpServer.cpp:89
20260514 13:29:46.090026Z 2021797 INFO  HttpServer::onMessage - Request URL : /api/prometheus/query_range from TcpConnection[ fd#12-id#3 ] - HttpServer.cpp:89
20260514 13:29:46.120903Z 2021797 INFO  HttpServer::onMessage - Request URL : /api/prometheus/query_range from TcpConnection[ fd#12-id#3 ] - HttpServer.cpp:89
20260514 13:29:46.144033Z 2021797 INFO  HttpServer::onMessage - Request URL : /api/prometheus/query_range from TcpConnection[ fd#12-id#3 ] - HttpServer.cpp:89
20260514 13:29:46.166514Z 2021797 INFO  HttpServer::onMessage - Request URL : /api/prometheus/query_range from TcpConnection[ fd#12-id#3 ] - HttpServer.cpp:89
20260514 13:29:47.217682Z 2021797 INFO  HttpServer::onMessage - Request URL : /monitor from TcpConnection[ fd#12-id#3 ] - HttpServer.cpp:89
20260514 13:29:47.263897Z 2021797 INFO  HttpServer::onMessage - Request URL : /api/prometheus/query_range from TcpConnection[ fd#12-id#3 ] - HttpServer.cpp:89
20260514 13:29:47.267406Z 2021797 INFO  HttpServer::onMessage - Request URL : /favicon.ico from TcpConnection[ fd#11-id#2 ] - HttpServer.cpp:89
20260514 13:29:47.297136Z 2021797 INFO  HttpServer::onMessage - Request URL : /api/prometheus/query_range from TcpConnection[ fd#12-id#3 ] - HttpServer.cpp:89
20260514 13:29:47.321699Z 2021797 INFO  HttpServer::onMessage - Request URL : /api/prometheus/query_range from TcpConnection[ fd#12-id#3 ] - HttpServer.cpp:89
20260514 13:29:47.346348Z 2021797 INFO  HttpServer::onMessage - Request URL : /api/prometheus/query_range from TcpConnection[ fd#12-id#3 ] - HttpServer.cpp:89
20260514 13:29:47.370124Z 2021797 INFO  HttpServer::onMessage - Request URL : /api/prometheus/query_range from TcpConnection[ fd#12-id#3 ] - HttpServer.cpp:89
20260514 13:29:48.252582Z 2021797 INFO  HttpServer::onMessage - Request URL : /monitor from TcpConnection[ fd#12-id#3 ] - HttpServer.cpp:89
20260514 13:29:48.296280Z 2021797 INFO  HttpServer::onMessage - Request URL : /api/prometheus/query_range from TcpConnection[ fd#12-id#3 ] - HttpServer.cpp:89
20260514 13:29:48.297803Z 2021797 INFO  HttpServer::onMessage - Request URL : /favicon.ico from TcpConnection[ fd#11-id#2 ] - HttpServer.cpp:89
20260514 13:29:48.328274Z 2021797 INFO  HttpServer::onMessage - Request URL : /api/prometheus/query_range from TcpConnection[ fd#12-id#3 ] - HttpServer.cpp:89
20260514 13:29:48.357040Z 2021797 INFO  HttpServer::onMessage - Request URL : /api/prometheus/query_range from TcpConnection[ fd#12-id#3 ] - HttpServer.cpp:89
20260514 13:29:48.379787Z 2021797 INFO  HttpServer::onMessage - Request URL : /api/prometheus/query_range from TcpConnection[ fd#12-id#3 ] - HttpServer.cpp:89
20260514 13:29:48.403043Z 2021797 INFO  HttpServer::onMessage - Request URL : /api/prometheus/query_range from TcpConnection[ fd#12-id#3 ] - HttpServer.cpp:89
20260514 13:29:49.087948Z 2021797 INFO  HttpServer::onMessage - Request URL : /monitor from TcpConnection[ fd#12-id#3 ] - HttpServer.cpp:89
20260514 13:29:49.133922Z 2021797 INFO  HttpServer::onMessage - Request URL : /api/prometheus/query_range from TcpConnection[ fd#12-id#3 ] - HttpServer.cpp:89
20260514 13:29:49.137692Z 2021797 INFO  HttpServer::onMessage - Request URL : /favicon.ico from TcpConnection[ fd#11-id#2 ] - HttpServer.cpp:89
20260514 13:29:49.165642Z 2021797 INFO  HttpServer::onMessage - Request URL : /api/prometheus/query_range from TcpConnection[ fd#12-id#3 ] - HttpServer.cpp:89
20260514 13:29:49.193144Z 2021797 INFO  HttpServer::onMessage - Request URL : /api/prometheus/query_range from TcpConnection[ fd#12-id#3 ] - HttpServer.cpp:89
20260514 13:29:49.217459Z 2021797 INFO  HttpServer::onMessage - Request URL : /api/prometheus/query_range from TcpConnection[ fd#12-id#3 ] - HttpServer.cpp:89
20260514 13:29:49.244660Z 2021797 INFO  HttpServer::onMessage - Request URL : /api/prometheus/query_range from TcpConnection[ fd#12-id#3 ] - HttpServer.cpp:89
20260514 13:29:50.744619Z 2021797 INFO  HttpServer::onMessage - Request URL : /monitor from TcpConnection[ fd#12-id#3 ] - HttpServer.cpp:89
20260514 13:29:50.760153Z 2021797 INFO  HttpServer::onMessage - Request URL : /metrics from TcpConnection[ fd#10-id#1 ] - HttpServer.cpp:89
20260514 13:29:50.792829Z 2021797 INFO  HttpServer::onMessage - Request URL : /api/prometheus/query_range from TcpConnection[ fd#12-id#3 ] - HttpServer.cpp:89
20260514 13:29:50.796826Z 2021797 INFO  HttpServer::onMessage - Request URL : /favicon.ico from TcpConnection[ fd#11-id#2 ] - HttpServer.cpp:89
20260514 13:29:50.825296Z 2021797 INFO  HttpServer::onMessage - Request URL : /api/prometheus/query_range from TcpConnection[ fd#12-id#3 ] - HttpServer.cpp:89
20260514 13:29:50.835823Z 2021774 INFO  TcpServer::HandleCloseInLoop - Remove connection [id#2-fd#11] - TcpServer.cpp:69
20260514 13:29:50.842000Z 2021774 INFO  TcpServer::HandleCloseInLoop - Remove connection [id#3-fd#12] - TcpServer.cpp:69
20260514 13:29:50.866389Z 2021774 INFO  HttpServer::OnNewConnection : Add connection [ fd#11-id#4 ] from 58.247.150.86:16690 - HttpServer.cpp:49
20260514 13:29:50.866876Z 2021797 INFO  HttpServer::onMessage - Request URL : /api/prometheus/query_range from TcpConnection[ fd#11-id#4 ] - HttpServer.cpp:89
20260514 13:29:50.892131Z 2021797 INFO  HttpServer::onMessage - Request URL : /api/prometheus/query_range from TcpConnection[ fd#11-id#4 ] - HttpServer.cpp:89
20260514 13:29:50.920322Z 2021797 INFO  HttpServer::onMessage - Request URL : /api/prometheus/query_range from TcpConnection[ fd#11-id#4 ] - HttpServer.cpp:89
20260514 13:29:51.710054Z 2021797 INFO  HttpServer::onMessage - Request URL : /monitor from TcpConnection[ fd#11-id#4 ] - HttpServer.cpp:89
20260514 13:29:51.719838Z 2021774 INFO  HttpServer::OnNewConnection : Add connection [ fd#12-id#5 ] from 58.247.150.86:16692 - HttpServer.cpp:49
20260514 13:29:51.756558Z 2021797 INFO  HttpServer::onMessage - Request URL : /api/prometheus/query_range from TcpConnection[ fd#11-id#4 ] - HttpServer.cpp:89
20260514 13:29:51.757649Z 2021797 INFO  HttpServer::onMessage - Request URL : /favicon.ico from TcpConnection[ fd#12-id#5 ] - HttpServer.cpp:89
20260514 13:29:51.789379Z 2021797 INFO  HttpServer::onMessage - Request URL : /api/prometheus/query_range from TcpConnection[ fd#12-id#5 ] - HttpServer.cpp:89
20260514 13:29:51.820849Z 2021797 INFO  HttpServer::onMessage - Request URL : /api/prometheus/query_range from TcpConnection[ fd#12-id#5 ] - HttpServer.cpp:89
20260514 13:29:51.846077Z 2021797 INFO  HttpServer::onMessage - Request URL : /api/prometheus/query_range from TcpConnection[ fd#12-id#5 ] - HttpServer.cpp:89
20260514 13:29:51.877312Z 2021797 INFO  HttpServer::onMessage - Request URL : /api/prometheus/query_range from TcpConnection[ fd#12-id#5 ] - HttpServer.cpp:89
20260514 13:29:54.383846Z 2021797 INFO  HttpServer::onMessage - Request URL : /monitor from TcpConnection[ fd#12-id#5 ] - HttpServer.cpp:89
20260514 13:29:54.434544Z 2021797 INFO  HttpServer::onMessage - Request URL : /api/prometheus/query_range from TcpConnection[ fd#12-id#5 ] - HttpServer.cpp:89
20260514 13:29:54.435899Z 2021797 INFO  HttpServer::onMessage - Request URL : /favicon.ico from TcpConnection[ fd#11-id#4 ] - HttpServer.cpp:89
20260514 13:29:54.470501Z 2021797 INFO  HttpServer::onMessage - Request URL : /api/prometheus/query_range from TcpConnection[ fd#11-id#4 ] - HttpServer.cpp:89
20260514 13:29:54.497442Z 2021797 INFO  HttpServer::onMessage - Request URL : /api/prometheus/query_range from TcpConnection[ fd#11-id#4 ] - HttpServer.cpp:89
20260514 13:29:54.521199Z 2021797 INFO  HttpServer::onMessage - Request URL : /api/prometheus/query_range from TcpConnection[ fd#11-id#4 ] - HttpServer.cpp:89
20260514 13:29:54.545681Z 2021797 INFO  HttpServer::onMessage - Request URL : /api/prometheus/query_range from TcpConnection[ fd#11-id#4 ] - HttpServer.cpp:89
20260514 13:29:55.517119Z 2021797 INFO  HttpServer::onMessage - Request URL : /monitor from TcpConnection[ fd#11-id#4 ] - HttpServer.cpp:89
20260514 13:29:55.563343Z 2021797 INFO  HttpServer::onMessage - Request URL : /api/prometheus/query_range from TcpConnection[ fd#11-id#4 ] - HttpServer.cpp:89
20260514 13:29:55.564586Z 2021797 INFO  HttpServer::onMessage - Request URL : /favicon.ico from TcpConnection[ fd#12-id#5 ] - HttpServer.cpp:89
20260514 13:29:55.595405Z 2021797 INFO  HttpServer::onMessage - Request URL : /api/prometheus/query_range from TcpConnection[ fd#12-id#5 ] - HttpServer.cpp:89
20260514 13:29:55.621085Z 2021797 INFO  HttpServer::onMessage - Request URL : /api/prometheus/query_range from TcpConnection[ fd#12-id#5 ] - HttpServer.cpp:89
20260514 13:29:55.646070Z 2021797 INFO  HttpServer::onMessage - Request URL : /api/prometheus/query_range from TcpConnection[ fd#12-id#5 ] - HttpServer.cpp:89
20260514 13:29:55.668598Z 2021797 INFO  HttpServer::onMessage - Request URL : /api/prometheus/query_range from TcpConnection[ fd#12-id#5 ] - HttpServer.cpp:89
20260514 13:29:55.760355Z 2021797 INFO  HttpServer::onMessage - Request URL : /metrics from TcpConnection[ fd#10-id#1 ] - HttpServer.cpp:89
20260514 13:29:58.743568Z 2021797 INFO  HttpServer::onMessage - Request URL : /monitor from TcpConnection[ fd#12-id#5 ] - HttpServer.cpp:89
20260514 13:29:58.793810Z 2021797 INFO  HttpServer::onMessage - Request URL : /api/prometheus/query_range from TcpConnection[ fd#12-id#5 ] - HttpServer.cpp:89
20260514 13:29:58.794910Z 2021797 INFO  HttpServer::onMessage - Request URL : /favicon.ico from TcpConnection[ fd#11-id#4 ] - HttpServer.cpp:89
20260514 13:29:58.824249Z 2021797 INFO  HttpServer::onMessage - Request URL : /api/prometheus/query_range from TcpConnection[ fd#12-id#5 ] - HttpServer.cpp:89
20260514 13:29:58.847993Z 2021797 INFO  HttpServer::onMessage - Request URL : /api/prometheus/query_range from TcpConnection[ fd#12-id#5 ] - HttpServer.cpp:89
20260514 13:29:58.872498Z 2021797 INFO  HttpServer::onMessage - Request URL : /api/prometheus/query_range from TcpConnection[ fd#12-id#5 ] - HttpServer.cpp:89
20260514 13:29:58.896812Z 2021797 INFO  HttpServer::onMessage - Request URL : /api/prometheus/query_range from TcpConnection[ fd#12-id#5 ] - HttpServer.cpp:89
20260514 13:29:59.637154Z 2021797 INFO  HttpServer::onMessage - Request URL : /monitor from TcpConnection[ fd#12-id#5 ] - HttpServer.cpp:89
20260514 13:29:59.685639Z 2021797 INFO  HttpServer::onMessage - Request URL : /favicon.ico from TcpConnection[ fd#11-id#4 ] - HttpServer.cpp:89
20260514 13:29:59.685810Z 2021797 INFO  HttpServer::onMessage - Request URL : /api/prometheus/query_range from TcpConnection[ fd#12-id#5 ] - HttpServer.cpp:89
20260514 13:29:59.717123Z 2021797 INFO  HttpServer::onMessage - Request URL : /api/prometheus/query_range from TcpConnection[ fd#12-id#5 ] - HttpServer.cpp:89
20260514 13:29:59.743391Z 2021797 INFO  HttpServer::onMessage - Request URL : /api/prometheus/query_range from TcpConnection[ fd#12-id#5 ] - HttpServer.cpp:89
20260514 13:29:59.767153Z 2021797 INFO  HttpServer::onMessage - Request URL : /api/prometheus/query_range from TcpConnection[ fd#12-id#5 ] - HttpServer.cpp:89
20260514 13:29:59.789620Z 2021797 INFO  HttpServer::onMessage - Request URL : /api/prometheus/query_range from TcpConnection[ fd#12-id#5 ] - HttpServer.cpp:89
20260514 13:30:00.536383Z 2021797 INFO  HttpServer::onMessage - Request URL : /monitor from TcpConnection[ fd#12-id#5 ] - HttpServer.cpp:89
20260514 13:30:00.584046Z 2021797 INFO  HttpServer::onMessage - Request URL : /favicon.ico from TcpConnection[ fd#11-id#4 ] - HttpServer.cpp:89
20260514 13:30:00.584291Z 2021797 INFO  HttpServer::onMessage - Request URL : /api/prometheus/query_range from TcpConnection[ fd#12-id#5 ] - HttpServer.cpp:89
20260514 13:30:00.613793Z 2021797 INFO  HttpServer::onMessage - Request URL : /api/prometheus/query_range from TcpConnection[ fd#12-id#5 ] - HttpServer.cpp:89
20260514 13:30:00.637299Z 2021797 INFO  HttpServer::onMessage - Request URL : /api/prometheus/query_range from TcpConnection[ fd#12-id#5 ] - HttpServer.cpp:89
20260514 13:30:00.664782Z 2021797 INFO  HttpServer::onMessage - Request URL : /api/prometheus/query_range from TcpConnection[ fd#12-id#5 ] - HttpServer.cpp:89
20260514 13:30:00.688067Z 2021797 INFO  HttpServer::onMessage - Request URL : /api/prometheus/query_range from TcpConnection[ fd#12-id#5 ] - HttpServer.cpp:89
20260514 13:30:00.760070Z 2021797 INFO  HttpServer::onMessage - Request URL : /metrics from TcpConnection[ fd#10-id#1 ] - HttpServer.cpp:89
20260514 13:30:05.763859Z 2021797 INFO  HttpServer::onMessage - Request URL : /metrics from TcpConnection[ fd#10-id#1 ] - HttpServer.cpp:89
20260514 13:30:10.763116Z 2021797 INFO  HttpServer::onMessage - Request URL : /metrics from TcpConnection[ fd#10-id#1 ] - HttpServer.cpp:89
20260514 13:30:15.762129Z 2021797 INFO  HttpServer::onMessage - Request URL : /metrics from TcpConnection[ fd#10-id#1 ] - HttpServer.cpp:89
20260514 13:30:20.762284Z 2021797 INFO  HttpServer::onMessage - Request URL : /metrics from TcpConnection[ fd#10-id#1 ] - HttpServer.cpp:89
20260514 13:30:25.763554Z 2021797 INFO  HttpServer::onMessage - Request URL : /metrics from TcpConnection[ fd#10-id#1 ] - HttpServer.cpp:89
20260514 13:30:30.763055Z 2021797 INFO  HttpServer::onMessage - Request URL : /metrics from TcpConnection[ fd#10-id#1 ] - HttpServer.cpp:89
20260514 13:30:35.760946Z 2021797 INFO  HttpServer::onMessage - Request URL : /metrics from TcpConnection[ fd#10-id#1 ] - HttpServer.cpp:89
20260514 13:30:40.764187Z 2021797 INFO  HttpServer::onMessage - Request URL : /metrics from TcpConnection[ fd#10-id#1 ] - HttpServer.cpp:89
20260514 13:30:45.763292Z 2021797 INFO  HttpServer::onMessage - Request URL : /metrics from TcpConnection[ fd#10-id#1 ] - HttpServer.cpp:89
20260514 13:30:50.760676Z 2021797 INFO  HttpServer::onMessage - Request URL : /metrics from TcpConnection[ fd#10-id#1 ] - HttpServer.cpp:89
20260514 13:30:55.763607Z 2021797 INFO  HttpServer::onMessage - Request URL : /metrics from TcpConnection[ fd#10-id#1 ] - HttpServer.cpp:89
20260514 13:31:00.762636Z 2021797 INFO  HttpServer::onMessage - Request URL : /metrics from TcpConnection[ fd#10-id#1 ] - HttpServer.cpp:89
20260514 13:31:02.646479Z 2021774 INFO  TcpServer::HandleCloseInLoop - Remove connection [id#4-fd#11] - TcpServer.cpp:69
20260514 13:31:02.646931Z 2021774 INFO  TcpServer::HandleCloseInLoop - Remove connection [id#5-fd#12] - TcpServer.cpp:69
20260514 13:31:05.763672Z 2021797 INFO  HttpServer::onMessage - Request URL : /metrics from TcpConnection[ fd#10-id#1 ] - HttpServer.cpp:89
20260514 13:31:10.760445Z 2021797 INFO  HttpServer::onMessage - Request URL : /metrics from TcpConnection[ fd#10-id#1 ] - HttpServer.cpp:89
20260514 13:31:15.761913Z 2021797 INFO  HttpServer::onMessage - Request URL : /metrics from TcpConnection[ fd#10-id#1 ] - HttpServer.cpp:89
20260514 13:31:20.762476Z 2021797 INFO  HttpServer::onMessage - Request URL : /metrics from TcpConnection[ fd#10-id#1 ] - HttpServer.cpp:89
20260514 13:31:25.761441Z 2021797 INFO  HttpServer::onMessage - Request URL : /metrics from TcpConnection[ fd#10-id#1 ] - HttpServer.cpp:89
20260514 13:31:30.763734Z 2021797 INFO  HttpServer::onMessage - Request URL : /metrics from TcpConnection[ fd#10-id#1 ] - HttpServer.cpp:89
20260514 13:31:35.760981Z 2021797 INFO  HttpServer::onMessage - Request URL : /metrics from TcpConnection[ fd#10-id#1 ] - HttpServer.cpp:89
20260514 13:31:40.763127Z 2021797 INFO  HttpServer::onMessage - Request URL : /metrics from TcpConnection[ fd#10-id#1 ] - HttpServer.cpp:89
20260514 13:31:45.762666Z 2021797 INFO  HttpServer::onMessage - Request URL : /metrics from TcpConnection[ fd#10-id#1 ] - HttpServer.cpp:89
20260514 13:31:50.762111Z 2021797 INFO  HttpServer::onMessage - Request URL : /metrics from TcpConnection[ fd#10-id#1 ] - HttpServer.cpp:89
20260514 13:31:55.760742Z 2021797 INFO  HttpServer::onMessage - Request URL : /metrics from TcpConnection[ fd#10-id#1 ] - HttpServer.cpp:89
20260514 13:32:00.763603Z 2021797 INFO  HttpServer::onMessage - Request URL : /metrics from TcpConnection[ fd#10-id#1 ] - HttpServer.cpp:89
20260514 13:32:05.762948Z 2021797 INFO  HttpServer::onMessage - Request URL : /metrics from TcpConnection[ fd#10-id#1 ] - HttpServer.cpp:89
20260514 13:32:10.761461Z 2021797 INFO  HttpServer::onMessage - Request URL : /metrics from TcpConnection[ fd#10-id#1 ] - HttpServer.cpp:89
20260514 13:32:15.761255Z 2021797 INFO  HttpServer::onMessage - Request URL : /metrics from TcpConnection[ fd#10-id#1 ] - HttpServer.cpp:89
20260514 13:32:20.763187Z 2021797 INFO  HttpServer::onMessage - Request URL : /metrics from TcpConnection[ fd#10-id#1 ] - HttpServer.cpp:89
20260514 13:32:25.763692Z 2021797 INFO  HttpServer::onMessage - Request URL : /metrics from TcpConnection[ fd#10-id#1 ] - HttpServer.cpp:89
20260514 13:32:30.762368Z 2021797 INFO  HttpServer::onMessage - Request URL : /metrics from TcpConnection[ fd#10-id#1 ] - HttpServer.cpp:89
20260514 13:32:35.760192Z 2021797 INFO  HttpServer::onMessage - Request URL : /metrics from TcpConnection[ fd#10-id#1 ] - HttpServer.cpp:89
20260514 13:32:40.763661Z 2021797 INFO  HttpServer::onMessage - Request URL : /metrics from TcpConnection[ fd#10-id#1 ] - HttpServer.cpp:89
20260514 13:32:45.763195Z 2021797 INFO  HttpServer::onMessage - Request URL : /metrics from TcpConnection[ fd#10-id#1 ] - HttpServer.cpp:89
20260514 13:32:50.763319Z 2021797 INFO  HttpServer::onMessage - Request URL : /metrics from TcpConnection[ fd#10-id#1 ] - HttpServer.cpp:89
20260514 13:32:55.763056Z 2021797 INFO  HttpServer::onMessage - Request URL : /metrics from TcpConnection[ fd#10-id#1 ] - HttpServer.cpp:89
20260514 13:33:00.760456Z 2021797 INFO  HttpServer::onMessage - Request URL : /metrics from TcpConnection[ fd#10-id#1 ] - HttpServer.cpp:89
20260514 13:33:05.760391Z 2021797 INFO  HttpServer::onMessage - Request URL : /metrics from TcpConnection[ fd#10-id#1 ] - HttpServer.cpp:89
20260514 13:33:10.763439Z 2021797 INFO  HttpServer::onMessage - Request URL : /metrics from TcpConnection[ fd#10-id#1 ] - HttpServer.cpp:89
20260514 13:33:15.761434Z 2021797 INFO  HttpServer::onMessage - Request URL : /metrics from TcpConnection[ fd#10-id#1 ] - HttpServer.cpp:89
20260514 13:33:20.763611Z 2021797 INFO  HttpServer::onMessage - Request URL : /metrics from TcpConnection[ fd#10-id#1 ] - HttpServer.cpp:89
20260514 13:33:25.762887Z 2021797 INFO  HttpServer::onMessage - Request URL : /metrics from TcpConnection[ fd#10-id#1 ] - HttpServer.cpp:89
20260514 13:33:30.760912Z 2021797 INFO  HttpServer::onMessage - Request URL : /metrics from TcpConnection[ fd#10-id#1 ] - HttpServer.cpp:89
20260514 13:33:35.761674Z 2021797 INFO  HttpServer::onMessage - Request URL : /metrics from TcpConnection[ fd#10-id#1 ] - HttpServer.cpp:89
20260514 13:33:40.762319Z 2021797 INFO  HttpServer::onMessage - Request URL : /metrics from TcpConnection[ fd#10-id#1 ] - HttpServer.cpp:89
20260514 13:33:45.763214Z 2021797 INFO  HttpServer::onMessage - Request URL : /metrics from TcpConnection[ fd#10-id#1 ] - HttpServer.cpp:89
20260514 13:33:50.763104Z 2021797 INFO  HttpServer::onMessage - Request URL : /metrics from TcpConnection[ fd#10-id#1 ] - HttpServer.cpp:89
20260514 13:33:55.763420Z 2021797 INFO  HttpServer::onMessage - Request URL : /metrics from TcpConnection[ fd#10-id#1 ] - HttpServer.cpp:89
20260514 13:34:00.763180Z 2021797 INFO  HttpServer::onMessage - Request URL : /metrics from TcpConnection[ fd#10-id#1 ] - HttpServer.cpp:89
20260514 13:34:05.764073Z 2021797 INFO  HttpServer::onMessage - Request URL : /metrics from TcpConnection[ fd#10-id#1 ] - HttpServer.cpp:89
20260514 13:34:10.761003Z 2021797 INFO  HttpServer::onMessage - Request URL : /metrics from TcpConnection[ fd#10-id#1 ] - HttpServer.cpp:89
20260514 13:34:15.761007Z 2021797 INFO  HttpServer::onMessage - Request URL : /metrics from TcpConnection[ fd#10-id#1 ] - HttpServer.cpp:89
20260514 13:34:20.762007Z 2021797 INFO  HttpServer::onMessage - Request URL : /metrics from TcpConnection[ fd#10-id#1 ] - HttpServer.cpp:89
20260514 13:34:25.763093Z 2021797 INFO  HttpServer::onMessage - Request URL : /metrics from TcpConnection[ fd#10-id#1 ] - HttpServer.cpp:89
20260514 13:34:30.771064Z 2021797 INFO  HttpServer::onMessage - Request URL : /metrics from TcpConnection[ fd#10-id#1 ] - HttpServer.cpp:89
20260514 13:34:35.763116Z 2021797 INFO  HttpServer::onMessage - Request URL : /metrics from TcpConnection[ fd#10-id#1 ] - HttpServer.cpp:89
20260514 13:34:40.760186Z 2021797 INFO  HttpServer::onMessage - Request URL : /metrics from TcpConnection[ fd#10-id#1 ] - HttpServer.cpp:89
20260514 13:34:45.760356Z 2021797 INFO  HttpServer::onMessage - Request URL : /metrics from TcpConnection[ fd#10-id#1 ] - HttpServer.cpp:89
20260514 13:34:50.762356Z 2021797 INFO  HttpServer::onMessage - Request URL : /metrics from TcpConnection[ fd#10-id#1 ] - HttpServer.cpp:89
20260514 13:34:55.761676Z 2021797 INFO  HttpServer::onMessage - Request URL : /metrics from TcpConnection[ fd#10-id#1 ] - HttpServer.cpp:89
20260514 13:35:00.762696Z 2021797 INFO  HttpServer::onMessage - Request URL : /metrics from TcpConnection[ fd#10-id#1 ] - HttpServer.cpp:89
20260514 13:35:05.760882Z 2021797 INFO  HttpServer::onMessage - Request URL : /metrics from TcpConnection[ fd#10-id#1 ] - HttpServer.cpp:89
20260514 13:35:10.762588Z 2021797 INFO  HttpServer::onMessage - Request URL : /metrics from TcpConnection[ fd#10-id#1 ] - HttpServer.cpp:89
20260514 13:35:15.763304Z 2021797 INFO  HttpServer::onMessage - Request URL : /metrics from TcpConnection[ fd#10-id#1 ] - HttpServer.cpp:89
20260514 13:35:20.760267Z 2021797 INFO  HttpServer::onMessage - Request URL : /metrics from TcpConnection[ fd#10-id#1 ] - HttpServer.cpp:89
20260514 13:35:25.760185Z 2021797 INFO  HttpServer::onMessage - Request URL : /metrics from TcpConnection[ fd#10-id#1 ] - HttpServer.cpp:89
20260514 13:35:30.762299Z 2021797 INFO  HttpServer::onMessage - Request URL : /metrics from TcpConnection[ fd#10-id#1 ] - HttpServer.cpp:89
20260514 13:35:35.763590Z 2021797 INFO  HttpServer::onMessage - Request URL : /metrics from TcpConnection[ fd#10-id#1 ] - HttpServer.cpp:89
20260514 13:35:40.763917Z 2021797 INFO  HttpServer::onMessage - Request URL : /metrics from TcpConnection[ fd#10-id#1 ] - HttpServer.cpp:89
20260514 13:35:45.761813Z 2021797 INFO  HttpServer::onMessage - Request URL : /metrics from TcpConnection[ fd#10-id#1 ] - HttpServer.cpp:89
20260514 13:35:50.762729Z 2021797 INFO  HttpServer::onMessage - Request URL : /metrics from TcpConnection[ fd#10-id#1 ] - HttpServer.cpp:89
20260514 13:35:55.762328Z 2021797 INFO  HttpServer::onMessage - Request URL : /metrics from TcpConnection[ fd#10-id#1 ] - HttpServer.cpp:89
20260514 13:36:00.761161Z 2021797 INFO  HttpServer::onMessage - Request URL : /metrics from TcpConnection[ fd#10-id#1 ] - HttpServer.cpp:89
20260514 13:36:05.762249Z 2021797 INFO  HttpServer::onMessage - Request URL : /metrics from TcpConnection[ fd#10-id#1 ] - HttpServer.cpp:89
20260514 13:36:10.763272Z 2021797 INFO  HttpServer::onMessage - Request URL : /metrics from TcpConnection[ fd#10-id#1 ] - HttpServer.cpp:89
20260514 13:36:15.763027Z 2021797 INFO  HttpServer::onMessage - Request URL : /metrics from TcpConnection[ fd#10-id#1 ] - HttpServer.cpp:89
20260514 13:36:20.762599Z 2021797 INFO  HttpServer::onMessage - Request URL : /metrics from TcpConnection[ fd#10-id#1 ] - HttpServer.cpp:89
20260514 13:36:25.762203Z 2021797 INFO  HttpServer::onMessage - Request URL : /metrics from TcpConnection[ fd#10-id#1 ] - HttpServer.cpp:89
20260514 13:36:30.760173Z 2021797 INFO  HttpServer::onMessage - Request URL : /metrics from TcpConnection[ fd#10-id#1 ] - HttpServer.cpp:89
20260514 13:36:35.763342Z 2021797 INFO  HttpServer::onMessage - Request URL : /metrics from TcpConnection[ fd#10-id#1 ] - HttpServer.cpp:89
20260514 13:36:40.763659Z 2021797 INFO  HttpServer::onMessage - Request URL : /metrics from TcpConnection[ fd#10-id#1 ] - HttpServer.cpp:89
20260514 13:36:45.763069Z 2021797 INFO  HttpServer::onMessage - Request URL : /metrics from TcpConnection[ fd#10-id#1 ] - HttpServer.cpp:89
20260514 13:36:50.761028Z 2021797 INFO  HttpServer::onMessage - Request URL : /metrics from TcpConnection[ fd#10-id#1 ] - HttpServer.cpp:89
20260514 13:36:55.763338Z 2021797 INFO  HttpServer::onMessage - Request URL : /metrics from TcpConnection[ fd#10-id#1 ] - HttpServer.cpp:89
20260514 13:37:00.762992Z 2021797 INFO  HttpServer::onMessage - Request URL : /metrics from TcpConnection[ fd#10-id#1 ] - HttpServer.cpp:89
20260514 13:37:05.763143Z 2021797 INFO  HttpServer::onMessage - Request URL : /metrics from TcpConnection[ fd#10-id#1 ] - HttpServer.cpp:89
20260514 13:37:10.763564Z 2021797 INFO  HttpServer::onMessage - Request URL : /metrics from TcpConnection[ fd#10-id#1 ] - HttpServer.cpp:89
20260514 13:37:15.762290Z 2021797 INFO  HttpServer::onMessage - Request URL : /metrics from TcpConnection[ fd#10-id#1 ] - HttpServer.cpp:89
20260514 13:37:20.762535Z 2021797 INFO  HttpServer::onMessage - Request URL : /metrics from TcpConnection[ fd#10-id#1 ] - HttpServer.cpp:89
20260514 13:37:25.762295Z 2021797 INFO  HttpServer::onMessage - Request URL : /metrics from TcpConnection[ fd#10-id#1 ] - HttpServer.cpp:89
20260514 13:37:30.763517Z 2021797 INFO  HttpServer::onMessage - Request URL : /metrics from TcpConnection[ fd#10-id#1 ] - HttpServer.cpp:89
20260514 13:37:35.761401Z 2021797 INFO  HttpServer::onMessage - Request URL : /metrics from TcpConnection[ fd#10-id#1 ] - HttpServer.cpp:89
20260514 13:37:40.760306Z 2021797 INFO  HttpServer::onMessage - Request URL : /metrics from TcpConnection[ fd#10-id#1 ] - HttpServer.cpp:89
20260514 13:37:45.763272Z 2021797 INFO  HttpServer::onMessage - Request URL : /metrics from TcpConnection[ fd#10-id#1 ] - HttpServer.cpp:89
20260514 13:37:50.763616Z 2021797 INFO  HttpServer::onMessage - Request URL : /metrics from TcpConnection[ fd#10-id#1 ] - HttpServer.cpp:89
20260514 13:37:55.762348Z 2021797 INFO  HttpServer::onMessage - Request URL : /metrics from TcpConnection[ fd#10-id#1 ] - HttpServer.cpp:89
20260514 13:38:00.763144Z 2021797 INFO  HttpServer::onMessage - Request URL : /metrics from TcpConnection[ fd#10-id#1 ] - HttpServer.cpp:89

[run_webserver] --- session 2026-05-18T11:38:16+08:00 PORT=8080 USE_ASAN=0 ---
[run_webserver] starting webserver on port 8080
20260518 11:38:16.690751Z 2146194 INFO  HttpServer Listening on [ 0.0.0.0:8080 ] - HttpServer.cpp:35
20260518 11:38:20.767061Z 2146194 INFO  HttpServer::OnNewConnection : Add connection [ fd#10-id#1 ] from 127.0.0.1:53856 - HttpServer.cpp:49
20260518 11:38:20.824893Z 2146220 INFO  HttpServer::onMessage - Request URL : /metrics from TcpConnection[ fd#10-id#1 ] - HttpServer.cpp:89
20260518 11:38:25.820058Z 2146220 INFO  HttpServer::onMessage - Request URL : /metrics from TcpConnection[ fd#10-id#1 ] - HttpServer.cpp:89
20260518 11:38:30.902312Z 2146220 INFO  HttpServer::onMessage - Request URL : /metrics from TcpConnection[ fd#10-id#1 ] - HttpServer.cpp:89
20260518 11:38:35.778357Z 2146220 INFO  HttpServer::onMessage - Request URL : /metrics from TcpConnection[ fd#10-id#1 ] - HttpServer.cpp:89
20260518 11:38:40.791042Z 2146220 INFO  HttpServer::onMessage - Request URL : /metrics from TcpConnection[ fd#10-id#1 ] - HttpServer.cpp:89
20260518 11:38:45.792119Z 2146220 INFO  HttpServer::onMessage - Request URL : /metrics from TcpConnection[ fd#10-id#1 ] - HttpServer.cpp:89
20260518 11:38:52.334238Z 2146220 INFO  HttpServer::onMessage - Request URL : /metrics from TcpConnection[ fd#10-id#1 ] - HttpServer.cpp:89
20260518 11:38:55.779234Z 2146220 INFO  HttpServer::onMessage - Request URL : /metrics from TcpConnection[ fd#10-id#1 ] - HttpServer.cpp:89
20260518 11:39:00.776189Z 2146220 INFO  HttpServer::onMessage - Request URL : /metrics from TcpConnection[ fd#10-id#1 ] - HttpServer.cpp:89
20260518 11:39:05.776367Z 2146220 INFO  HttpServer::onMessage - Request URL : /metrics from TcpConnection[ fd#10-id#1 ] - HttpServer.cpp:89
20260518 11:39:10.786046Z 2146220 INFO  HttpServer::onMessage - Request URL : /metrics from TcpConnection[ fd#10-id#1 ] - HttpServer.cpp:89
20260518 11:39:15.925579Z 2146220 INFO  HttpServer::onMessage - Request URL : /metrics from TcpConnection[ fd#10-id#1 ] - HttpServer.cpp:89
20260518 11:39:20.768982Z 2146220 INFO  HttpServer::onMessage - Request URL : /metrics from TcpConnection[ fd#10-id#1 ] - HttpServer.cpp:89
20260518 11:39:25.803659Z 2146220 INFO  HttpServer::onMessage - Request URL : /metrics from TcpConnection[ fd#10-id#1 ] - HttpServer.cpp:89
20260518 11:39:31.066078Z 2146220 INFO  HttpServer::onMessage - Request URL : /metrics from TcpConnection[ fd#10-id#1 ] - HttpServer.cpp:89
20260518 11:39:35.883008Z 2146220 INFO  HttpServer::onMessage - Request URL : /metrics from TcpConnection[ fd#10-id#1 ] - HttpServer.cpp:89
20260518 11:39:40.783785Z 2146220 INFO  HttpServer::onMessage - Request URL : /metrics from TcpConnection[ fd#10-id#1 ] - HttpServer.cpp:89
20260518 11:39:45.771719Z 2146220 INFO  HttpServer::onMessage - Request URL : /metrics from TcpConnection[ fd#10-id#1 ] - HttpServer.cpp:89
20260518 11:39:50.761069Z 2146220 INFO  HttpServer::onMessage - Request URL : /metrics from TcpConnection[ fd#10-id#1 ] - HttpServer.cpp:89
20260518 11:39:55.895803Z 2146220 INFO  HttpServer::onMessage - Request URL : /metrics from TcpConnection[ fd#10-id#1 ] - HttpServer.cpp:89
20260518 11:40:00.773329Z 2146220 INFO  HttpServer::onMessage - Request URL : /metrics from TcpConnection[ fd#10-id#1 ] - HttpServer.cpp:89
20260518 11:40:05.764088Z 2146220 INFO  HttpServer::onMessage - Request URL : /metrics from TcpConnection[ fd#10-id#1 ] - HttpServer.cpp:89
20260518 11:40:10.767276Z 2146220 INFO  HttpServer::onMessage - Request URL : /metrics from TcpConnection[ fd#10-id#1 ] - HttpServer.cpp:89
20260518 11:40:16.969185Z 2146220 INFO  HttpServer::onMessage - Request URL : /metrics from TcpConnection[ fd#10-id#1 ] - HttpServer.cpp:89
20260518 11:40:20.769092Z 2146220 INFO  HttpServer::onMessage - Request URL : /metrics from TcpConnection[ fd#10-id#1 ] - HttpServer.cpp:89
20260518 11:40:25.791073Z 2146220 INFO  HttpServer::onMessage - Request URL : /metrics from TcpConnection[ fd#10-id#1 ] - HttpServer.cpp:89
20260518 11:40:30.773428Z 2146220 INFO  HttpServer::onMessage - Request URL : /metrics from TcpConnection[ fd#10-id#1 ] - HttpServer.cpp:89
20260518 11:40:37.103766Z 2146220 INFO  HttpServer::onMessage - Request URL : /metrics from TcpConnection[ fd#10-id#1 ] - HttpServer.cpp:89
20260518 11:40:40.782002Z 2146220 INFO  HttpServer::onMessage - Request URL : /metrics from TcpConnection[ fd#10-id#1 ] - HttpServer.cpp:89
20260518 11:40:45.773818Z 2146220 INFO  HttpServer::onMessage - Request URL : /metrics from TcpConnection[ fd#10-id#1 ] - HttpServer.cpp:89
20260518 11:40:51.410711Z 2146220 INFO  HttpServer::onMessage - Request URL : /metrics from TcpConnection[ fd#10-id#1 ] - HttpServer.cpp:89
20260518 11:40:55.910033Z 2146220 INFO  HttpServer::onMessage - Request URL : /metrics from TcpConnection[ fd#10-id#1 ] - HttpServer.cpp:89
20260518 11:41:00.945485Z 2146220 INFO  HttpServer::onMessage - Request URL : /metrics from TcpConnection[ fd#10-id#1 ] - HttpServer.cpp:89
20260518 11:41:05.780697Z 2146220 INFO  HttpServer::onMessage - Request URL : /metrics from TcpConnection[ fd#10-id#1 ] - HttpServer.cpp:89
20260518 11:41:10.785650Z 2146220 INFO  HttpServer::onMessage - Request URL : /metrics from TcpConnection[ fd#10-id#1 ] - HttpServer.cpp:89
20260518 11:41:15.769734Z 2146220 INFO  HttpServer::onMessage - Request URL : /metrics from TcpConnection[ fd#10-id#1 ] - HttpServer.cpp:89
20260518 11:41:20.914091Z 2146220 INFO  HttpServer::onMessage - Request URL : /metrics from TcpConnection[ fd#10-id#1 ] - HttpServer.cpp:89
20260518 11:41:25.763685Z 2146220 INFO  HttpServer::onMessage - Request URL : /metrics from TcpConnection[ fd#10-id#1 ] - HttpServer.cpp:89
20260518 11:41:30.763533Z 2146220 INFO  HttpServer::onMessage - Request URL : /metrics from TcpConnection[ fd#10-id#1 ] - HttpServer.cpp:89
20260518 11:41:35.770109Z 2146220 INFO  HttpServer::onMessage - Request URL : /metrics from TcpConnection[ fd#10-id#1 ] - HttpServer.cpp:89
20260518 11:41:41.417362Z 2146220 INFO  HttpServer::onMessage - Request URL : /metrics from TcpConnection[ fd#10-id#1 ] - HttpServer.cpp:89
20260518 11:41:45.767786Z 2146220 INFO  HttpServer::onMessage - Request URL : /metrics from TcpConnection[ fd#10-id#1 ] - HttpServer.cpp:89
20260518 11:41:50.770856Z 2146220 INFO  HttpServer::onMessage - Request URL : /metrics from TcpConnection[ fd#10-id#1 ] - HttpServer.cpp:89
20260518 11:41:55.764168Z 2146220 INFO  HttpServer::onMessage - Request URL : /metrics from TcpConnection[ fd#10-id#1 ] - HttpServer.cpp:89
20260518 11:42:01.909642Z 2146220 INFO  HttpServer::onMessage - Request URL : /metrics from TcpConnection[ fd#10-id#1 ] - HttpServer.cpp:89
20260518 11:42:05.770852Z 2146220 INFO  HttpServer::onMessage - Request URL : /metrics from TcpConnection[ fd#10-id#1 ] - HttpServer.cpp:89
20260518 11:42:10.763333Z 2146220 INFO  HttpServer::onMessage - Request URL : /metrics from TcpConnection[ fd#10-id#1 ] - HttpServer.cpp:89
20260518 11:42:15.839095Z 2146220 INFO  HttpServer::onMessage - Request URL : /metrics from TcpConnection[ fd#10-id#1 ] - HttpServer.cpp:89
20260518 11:42:22.513298Z 2146220 INFO  HttpServer::onMessage - Request URL : /metrics from TcpConnection[ fd#10-id#1 ] - HttpServer.cpp:89
20260518 11:42:25.770905Z 2146220 INFO  HttpServer::onMessage - Request URL : /metrics from TcpConnection[ fd#10-id#1 ] - HttpServer.cpp:89
20260518 11:42:30.764112Z 2146220 INFO  HttpServer::onMessage - Request URL : /metrics from TcpConnection[ fd#10-id#1 ] - HttpServer.cpp:89
20260518 11:42:35.780748Z 2146220 INFO  HttpServer::onMessage - Request URL : /metrics from TcpConnection[ fd#10-id#1 ] - HttpServer.cpp:89
20260518 11:42:43.701976Z 2146220 INFO  HttpServer::onMessage - Request URL : /metrics from TcpConnection[ fd#10-id#1 ] - HttpServer.cpp:89
20260518 11:42:45.792594Z 2146220 INFO  HttpServer::onMessage - Request URL : /metrics from TcpConnection[ fd#10-id#1 ] - HttpServer.cpp:89
20260518 11:42:50.773363Z 2146220 INFO  HttpServer::onMessage - Request URL : /metrics from TcpConnection[ fd#10-id#1 ] - HttpServer.cpp:89
20260518 11:42:55.775053Z 2146220 INFO  HttpServer::onMessage - Request URL : /metrics from TcpConnection[ fd#10-id#1 ] - HttpServer.cpp:89
20260518 11:43:00.778414Z 2146220 INFO  HttpServer::onMessage - Request URL : /metrics from TcpConnection[ fd#10-id#1 ] - HttpServer.cpp:89
20260518 11:43:05.967179Z 2146220 INFO  HttpServer::onMessage - Request URL : /metrics from TcpConnection[ fd#10-id#1 ] - HttpServer.cpp:89
20260518 11:43:10.762577Z 2146220 INFO  HttpServer::onMessage - Request URL : /metrics from TcpConnection[ fd#10-id#1 ] - HttpServer.cpp:89
20260518 11:43:15.783065Z 2146220 INFO  HttpServer::onMessage - Request URL : /metrics from TcpConnection[ fd#10-id#1 ] - HttpServer.cpp:89
20260518 11:43:20.763808Z 2146220 INFO  HttpServer::onMessage - Request URL : /metrics from TcpConnection[ fd#10-id#1 ] - HttpServer.cpp:89
20260518 11:43:27.206682Z 2146220 INFO  HttpServer::onMessage - Request URL : /metrics from TcpConnection[ fd#10-id#1 ] - HttpServer.cpp:89
20260518 11:43:30.771115Z 2146220 INFO  HttpServer::onMessage - Request URL : /metrics from TcpConnection[ fd#10-id#1 ] - HttpServer.cpp:89
20260518 11:43:35.764051Z 2146220 INFO  HttpServer::onMessage - Request URL : /metrics from TcpConnection[ fd#10-id#1 ] - HttpServer.cpp:89
20260518 11:43:40.791260Z 2146220 INFO  HttpServer::onMessage - Request URL : /metrics from TcpConnection[ fd#10-id#1 ] - HttpServer.cpp:89
20260518 11:43:45.890040Z 2146220 INFO  HttpServer::onMessage - Request URL : /metrics from TcpConnection[ fd#10-id#1 ] - HttpServer.cpp:89
20260518 11:43:50.909634Z 2146220 INFO  HttpServer::onMessage - Request URL : /metrics from TcpConnection[ fd#10-id#1 ] - HttpServer.cpp:89
20260518 11:43:55.770712Z 2146220 INFO  HttpServer::onMessage - Request URL : /metrics from TcpConnection[ fd#10-id#1 ] - HttpServer.cpp:89
20260518 11:44:00.768423Z 2146220 INFO  HttpServer::onMessage - Request URL : /metrics from TcpConnection[ fd#10-id#1 ] - HttpServer.cpp:89
20260518 11:44:05.765062Z 2146220 INFO  HttpServer::onMessage - Request URL : /metrics from TcpConnection[ fd#10-id#1 ] - HttpServer.cpp:89
20260518 11:44:10.929038Z 2146220 INFO  HttpServer::onMessage - Request URL : /metrics from TcpConnection[ fd#10-id#1 ] - HttpServer.cpp:89
20260518 11:44:15.774755Z 2146220 INFO  HttpServer::onMessage - Request URL : /metrics from TcpConnection[ fd#10-id#1 ] - HttpServer.cpp:89
20260518 11:44:20.767558Z 2146220 INFO  HttpServer::onMessage - Request URL : /metrics from TcpConnection[ fd#10-id#1 ] - HttpServer.cpp:89
20260518 11:44:25.768705Z 2146220 INFO  HttpServer::onMessage - Request URL : /metrics from TcpConnection[ fd#10-id#1 ] - HttpServer.cpp:89

[run_webserver] --- session 2026-05-18T12:07:07+08:00 PORT=8080 USE_ASAN=0 ---
[run_webserver] starting webserver on port 8080
20260518 12:07:07.638873Z 2150518 INFO  HttpServer Listening on [ 0.0.0.0:8080 ] - HttpServer.cpp:35
20260518 12:07:10.778570Z 2150518 INFO  HttpServer::OnNewConnection : Add connection [ fd#10-id#1 ] from 127.0.0.1:49922 - HttpServer.cpp:49
20260518 12:07:10.819118Z 2150540 INFO  HttpServer::onMessage - Request URL : /metrics from TcpConnection[ fd#10-id#1 ] - HttpServer.cpp:89
20260518 12:07:15.765743Z 2150540 INFO  HttpServer::onMessage - Request URL : /metrics from TcpConnection[ fd#10-id#1 ] - HttpServer.cpp:89
20260518 12:07:21.202155Z 2150540 INFO  HttpServer::onMessage - Request URL : /metrics from TcpConnection[ fd#10-id#1 ] - HttpServer.cpp:89
20260518 12:07:25.779245Z 2150540 INFO  HttpServer::onMessage - Request URL : /metrics from TcpConnection[ fd#10-id#1 ] - HttpServer.cpp:89
20260518 12:07:30.766587Z 2150540 INFO  HttpServer::onMessage - Request URL : /metrics from TcpConnection[ fd#10-id#1 ] - HttpServer.cpp:89
20260518 12:07:35.779791Z 2150540 INFO  HttpServer::onMessage - Request URL : /metrics from TcpConnection[ fd#10-id#1 ] - HttpServer.cpp:89
20260518 12:07:40.932049Z 2150540 INFO  HttpServer::onMessage - Request URL : /metrics from TcpConnection[ fd#10-id#1 ] - HttpServer.cpp:89
20260518 12:07:45.764253Z 2150540 INFO  HttpServer::onMessage - Request URL : /metrics from TcpConnection[ fd#10-id#1 ] - HttpServer.cpp:89
20260518 12:07:50.765989Z 2150540 INFO  HttpServer::onMessage - Request URL : /metrics from TcpConnection[ fd#10-id#1 ] - HttpServer.cpp:89
20260518 12:07:55.760889Z 2150540 INFO  HttpServer::onMessage - Request URL : /metrics from TcpConnection[ fd#10-id#1 ] - HttpServer.cpp:89
20260518 12:08:03.043387Z 2150540 INFO  HttpServer::onMessage - Request URL : /metrics from TcpConnection[ fd#10-id#1 ] - HttpServer.cpp:89
20260518 12:08:05.776149Z 2150540 INFO  HttpServer::onMessage - Request URL : /metrics from TcpConnection[ fd#10-id#1 ] - HttpServer.cpp:89
20260518 12:08:10.766862Z 2150540 INFO  HttpServer::onMessage - Request URL : /metrics from TcpConnection[ fd#10-id#1 ] - HttpServer.cpp:89
20260518 12:08:15.774009Z 2150540 INFO  HttpServer::onMessage - Request URL : /metrics from TcpConnection[ fd#10-id#1 ] - HttpServer.cpp:89
20260518 12:08:20.763398Z 2150540 INFO  HttpServer::onMessage - Request URL : /metrics from TcpConnection[ fd#10-id#1 ] - HttpServer.cpp:89
20260518 12:08:25.891911Z 2150540 INFO  HttpServer::onMessage - Request URL : /metrics from TcpConnection[ fd#10-id#1 ] - HttpServer.cpp:89
20260518 12:08:30.787295Z 2150540 INFO  HttpServer::onMessage - Request URL : /metrics from TcpConnection[ fd#10-id#1 ] - HttpServer.cpp:89
20260518 12:08:35.834451Z 2150540 INFO  HttpServer::onMessage - Request URL : /metrics from TcpConnection[ fd#10-id#1 ] - HttpServer.cpp:89

[run_webserver] --- session 2026-05-18T12:09:28+08:00 PORT=8080 USE_ASAN=0 ---
[run_webserver] starting webserver on port 8080
20260518 12:09:28.604710Z 2151222 ERROR Failed to Bind [0.0.0.0:8080] - Acceptor.cpp:49
20260518 12:09:28.604793Z 2151222 INFO  HttpServer Listening on [ 0.0.0.0:8080 ] - HttpServer.cpp:35

[run_webserver] --- session 2026-05-18T12:21:38+08:00 PORT=8080 USE_ASAN=0 ---
[run_webserver] starting webserver on port 8080
20260518 12:21:38.345896Z 2156684 INFO  HttpServer Listening on [ 0.0.0.0:8080 ] - HttpServer.cpp:35
20260518 12:21:40.778252Z 2156684 INFO  HttpServer::OnNewConnection : Add connection [ fd#10-id#1 ] from 127.0.0.1:36982 - HttpServer.cpp:49
20260518 12:21:40.827748Z 2156928 INFO  HttpServer::onMessage - Request URL : /metrics from TcpConnection[ fd#10-id#1 ] - HttpServer.cpp:89
20260518 12:21:45.767552Z 2156928 INFO  HttpServer::onMessage - Request URL : /metrics from TcpConnection[ fd#10-id#1 ] - HttpServer.cpp:89
20260518 12:21:51.043868Z 2156928 INFO  HttpServer::onMessage - Request URL : /metrics from TcpConnection[ fd#10-id#1 ] - HttpServer.cpp:89
20260518 12:21:56.044897Z 2156928 INFO  HttpServer::onMessage - Request URL : /metrics from TcpConnection[ fd#10-id#1 ] - HttpServer.cpp:89
20260518 12:22:00.776580Z 2156928 INFO  HttpServer::onMessage - Request URL : /metrics from TcpConnection[ fd#10-id#1 ] - HttpServer.cpp:89
20260518 12:22:05.766107Z 2156928 INFO  HttpServer::onMessage - Request URL : /metrics from TcpConnection[ fd#10-id#1 ] - HttpServer.cpp:89
20260518 12:22:10.769389Z 2156928 INFO  HttpServer::onMessage - Request URL : /metrics from TcpConnection[ fd#10-id#1 ] - HttpServer.cpp:89
20260518 12:22:16.256937Z 2156928 INFO  HttpServer::onMessage - Request URL : /metrics from TcpConnection[ fd#10-id#1 ] - HttpServer.cpp:89
20260518 12:22:20.783567Z 2156928 INFO  HttpServer::onMessage - Request URL : /metrics from TcpConnection[ fd#10-id#1 ] - HttpServer.cpp:89
20260518 12:22:25.771229Z 2156928 INFO  HttpServer::onMessage - Request URL : /metrics from TcpConnection[ fd#10-id#1 ] - HttpServer.cpp:89
20260518 12:22:30.781147Z 2156928 INFO  HttpServer::onMessage - Request URL : /metrics from TcpConnection[ fd#10-id#1 ] - HttpServer.cpp:89
20260518 12:22:36.601641Z 2156928 INFO  HttpServer::onMessage - Request URL : /metrics from TcpConnection[ fd#10-id#1 ] - HttpServer.cpp:89
20260518 12:22:40.779142Z 2156928 INFO  HttpServer::onMessage - Request URL : /metrics from TcpConnection[ fd#10-id#1 ] - HttpServer.cpp:89
20260518 12:22:45.777546Z 2156928 INFO  HttpServer::onMessage - Request URL : /metrics from TcpConnection[ fd#10-id#1 ] - HttpServer.cpp:89
20260518 12:22:50.774044Z 2156928 INFO  HttpServer::onMessage - Request URL : /metrics from TcpConnection[ fd#10-id#1 ] - HttpServer.cpp:89
20260518 12:22:56.096341Z 2156928 INFO  HttpServer::onMessage - Request URL : /metrics from TcpConnection[ fd#10-id#1 ] - HttpServer.cpp:89
20260518 12:23:00.921693Z 2156928 INFO  HttpServer::onMessage - Request URL : /metrics from TcpConnection[ fd#10-id#1 ] - HttpServer.cpp:89
20260518 12:23:05.774310Z 2156928 INFO  HttpServer::onMessage - Request URL : /metrics from TcpConnection[ fd#10-id#1 ] - HttpServer.cpp:89
20260518 12:23:10.766560Z 2156928 INFO  HttpServer::onMessage - Request URL : /metrics from TcpConnection[ fd#10-id#1 ] - HttpServer.cpp:89
20260518 12:23:18.538385Z 2156928 INFO  HttpServer::onMessage - Request URL : /metrics from TcpConnection[ fd#10-id#1 ] - HttpServer.cpp:89
20260518 12:23:20.761183Z 2156928 INFO  HttpServer::onMessage - Request URL : /metrics from TcpConnection[ fd#10-id#1 ] - HttpServer.cpp:89
20260518 12:23:25.771647Z 2156928 INFO  HttpServer::onMessage - Request URL : /metrics from TcpConnection[ fd#10-id#1 ] - HttpServer.cpp:89
20260518 12:23:30.766407Z 2156928 INFO  HttpServer::onMessage - Request URL : /metrics from TcpConnection[ fd#10-id#1 ] - HttpServer.cpp:89
20260518 12:23:36.086917Z 2156928 INFO  HttpServer::onMessage - Request URL : /metrics from TcpConnection[ fd#10-id#1 ] - HttpServer.cpp:89
20260518 12:23:40.904293Z 2156928 INFO  HttpServer::onMessage - Request URL : /metrics from TcpConnection[ fd#10-id#1 ] - HttpServer.cpp:89
20260518 12:23:45.768818Z 2156928 INFO  HttpServer::onMessage - Request URL : /metrics from TcpConnection[ fd#10-id#1 ] - HttpServer.cpp:89
20260518 12:23:50.763157Z 2156928 INFO  HttpServer::onMessage - Request URL : /metrics from TcpConnection[ fd#10-id#1 ] - HttpServer.cpp:89
20260518 12:23:55.775536Z 2156928 INFO  HttpServer::onMessage - Request URL : /metrics from TcpConnection[ fd#10-id#1 ] - HttpServer.cpp:89
20260518 12:24:00.887833Z 2156928 INFO  HttpServer::onMessage - Request URL : /metrics from TcpConnection[ fd#10-id#1 ] - HttpServer.cpp:89
20260518 12:24:05.764781Z 2156928 INFO  HttpServer::onMessage - Request URL : /metrics from TcpConnection[ fd#10-id#1 ] - HttpServer.cpp:89
20260518 12:24:10.776570Z 2156928 INFO  HttpServer::onMessage - Request URL : /metrics from TcpConnection[ fd#10-id#1 ] - HttpServer.cpp:89
20260518 12:24:15.768283Z 2156928 INFO  HttpServer::onMessage - Request URL : /metrics from TcpConnection[ fd#10-id#1 ] - HttpServer.cpp:89
20260518 12:24:20.926781Z 2156928 INFO  HttpServer::onMessage - Request URL : /metrics from TcpConnection[ fd#10-id#1 ] - HttpServer.cpp:89
20260518 12:24:25.781880Z 2156928 INFO  HttpServer::onMessage - Request URL : /metrics from TcpConnection[ fd#10-id#1 ] - HttpServer.cpp:89
20260518 12:24:30.766450Z 2156928 INFO  HttpServer::onMessage - Request URL : /metrics from TcpConnection[ fd#10-id#1 ] - HttpServer.cpp:89
20260518 12:24:35.767073Z 2156928 INFO  HttpServer::onMessage - Request URL : /metrics from TcpConnection[ fd#10-id#1 ] - HttpServer.cpp:89
20260518 12:24:40.924496Z 2156928 INFO  HttpServer::onMessage - Request URL : /metrics from TcpConnection[ fd#10-id#1 ] - HttpServer.cpp:89
20260518 12:24:45.854366Z 2156928 INFO  HttpServer::onMessage - Request URL : /metrics from TcpConnection[ fd#10-id#1 ] - HttpServer.cpp:89
20260518 12:24:50.778211Z 2156928 INFO  HttpServer::onMessage - Request URL : /metrics from TcpConnection[ fd#10-id#1 ] - HttpServer.cpp:89
20260518 12:24:55.827129Z 2156928 INFO  HttpServer::onMessage - Request URL : /metrics from TcpConnection[ fd#10-id#1 ] - HttpServer.cpp:89
20260518 12:25:00.987934Z 2156928 INFO  HttpServer::onMessage - Request URL : /metrics from TcpConnection[ fd#10-id#1 ] - HttpServer.cpp:89
20260518 12:25:05.835908Z 2156928 INFO  HttpServer::onMessage - Request URL : /metrics from TcpConnection[ fd#10-id#1 ] - HttpServer.cpp:89
20260518 12:25:10.777779Z 2156928 INFO  HttpServer::onMessage - Request URL : /metrics from TcpConnection[ fd#10-id#1 ] - HttpServer.cpp:89
20260518 12:25:15.763612Z 2156928 INFO  HttpServer::onMessage - Request URL : /metrics from TcpConnection[ fd#10-id#1 ] - HttpServer.cpp:89
20260518 12:25:22.285932Z 2156928 INFO  HttpServer::onMessage - Request URL : /metrics from TcpConnection[ fd#10-id#1 ] - HttpServer.cpp:89
20260518 12:25:25.771481Z 2156928 INFO  HttpServer::onMessage - Request URL : /metrics from TcpConnection[ fd#10-id#1 ] - HttpServer.cpp:89
20260518 12:25:30.763776Z 2156928 INFO  HttpServer::onMessage - Request URL : /metrics from TcpConnection[ fd#10-id#1 ] - HttpServer.cpp:89
20260518 12:25:35.763509Z 2156928 INFO  HttpServer::onMessage - Request URL : /metrics from TcpConnection[ fd#10-id#1 ] - HttpServer.cpp:89
20260518 12:25:40.765548Z 2156928 INFO  HttpServer::onMessage - Request URL : /metrics from TcpConnection[ fd#10-id#1 ] - HttpServer.cpp:89
20260518 12:25:45.942586Z 2156928 INFO  HttpServer::onMessage - Request URL : /metrics from TcpConnection[ fd#10-id#1 ] - HttpServer.cpp:89
20260518 12:25:50.788405Z 2156928 INFO  HttpServer::onMessage - Request URL : /metrics from TcpConnection[ fd#10-id#1 ] - HttpServer.cpp:89
20260518 12:25:55.767020Z 2156928 INFO  HttpServer::onMessage - Request URL : /metrics from TcpConnection[ fd#10-id#1 ] - HttpServer.cpp:89
20260518 12:26:00.769067Z 2156928 INFO  HttpServer::onMessage - Request URL : /metrics from TcpConnection[ fd#10-id#1 ] - HttpServer.cpp:89
20260518 12:26:06.261405Z 2156928 INFO  HttpServer::onMessage - Request URL : /metrics from TcpConnection[ fd#10-id#1 ] - HttpServer.cpp:89
20260518 12:26:10.809571Z 2156928 INFO  HttpServer::onMessage - Request URL : /metrics from TcpConnection[ fd#10-id#1 ] - HttpServer.cpp:89
20260518 12:26:15.770602Z 2156928 INFO  HttpServer::onMessage - Request URL : /metrics from TcpConnection[ fd#10-id#1 ] - HttpServer.cpp:89
20260518 12:26:20.768731Z 2156928 INFO  HttpServer::onMessage - Request URL : /metrics from TcpConnection[ fd#10-id#1 ] - HttpServer.cpp:89

[run_webserver] --- session 2026-05-18T12:43:37+08:00 PORT=8080 USE_ASAN=0 ---
[run_webserver] starting webserver on port 8080
20260518 12:43:37.938067Z 2160614 INFO  mysql pool config loaded from /root/projects/CppWebServer/config/mysql.cnf initSize=3 maxSize=32 - ConnectionPool.cpp:72
20260518 12:43:38.594922Z 2160614 INFO  MySQL connection pool initialized - http_server.cpp:848
20260518 12:43:38.594946Z 2160614 INFO  MetricsDbWriter: flush to MySQL every 10s - MetricsDbWriter.cpp:45
20260518 12:43:38.595070Z 2160614 INFO  HttpServer Listening on [ 0.0.0.0:8080 ] - HttpServer.cpp:35
20260518 12:43:40.784353Z 2160614 INFO  HttpServer::OnNewConnection : Add connection [ fd#13-id#1 ] from 127.0.0.1:59652 - HttpServer.cpp:49
20260518 12:43:40.831204Z 2160652 INFO  HttpServer::onMessage - Request URL : /metrics from TcpConnection[ fd#13-id#1 ] - HttpServer.cpp:89
20260518 12:43:45.768790Z 2160652 INFO  HttpServer::onMessage - Request URL : /metrics from TcpConnection[ fd#13-id#1 ] - HttpServer.cpp:89
20260518 12:43:48.724992Z 2160715 INFO  MetricsDbWriter: table webserver_metrics ready - MetricsDbWriter.cpp:85
20260518 12:43:48.813727Z 2160715 INFO  MetricsDbWriter: inserted metrics row - MetricsDbWriter.cpp:154
20260518 12:43:50.765661Z 2160652 INFO  HttpServer::onMessage - Request URL : /metrics from TcpConnection[ fd#13-id#1 ] - HttpServer.cpp:89
20260518 12:43:55.920423Z 2160652 INFO  HttpServer::onMessage - Request URL : /metrics from TcpConnection[ fd#13-id#1 ] - HttpServer.cpp:89
20260518 12:43:58.836083Z 2160758 INFO  MetricsDbWriter: inserted metrics row - MetricsDbWriter.cpp:154
20260518 12:44:01.083052Z 2160652 INFO  HttpServer::onMessage - Request URL : /metrics from TcpConnection[ fd#13-id#1 ] - HttpServer.cpp:89
20260518 12:44:05.761459Z 2160652 INFO  HttpServer::onMessage - Request URL : /metrics from TcpConnection[ fd#13-id#1 ] - HttpServer.cpp:89
20260518 12:44:08.682595Z 2160814 INFO  MetricsDbWriter: inserted metrics row - MetricsDbWriter.cpp:154
20260518 12:44:10.762335Z 2160652 INFO  HttpServer::onMessage - Request URL : /metrics from TcpConnection[ fd#13-id#1 ] - HttpServer.cpp:89
20260518 12:44:16.747284Z 2160652 INFO  HttpServer::onMessage - Request URL : /metrics from TcpConnection[ fd#13-id#1 ] - HttpServer.cpp:89
20260518 12:44:18.779510Z 2160852 INFO  MetricsDbWriter: inserted metrics row - MetricsDbWriter.cpp:154
20260518 12:44:20.769096Z 2160652 INFO  HttpServer::onMessage - Request URL : /metrics from TcpConnection[ fd#13-id#1 ] - HttpServer.cpp:89
20260518 12:44:25.763766Z 2160652 INFO  HttpServer::onMessage - Request URL : /metrics from TcpConnection[ fd#13-id#1 ] - HttpServer.cpp:89
20260518 12:44:28.800123Z 2160930 INFO  MetricsDbWriter: inserted metrics row - MetricsDbWriter.cpp:154
20260518 12:44:30.766912Z 2160652 INFO  HttpServer::onMessage - Request URL : /metrics from TcpConnection[ fd#13-id#1 ] - HttpServer.cpp:89
20260518 12:44:35.878481Z 2160652 INFO  HttpServer::onMessage - Request URL : /metrics from TcpConnection[ fd#13-id#1 ] - HttpServer.cpp:89
20260518 12:44:38.722072Z 2160993 INFO  MetricsDbWriter: inserted metrics row - MetricsDbWriter.cpp:154
20260518 12:44:40.771796Z 2160652 INFO  HttpServer::onMessage - Request URL : /metrics from TcpConnection[ fd#13-id#1 ] - HttpServer.cpp:89
20260518 12:44:45.764449Z 2160652 INFO  HttpServer::onMessage - Request URL : /metrics from TcpConnection[ fd#13-id#1 ] - HttpServer.cpp:89
20260518 12:44:48.666414Z 2161081 INFO  MetricsDbWriter: inserted metrics row - MetricsDbWriter.cpp:154
20260518 12:44:50.797090Z 2160652 INFO  HttpServer::onMessage - Request URL : /metrics from TcpConnection[ fd#13-id#1 ] - HttpServer.cpp:89
20260518 12:44:57.206829Z 2160652 INFO  HttpServer::onMessage - Request URL : /metrics from TcpConnection[ fd#13-id#1 ] - HttpServer.cpp:89
20260518 12:44:58.770578Z 2161148 INFO  MetricsDbWriter: inserted metrics row - MetricsDbWriter.cpp:154
20260518 12:45:00.780643Z 2160652 INFO  HttpServer::onMessage - Request URL : /metrics from TcpConnection[ fd#13-id#1 ] - HttpServer.cpp:89
20260518 12:45:05.781943Z 2160652 INFO  HttpServer::onMessage - Request URL : /metrics from TcpConnection[ fd#13-id#1 ] - HttpServer.cpp:89
20260518 12:45:08.644790Z 2161201 INFO  MetricsDbWriter: inserted metrics row - MetricsDbWriter.cpp:154
20260518 12:45:10.788352Z 2160652 INFO  HttpServer::onMessage - Request URL : /metrics from TcpConnection[ fd#13-id#1 ] - HttpServer.cpp:89
20260518 12:45:16.556873Z 2160652 INFO  HttpServer::onMessage - Request URL : /metrics from TcpConnection[ fd#13-id#1 ] - HttpServer.cpp:89
20260518 12:45:18.785166Z 2161249 INFO  MetricsDbWriter: inserted metrics row - MetricsDbWriter.cpp:154
20260518 12:45:20.918807Z 2160652 INFO  HttpServer::onMessage - Request URL : /metrics from TcpConnection[ fd#13-id#1 ] - HttpServer.cpp:89
20260518 12:45:25.786082Z 2160652 INFO  HttpServer::onMessage - Request URL : /metrics from TcpConnection[ fd#13-id#1 ] - HttpServer.cpp:89
20260518 12:45:28.672352Z 2161326 INFO  MetricsDbWriter: inserted metrics row - MetricsDbWriter.cpp:154
20260518 12:45:30.763079Z 2160652 INFO  HttpServer::onMessage - Request URL : /metrics from TcpConnection[ fd#13-id#1 ] - HttpServer.cpp:89
20260518 12:45:36.281247Z 2160652 INFO  HttpServer::onMessage - Request URL : /metrics from TcpConnection[ fd#13-id#1 ] - HttpServer.cpp:89
20260518 12:45:38.807955Z 2161372 INFO  MetricsDbWriter: inserted metrics row - MetricsDbWriter.cpp:154
20260518 12:45:40.905472Z 2160652 INFO  HttpServer::onMessage - Request URL : /metrics from TcpConnection[ fd#13-id#1 ] - HttpServer.cpp:89
20260518 12:45:45.804217Z 2160652 INFO  HttpServer::onMessage - Request URL : /metrics from TcpConnection[ fd#13-id#1 ] - HttpServer.cpp:89
20260518 12:45:48.676535Z 2161440 INFO  MetricsDbWriter: inserted metrics row - MetricsDbWriter.cpp:154
20260518 12:45:50.765358Z 2160652 INFO  HttpServer::onMessage - Request URL : /metrics from TcpConnection[ fd#13-id#1 ] - HttpServer.cpp:89
20260518 12:45:55.780185Z 2160652 INFO  HttpServer::onMessage - Request URL : /metrics from TcpConnection[ fd#13-id#1 ] - HttpServer.cpp:89
20260518 12:45:58.789957Z 2161493 INFO  MetricsDbWriter: inserted metrics row - MetricsDbWriter.cpp:154
20260518 12:46:00.901993Z 2160652 INFO  HttpServer::onMessage - Request URL : /metrics from TcpConnection[ fd#13-id#1 ] - HttpServer.cpp:89
20260518 12:46:06.097762Z 2160652 INFO  HttpServer::onMessage - Request URL : /metrics from TcpConnection[ fd#13-id#1 ] - HttpServer.cpp:89
20260518 12:46:08.685455Z 2161546 INFO  MetricsDbWriter: inserted metrics row - MetricsDbWriter.cpp:154
20260518 12:46:10.760314Z 2160652 INFO  HttpServer::onMessage - Request URL : /metrics from TcpConnection[ fd#13-id#1 ] - HttpServer.cpp:89
20260518 12:46:15.765285Z 2160652 INFO  HttpServer::onMessage - Request URL : /metrics from TcpConnection[ fd#13-id#1 ] - HttpServer.cpp:89
20260518 12:46:19.330372Z 2161587 INFO  MetricsDbWriter: inserted metrics row - MetricsDbWriter.cpp:154
20260518 12:46:20.907195Z 2160652 INFO  HttpServer::onMessage - Request URL : /metrics from TcpConnection[ fd#13-id#1 ] - HttpServer.cpp:89
20260518 12:46:25.763360Z 2160652 INFO  HttpServer::onMessage - Request URL : /metrics from TcpConnection[ fd#13-id#1 ] - HttpServer.cpp:89
20260518 12:46:28.646418Z 2161646 INFO  MetricsDbWriter: inserted metrics row - MetricsDbWriter.cpp:154
20260518 12:46:30.765523Z 2160652 INFO  HttpServer::onMessage - Request URL : /metrics from TcpConnection[ fd#13-id#1 ] - HttpServer.cpp:89
20260518 12:46:36.258450Z 2160652 INFO  HttpServer::onMessage - Request URL : /metrics from TcpConnection[ fd#13-id#1 ] - HttpServer.cpp:89
20260518 12:46:38.794568Z 2161692 INFO  MetricsDbWriter: inserted metrics row - MetricsDbWriter.cpp:154
20260518 12:46:40.914190Z 2160652 INFO  HttpServer::onMessage - Request URL : /metrics from TcpConnection[ fd#13-id#1 ] - HttpServer.cpp:89
20260518 12:46:45.766099Z 2160652 INFO  HttpServer::onMessage - Request URL : /metrics from TcpConnection[ fd#13-id#1 ] - HttpServer.cpp:89
20260518 12:46:48.643519Z 2161746 INFO  MetricsDbWriter: inserted metrics row - MetricsDbWriter.cpp:154
20260518 12:46:50.770529Z 2160652 INFO  HttpServer::onMessage - Request URL : /metrics from TcpConnection[ fd#13-id#1 ] - HttpServer.cpp:89
20260518 12:46:58.272690Z 2160652 INFO  HttpServer::onMessage - Request URL : /metrics from TcpConnection[ fd#13-id#1 ] - HttpServer.cpp:89
20260518 12:46:59.145384Z 2161779 INFO  MetricsDbWriter: inserted metrics row - MetricsDbWriter.cpp:154
20260518 12:47:00.785703Z 2160652 INFO  HttpServer::onMessage - Request URL : /metrics from TcpConnection[ fd#13-id#1 ] - HttpServer.cpp:89
20260518 12:47:05.764111Z 2160652 INFO  HttpServer::onMessage - Request URL : /metrics from TcpConnection[ fd#13-id#1 ] - HttpServer.cpp:89
20260518 12:47:08.663405Z 2161837 INFO  MetricsDbWriter: inserted metrics row - MetricsDbWriter.cpp:154
20260518 12:47:10.814199Z 2160652 INFO  HttpServer::onMessage - Request URL : /metrics from TcpConnection[ fd#13-id#1 ] - HttpServer.cpp:89
20260518 12:47:16.219516Z 2160652 INFO  HttpServer::onMessage - Request URL : /metrics from TcpConnection[ fd#13-id#1 ] - HttpServer.cpp:89
20260518 12:47:18.785545Z 2161881 INFO  MetricsDbWriter: inserted metrics row - MetricsDbWriter.cpp:154
20260518 12:47:20.977440Z 2160652 INFO  HttpServer::onMessage - Request URL : /metrics from TcpConnection[ fd#13-id#1 ] - HttpServer.cpp:89
20260518 12:47:25.763610Z 2160652 INFO  HttpServer::onMessage - Request URL : /metrics from TcpConnection[ fd#13-id#1 ] - HttpServer.cpp:89
20260518 12:47:28.653465Z 2161937 INFO  MetricsDbWriter: inserted metrics row - MetricsDbWriter.cpp:154
20260518 12:47:30.771460Z 2160652 INFO  HttpServer::onMessage - Request URL : /metrics from TcpConnection[ fd#13-id#1 ] - HttpServer.cpp:89
20260518 12:47:35.789445Z 2160652 INFO  HttpServer::onMessage - Request URL : /metrics from TcpConnection[ fd#13-id#1 ] - HttpServer.cpp:89
20260518 12:47:38.817718Z 2161980 INFO  MetricsDbWriter: inserted metrics row - MetricsDbWriter.cpp:154
20260518 12:47:40.883102Z 2160652 INFO  HttpServer::onMessage - Request URL : /metrics from TcpConnection[ fd#13-id#1 ] - HttpServer.cpp:89
20260518 12:47:45.777806Z 2160652 INFO  HttpServer::onMessage - Request URL : /metrics from TcpConnection[ fd#13-id#1 ] - HttpServer.cpp:89
20260518 12:47:48.647871Z 2162043 INFO  MetricsDbWriter: inserted metrics row - MetricsDbWriter.cpp:154
20260518 12:47:50.839255Z 2160652 INFO  HttpServer::onMessage - Request URL : /metrics from TcpConnection[ fd#13-id#1 ] - HttpServer.cpp:89
20260518 12:47:55.967013Z 2160652 INFO  HttpServer::onMessage - Request URL : /metrics from TcpConnection[ fd#13-id#1 ] - HttpServer.cpp:89
20260518 12:47:59.250029Z 2162086 INFO  MetricsDbWriter: inserted metrics row - MetricsDbWriter.cpp:154
20260518 12:48:00.912408Z 2160652 INFO  HttpServer::onMessage - Request URL : /metrics from TcpConnection[ fd#13-id#1 ] - HttpServer.cpp:89
20260518 12:48:05.770978Z 2160652 INFO  HttpServer::onMessage - Request URL : /metrics from TcpConnection[ fd#13-id#1 ] - HttpServer.cpp:89
20260518 12:48:08.724003Z 2162142 INFO  MetricsDbWriter: inserted metrics row - MetricsDbWriter.cpp:154
20260518 12:48:11.138999Z 2160652 INFO  HttpServer::onMessage - Request URL : /metrics from TcpConnection[ fd#13-id#1 ] - HttpServer.cpp:89
20260518 12:48:16.097003Z 2160652 INFO  HttpServer::onMessage - Request URL : /metrics from TcpConnection[ fd#13-id#1 ] - HttpServer.cpp:89
20260518 12:48:18.769149Z 2162186 INFO  MetricsDbWriter: inserted metrics row - MetricsDbWriter.cpp:154
20260518 12:48:20.880115Z 2160652 INFO  HttpServer::onMessage - Request URL : /metrics from TcpConnection[ fd#13-id#1 ] - HttpServer.cpp:89
20260518 12:48:25.832541Z 2160652 INFO  HttpServer::onMessage - Request URL : /metrics from TcpConnection[ fd#13-id#1 ] - HttpServer.cpp:89
20260518 12:48:28.664836Z 2162243 INFO  MetricsDbWriter: inserted metrics row - MetricsDbWriter.cpp:154
20260518 12:48:30.779369Z 2160652 INFO  HttpServer::onMessage - Request URL : /metrics from TcpConnection[ fd#13-id#1 ] - HttpServer.cpp:89
20260518 12:48:38.748361Z 2160652 INFO  HttpServer::onMessage - Request URL : /metrics from TcpConnection[ fd#13-id#1 ] - HttpServer.cpp:89
20260518 12:48:39.867517Z 2162287 INFO  MetricsDbWriter: inserted metrics row - MetricsDbWriter.cpp:154
20260518 12:48:40.807420Z 2160652 INFO  HttpServer::onMessage - Request URL : /metrics from TcpConnection[ fd#13-id#1 ] - HttpServer.cpp:89
20260518 12:48:45.769372Z 2160652 INFO  HttpServer::onMessage - Request URL : /metrics from TcpConnection[ fd#13-id#1 ] - HttpServer.cpp:89
20260518 12:48:48.722230Z 2162339 INFO  MetricsDbWriter: inserted metrics row - MetricsDbWriter.cpp:154
20260518 12:48:50.834737Z 2160652 INFO  HttpServer::onMessage - Request URL : /metrics from TcpConnection[ fd#13-id#1 ] - HttpServer.cpp:89
20260518 12:48:55.769587Z 2160652 INFO  HttpServer::onMessage - Request URL : /metrics from TcpConnection[ fd#13-id#1 ] - HttpServer.cpp:89
20260518 12:48:59.510054Z 2162386 INFO  MetricsDbWriter: inserted metrics row - MetricsDbWriter.cpp:154
20260518 12:49:00.904090Z 2160652 INFO  HttpServer::onMessage - Request URL : /metrics from TcpConnection[ fd#13-id#1 ] - HttpServer.cpp:89
20260518 12:49:05.785033Z 2160652 INFO  HttpServer::onMessage - Request URL : /metrics from TcpConnection[ fd#13-id#1 ] - HttpServer.cpp:89
20260518 12:49:08.678901Z 2162439 INFO  MetricsDbWriter: inserted metrics row - MetricsDbWriter.cpp:154
20260518 12:49:10.767845Z 2160652 INFO  HttpServer::onMessage - Request URL : /metrics from TcpConnection[ fd#13-id#1 ] - HttpServer.cpp:89
20260518 12:49:15.841778Z 2160652 INFO  HttpServer::onMessage - Request URL : /metrics from TcpConnection[ fd#13-id#1 ] - HttpServer.cpp:89
20260518 12:49:20.591668Z 2162485 INFO  MetricsDbWriter: inserted metrics row - MetricsDbWriter.cpp:154
20260518 12:49:20.978577Z 2160652 INFO  HttpServer::onMessage - Request URL : /metrics from TcpConnection[ fd#13-id#1 ] - HttpServer.cpp:89
20260518 12:49:25.776919Z 2160652 INFO  HttpServer::onMessage - Request URL : /metrics from TcpConnection[ fd#13-id#1 ] - HttpServer.cpp:89
20260518 12:49:28.783053Z 2162536 INFO  MetricsDbWriter: inserted metrics row - MetricsDbWriter.cpp:154
20260518 12:49:30.767986Z 2160652 INFO  HttpServer::onMessage - Request URL : /metrics from TcpConnection[ fd#13-id#1 ] - HttpServer.cpp:89
20260518 12:49:35.775658Z 2160652 INFO  HttpServer::onMessage - Request URL : /metrics from TcpConnection[ fd#13-id#1 ] - HttpServer.cpp:89
20260518 12:49:38.710446Z 2162586 INFO  MetricsDbWriter: inserted metrics row - MetricsDbWriter.cpp:154
20260518 12:49:42.226026Z 2160652 INFO  HttpServer::onMessage - Request URL : /metrics from TcpConnection[ fd#13-id#1 ] - HttpServer.cpp:89
20260518 12:49:45.767942Z 2160652 INFO  HttpServer::onMessage - Request URL : /metrics from TcpConnection[ fd#13-id#1 ] - HttpServer.cpp:89
20260518 12:49:48.812366Z 2162637 INFO  MetricsDbWriter: inserted metrics row - MetricsDbWriter.cpp:154
20260518 12:49:50.768709Z 2160652 INFO  HttpServer::onMessage - Request URL : /metrics from TcpConnection[ fd#13-id#1 ] - HttpServer.cpp:89
20260518 12:49:55.817757Z 2160652 INFO  HttpServer::onMessage - Request URL : /metrics from TcpConnection[ fd#13-id#1 ] - HttpServer.cpp:89
20260518 12:49:58.961691Z 2162686 INFO  MetricsDbWriter: inserted metrics row - MetricsDbWriter.cpp:154
20260518 12:50:02.576528Z 2160652 INFO  HttpServer::onMessage - Request URL : /metrics from TcpConnection[ fd#13-id#1 ] - HttpServer.cpp:89
20260518 12:50:05.773570Z 2160652 INFO  HttpServer::onMessage - Request URL : /metrics from TcpConnection[ fd#13-id#1 ] - HttpServer.cpp:89
20260518 12:50:08.802883Z 2162739 INFO  MetricsDbWriter: inserted metrics row - MetricsDbWriter.cpp:154
20260518 12:50:10.763354Z 2160652 INFO  HttpServer::onMessage - Request URL : /metrics from TcpConnection[ fd#13-id#1 ] - HttpServer.cpp:89
20260518 12:50:15.792341Z 2160652 INFO  HttpServer::onMessage - Request URL : /metrics from TcpConnection[ fd#13-id#1 ] - HttpServer.cpp:89
20260518 12:50:18.715766Z 2162789 INFO  MetricsDbWriter: inserted metrics row - MetricsDbWriter.cpp:154
20260518 12:50:20.768288Z 2160652 INFO  HttpServer::onMessage - Request URL : /metrics from TcpConnection[ fd#13-id#1 ] - HttpServer.cpp:89
20260518 12:50:25.886095Z 2160652 INFO  HttpServer::onMessage - Request URL : /metrics from TcpConnection[ fd#13-id#1 ] - HttpServer.cpp:89
20260518 12:50:28.816623Z 2162839 INFO  MetricsDbWriter: inserted metrics row - MetricsDbWriter.cpp:154
20260518 12:50:30.761062Z 2160652 INFO  HttpServer::onMessage - Request URL : /metrics from TcpConnection[ fd#13-id#1 ] - HttpServer.cpp:89
20260518 12:50:35.768594Z 2160652 INFO  HttpServer::onMessage - Request URL : /metrics from TcpConnection[ fd#13-id#1 ] - HttpServer.cpp:89
20260518 12:50:38.704549Z 2162885 INFO  MetricsDbWriter: inserted metrics row - MetricsDbWriter.cpp:154
20260518 12:50:40.779211Z 2160652 INFO  HttpServer::onMessage - Request URL : /metrics from TcpConnection[ fd#13-id#1 ] - HttpServer.cpp:89
20260518 12:50:45.906394Z 2160652 INFO  HttpServer::onMessage - Request URL : /metrics from TcpConnection[ fd#13-id#1 ] - HttpServer.cpp:89
20260518 12:50:48.854898Z 2162931 INFO  MetricsDbWriter: inserted metrics row - MetricsDbWriter.cpp:154
20260518 12:50:50.773707Z 2160652 INFO  HttpServer::onMessage - Request URL : /metrics from TcpConnection[ fd#13-id#1 ] - HttpServer.cpp:89
20260518 12:50:55.865202Z 2160652 INFO  HttpServer::onMessage - Request URL : /metrics from TcpConnection[ fd#13-id#1 ] - HttpServer.cpp:89
20260518 12:50:58.760208Z 2162987 INFO  MetricsDbWriter: inserted metrics row - MetricsDbWriter.cpp:154
20260518 12:51:00.761323Z 2160652 INFO  HttpServer::onMessage - Request URL : /metrics from TcpConnection[ fd#13-id#1 ] - HttpServer.cpp:89
20260518 12:51:06.160320Z 2160652 INFO  HttpServer::onMessage - Request URL : /metrics from TcpConnection[ fd#13-id#1 ] - HttpServer.cpp:89
20260518 12:51:08.808399Z 2163031 INFO  MetricsDbWriter: inserted metrics row - MetricsDbWriter.cpp:154
20260518 12:51:10.776153Z 2160652 INFO  HttpServer::onMessage - Request URL : /metrics from TcpConnection[ fd#13-id#1 ] - HttpServer.cpp:89
20260518 12:51:15.771058Z 2160652 INFO  HttpServer::onMessage - Request URL : /metrics from TcpConnection[ fd#13-id#1 ] - HttpServer.cpp:89
20260518 12:51:18.975673Z 2163088 INFO  MetricsDbWriter: inserted metrics row - MetricsDbWriter.cpp:154
20260518 12:51:20.808106Z 2160652 INFO  HttpServer::onMessage - Request URL : /metrics from TcpConnection[ fd#13-id#1 ] - HttpServer.cpp:89
20260518 12:51:26.240160Z 2160652 INFO  HttpServer::onMessage - Request URL : /metrics from TcpConnection[ fd#13-id#1 ] - HttpServer.cpp:89
20260518 12:51:28.801473Z 2163131 INFO  MetricsDbWriter: inserted metrics row - MetricsDbWriter.cpp:154
20260518 12:51:30.769911Z 2160652 INFO  HttpServer::onMessage - Request URL : /metrics from TcpConnection[ fd#13-id#1 ] - HttpServer.cpp:89
20260518 12:51:35.764074Z 2160652 INFO  HttpServer::onMessage - Request URL : /metrics from TcpConnection[ fd#13-id#1 ] - HttpServer.cpp:89
20260518 12:51:38.745352Z 2163187 INFO  MetricsDbWriter: inserted metrics row - MetricsDbWriter.cpp:154
20260518 12:51:40.770728Z 2160652 INFO  HttpServer::onMessage - Request URL : /metrics from TcpConnection[ fd#13-id#1 ] - HttpServer.cpp:89
20260518 12:51:48.239199Z 2160652 INFO  HttpServer::onMessage - Request URL : /metrics from TcpConnection[ fd#13-id#1 ] - HttpServer.cpp:89
20260518 12:51:48.803941Z 2163230 INFO  MetricsDbWriter: inserted metrics row - MetricsDbWriter.cpp:154
20260518 12:51:50.783646Z 2160652 INFO  HttpServer::onMessage - Request URL : /metrics from TcpConnection[ fd#13-id#1 ] - HttpServer.cpp:89
20260518 12:51:55.800876Z 2160652 INFO  HttpServer::onMessage - Request URL : /metrics from TcpConnection[ fd#13-id#1 ] - HttpServer.cpp:89
20260518 12:51:58.692943Z 2163286 INFO  MetricsDbWriter: inserted metrics row - MetricsDbWriter.cpp:154
20260518 12:52:00.770391Z 2160652 INFO  HttpServer::onMessage - Request URL : /metrics from TcpConnection[ fd#13-id#1 ] - HttpServer.cpp:89
20260518 12:52:05.825586Z 2160652 INFO  HttpServer::onMessage - Request URL : /metrics from TcpConnection[ fd#13-id#1 ] - HttpServer.cpp:89
20260518 12:52:08.829211Z 2163330 INFO  MetricsDbWriter: inserted metrics row - MetricsDbWriter.cpp:154
20260518 12:52:10.928655Z 2160652 INFO  HttpServer::onMessage - Request URL : /metrics from TcpConnection[ fd#13-id#1 ] - HttpServer.cpp:89
20260518 12:52:15.789720Z 2160652 INFO  HttpServer::onMessage - Request URL : /metrics from TcpConnection[ fd#13-id#1 ] - HttpServer.cpp:89
20260518 12:52:18.681729Z 2163387 INFO  MetricsDbWriter: inserted metrics row - MetricsDbWriter.cpp:154
20260518 12:52:20.764708Z 2160652 INFO  HttpServer::onMessage - Request URL : /metrics from TcpConnection[ fd#13-id#1 ] - HttpServer.cpp:89
20260518 12:52:27.446233Z 2160652 INFO  HttpServer::onMessage - Request URL : /metrics from TcpConnection[ fd#13-id#1 ] - HttpServer.cpp:89
20260518 12:52:30.669896Z 2163429 INFO  MetricsDbWriter: inserted metrics row - MetricsDbWriter.cpp:154
20260518 12:52:31.382140Z 2160652 INFO  HttpServer::onMessage - Request URL : /metrics from TcpConnection[ fd#13-id#1 ] - HttpServer.cpp:89
20260518 12:52:35.767034Z 2160652 INFO  HttpServer::onMessage - Request URL : /metrics from TcpConnection[ fd#13-id#1 ] - HttpServer.cpp:89
20260518 12:52:38.810046Z 2163479 INFO  MetricsDbWriter: inserted metrics row - MetricsDbWriter.cpp:154
20260518 12:52:40.769333Z 2160652 INFO  HttpServer::onMessage - Request URL : /metrics from TcpConnection[ fd#13-id#1 ] - HttpServer.cpp:89
20260518 12:52:45.764339Z 2160652 INFO  HttpServer::onMessage - Request URL : /metrics from TcpConnection[ fd#13-id#1 ] - HttpServer.cpp:89
20260518 12:52:52.114489Z 2163528 INFO  MetricsDbWriter: inserted metrics row - MetricsDbWriter.cpp:154
20260518 12:52:52.175029Z 2160652 INFO  HttpServer::onMessage - Request URL : /metrics from TcpConnection[ fd#13-id#1 ] - HttpServer.cpp:89
20260518 12:52:55.775289Z 2160652 INFO  HttpServer::onMessage - Request URL : /metrics from TcpConnection[ fd#13-id#1 ] - HttpServer.cpp:89
20260518 12:52:58.802155Z 2163578 INFO  MetricsDbWriter: inserted metrics row - MetricsDbWriter.cpp:154
20260518 12:53:00.769250Z 2160652 INFO  HttpServer::onMessage - Request URL : /metrics from TcpConnection[ fd#13-id#1 ] - HttpServer.cpp:89
20260518 12:53:05.760570Z 2160652 INFO  HttpServer::onMessage - Request URL : /metrics from TcpConnection[ fd#13-id#1 ] - HttpServer.cpp:89
20260518 12:53:10.688841Z 2163627 INFO  MetricsDbWriter: inserted metrics row - MetricsDbWriter.cpp:154
20260518 12:53:11.045313Z 2160652 INFO  HttpServer::onMessage - Request URL : /metrics from TcpConnection[ fd#13-id#1 ] - HttpServer.cpp:89
20260518 12:53:15.774156Z 2160652 INFO  HttpServer::onMessage - Request URL : /metrics from TcpConnection[ fd#13-id#1 ] - HttpServer.cpp:89
20260518 12:53:18.784879Z 2163678 INFO  MetricsDbWriter: inserted metrics row - MetricsDbWriter.cpp:154
20260518 12:53:20.767918Z 2160652 INFO  HttpServer::onMessage - Request URL : /metrics from TcpConnection[ fd#13-id#1 ] - HttpServer.cpp:89
20260518 12:53:25.774096Z 2160652 INFO  HttpServer::onMessage - Request URL : /metrics from TcpConnection[ fd#13-id#1 ] - HttpServer.cpp:89
20260518 12:53:30.727634Z 2163728 INFO  MetricsDbWriter: inserted metrics row - MetricsDbWriter.cpp:154
20260518 12:53:31.000832Z 2160652 INFO  HttpServer::onMessage - Request URL : /metrics from TcpConnection[ fd#13-id#1 ] - HttpServer.cpp:89
20260518 12:53:35.783617Z 2160652 INFO  HttpServer::onMessage - Request URL : /metrics from TcpConnection[ fd#13-id#1 ] - HttpServer.cpp:89
20260518 12:53:38.843690Z 2163778 INFO  MetricsDbWriter: inserted metrics row - MetricsDbWriter.cpp:154
20260518 12:53:40.783057Z 2160652 INFO  HttpServer::onMessage - Request URL : /metrics from TcpConnection[ fd#13-id#1 ] - HttpServer.cpp:89
20260518 12:53:45.781874Z 2160652 INFO  HttpServer::onMessage - Request URL : /metrics from TcpConnection[ fd#13-id#1 ] - HttpServer.cpp:89
20260518 12:53:48.877052Z 2163827 INFO  MetricsDbWriter: inserted metrics row - MetricsDbWriter.cpp:154
20260518 12:53:51.096194Z 2160652 INFO  HttpServer::onMessage - Request URL : /metrics from TcpConnection[ fd#13-id#1 ] - HttpServer.cpp:89
20260518 12:53:55.817973Z 2160652 INFO  HttpServer::onMessage - Request URL : /metrics from TcpConnection[ fd#13-id#1 ] - HttpServer.cpp:89
20260518 12:53:59.018235Z 2163878 INFO  MetricsDbWriter: inserted metrics row - MetricsDbWriter.cpp:154
20260518 12:54:00.770799Z 2160652 INFO  HttpServer::onMessage - Request URL : /metrics from TcpConnection[ fd#13-id#1 ] - HttpServer.cpp:89
20260518 12:54:05.766228Z 2160652 INFO  HttpServer::onMessage - Request URL : /metrics from TcpConnection[ fd#13-id#1 ] - HttpServer.cpp:89
20260518 12:54:10.160674Z 2163928 INFO  MetricsDbWriter: inserted metrics row - MetricsDbWriter.cpp:154
20260518 12:54:10.928546Z 2160652 INFO  HttpServer::onMessage - Request URL : /metrics from TcpConnection[ fd#13-id#1 ] - HttpServer.cpp:89
20260518 12:54:15.789581Z 2160652 INFO  HttpServer::onMessage - Request URL : /metrics from TcpConnection[ fd#13-id#1 ] - HttpServer.cpp:89
20260518 12:54:19.076032Z 2163979 INFO  MetricsDbWriter: inserted metrics row - MetricsDbWriter.cpp:154
20260518 12:54:20.775718Z 2160652 INFO  HttpServer::onMessage - Request URL : /metrics from TcpConnection[ fd#13-id#1 ] - HttpServer.cpp:89
20260518 12:54:25.857611Z 2160652 INFO  HttpServer::onMessage - Request URL : /metrics from TcpConnection[ fd#13-id#1 ] - HttpServer.cpp:89
20260518 12:54:30.608752Z 2164028 INFO  MetricsDbWriter: inserted metrics row - MetricsDbWriter.cpp:154
20260518 12:54:30.927145Z 2160652 INFO  HttpServer::onMessage - Request URL : /metrics from TcpConnection[ fd#13-id#1 ] - HttpServer.cpp:89
20260518 12:54:35.770052Z 2160652 INFO  HttpServer::onMessage - Request URL : /metrics from TcpConnection[ fd#13-id#1 ] - HttpServer.cpp:89
20260518 12:54:38.815522Z 2164079 INFO  MetricsDbWriter: inserted metrics row - MetricsDbWriter.cpp:154
20260518 12:54:40.765749Z 2160652 INFO  HttpServer::onMessage - Request URL : /metrics from TcpConnection[ fd#13-id#1 ] - HttpServer.cpp:89
20260518 12:54:45.771231Z 2160652 INFO  HttpServer::onMessage - Request URL : /metrics from TcpConnection[ fd#13-id#1 ] - HttpServer.cpp:89
20260518 12:54:49.017032Z 2164129 INFO  MetricsDbWriter: inserted metrics row - MetricsDbWriter.cpp:154
20260518 12:54:51.388842Z 2160652 INFO  HttpServer::onMessage - Request URL : /metrics from TcpConnection[ fd#13-id#1 ] - HttpServer.cpp:89
20260518 12:54:55.792938Z 2160652 INFO  HttpServer::onMessage - Request URL : /metrics from TcpConnection[ fd#13-id#1 ] - HttpServer.cpp:89
20260518 12:54:59.042062Z 2164179 INFO  MetricsDbWriter: inserted metrics row - MetricsDbWriter.cpp:154
20260518 12:55:00.766770Z 2160652 INFO  HttpServer::onMessage - Request URL : /metrics from TcpConnection[ fd#13-id#1 ] - HttpServer.cpp:89
20260518 12:55:05.767940Z 2160652 INFO  HttpServer::onMessage - Request URL : /metrics from TcpConnection[ fd#13-id#1 ] - HttpServer.cpp:89
20260518 12:55:09.175558Z 2164228 INFO  MetricsDbWriter: inserted metrics row - MetricsDbWriter.cpp:154
20260518 12:55:11.215060Z 2160652 INFO  HttpServer::onMessage - Request URL : /metrics from TcpConnection[ fd#13-id#1 ] - HttpServer.cpp:89
20260518 12:55:15.782999Z 2160652 INFO  HttpServer::onMessage - Request URL : /metrics from TcpConnection[ fd#13-id#1 ] - HttpServer.cpp:89
20260518 12:55:19.058126Z 2164281 INFO  MetricsDbWriter: inserted metrics row - MetricsDbWriter.cpp:154
20260518 12:55:20.768281Z 2160652 INFO  HttpServer::onMessage - Request URL : /metrics from TcpConnection[ fd#13-id#1 ] - HttpServer.cpp:89
20260518 12:55:25.763349Z 2160652 INFO  HttpServer::onMessage - Request URL : /metrics from TcpConnection[ fd#13-id#1 ] - HttpServer.cpp:89
20260518 12:55:29.023812Z 2164328 INFO  MetricsDbWriter: inserted metrics row - MetricsDbWriter.cpp:154
20260518 12:55:30.918446Z 2160652 INFO  HttpServer::onMessage - Request URL : /metrics from TcpConnection[ fd#13-id#1 ] - HttpServer.cpp:89
20260518 12:55:35.843823Z 2160652 INFO  HttpServer::onMessage - Request URL : /metrics from TcpConnection[ fd#13-id#1 ] - HttpServer.cpp:89
20260518 12:55:39.007076Z 2164395 INFO  MetricsDbWriter: inserted metrics row - MetricsDbWriter.cpp:154
20260518 12:55:40.771996Z 2160652 INFO  HttpServer::onMessage - Request URL : /metrics from TcpConnection[ fd#13-id#1 ] - HttpServer.cpp:89
20260518 12:55:45.775387Z 2160652 INFO  HttpServer::onMessage - Request URL : /metrics from TcpConnection[ fd#13-id#1 ] - HttpServer.cpp:89
20260518 12:55:48.900065Z 2164441 INFO  MetricsDbWriter: inserted metrics row - MetricsDbWriter.cpp:154
20260518 12:55:53.425793Z 2160652 INFO  HttpServer::onMessage - Request URL : /metrics from TcpConnection[ fd#13-id#1 ] - HttpServer.cpp:89
20260518 12:55:55.795624Z 2160652 INFO  HttpServer::onMessage - Request URL : /metrics from TcpConnection[ fd#13-id#1 ] - HttpServer.cpp:89
20260518 12:55:58.988241Z 2164494 INFO  MetricsDbWriter: inserted metrics row - MetricsDbWriter.cpp:154
20260518 12:56:00.765310Z 2160652 INFO  HttpServer::onMessage - Request URL : /metrics from TcpConnection[ fd#13-id#1 ] - HttpServer.cpp:89
20260518 12:56:05.778018Z 2160652 INFO  HttpServer::onMessage - Request URL : /metrics from TcpConnection[ fd#13-id#1 ] - HttpServer.cpp:89
20260518 12:56:09.491094Z 2164540 INFO  MetricsDbWriter: inserted metrics row - MetricsDbWriter.cpp:154
20260518 12:56:12.918094Z 2160652 INFO  HttpServer::onMessage - Request URL : /metrics from TcpConnection[ fd#13-id#1 ] - HttpServer.cpp:89
20260518 12:56:15.785123Z 2160652 INFO  HttpServer::onMessage - Request URL : /metrics from TcpConnection[ fd#13-id#1 ] - HttpServer.cpp:89
20260518 12:56:18.960923Z 2164594 INFO  MetricsDbWriter: inserted metrics row - MetricsDbWriter.cpp:154
20260518 12:56:20.777861Z 2160652 INFO  HttpServer::onMessage - Request URL : /metrics from TcpConnection[ fd#13-id#1 ] - HttpServer.cpp:89
20260518 12:56:25.808058Z 2160652 INFO  HttpServer::onMessage - Request URL : /metrics from TcpConnection[ fd#13-id#1 ] - HttpServer.cpp:89
20260518 12:56:28.864654Z 2164640 INFO  MetricsDbWriter: inserted metrics row - MetricsDbWriter.cpp:154
20260518 12:56:33.059704Z 2160652 INFO  HttpServer::onMessage - Request URL : /metrics from TcpConnection[ fd#13-id#1 ] - HttpServer.cpp:89
20260518 12:56:35.763275Z 2160652 INFO  HttpServer::onMessage - Request URL : /metrics from TcpConnection[ fd#13-id#1 ] - HttpServer.cpp:89
20260518 12:56:39.001915Z 2164694 INFO  MetricsDbWriter: inserted metrics row - MetricsDbWriter.cpp:154
20260518 12:56:40.763444Z 2160652 INFO  HttpServer::onMessage - Request URL : /metrics from TcpConnection[ fd#13-id#1 ] - HttpServer.cpp:89
20260518 12:56:45.766371Z 2160652 INFO  HttpServer::onMessage - Request URL : /metrics from TcpConnection[ fd#13-id#1 ] - HttpServer.cpp:89
20260518 12:56:52.613131Z 2164740 INFO  MetricsDbWriter: inserted metrics row - MetricsDbWriter.cpp:154
20260518 12:56:52.659816Z 2160652 INFO  HttpServer::onMessage - Request URL : /metrics from TcpConnection[ fd#13-id#1 ] - HttpServer.cpp:89
20260518 12:56:55.774507Z 2160652 INFO  HttpServer::onMessage - Request URL : /metrics from TcpConnection[ fd#13-id#1 ] - HttpServer.cpp:89
20260518 12:56:58.875859Z 2164794 INFO  MetricsDbWriter: inserted metrics row - MetricsDbWriter.cpp:154
20260518 12:57:00.763149Z 2160652 INFO  HttpServer::onMessage - Request URL : /metrics from TcpConnection[ fd#13-id#1 ] - HttpServer.cpp:89
20260518 12:57:05.781861Z 2160652 INFO  HttpServer::onMessage - Request URL : /metrics from TcpConnection[ fd#13-id#1 ] - HttpServer.cpp:89
20260518 12:57:08.907778Z 2164841 INFO  MetricsDbWriter: inserted metrics row - MetricsDbWriter.cpp:154

[run_webserver] --- session 2026-05-18T15:40:51+08:00 HTTP_PORT=8080 GAME_PORT=8081 USE_ASAN=0 USE_GAME_PROTOBUF=1 ---
[run_webserver] starting webserver HTTP=8080 game_protobuf_tcp=8081
20260518 15:40:51.212910Z 2182191 INFO  Game protobuf TCP on port 8081 (HTTP on 8080) - http_server.cpp:867
20260518 15:40:51.213059Z 2182191 INFO  HttpServer Listening on [ 0.0.0.0:8080 ] - HttpServer.cpp:35
20260518 15:40:51.216086Z 2182487 INFO  GameTcpGateway listening on 0.0.0.0:8081 (length-prefix + protobuf) - GameTcpGateway.cpp:49
20260518 15:40:55.800758Z 2182191 INFO  HttpServer::OnNewConnection : Add connection [ fd#18-id#1 ] from 127.0.0.1:39722 - HttpServer.cpp:49
20260518 15:40:55.849489Z 2182488 INFO  HttpServer::onMessage - Request URL : /metrics from TcpConnection[ fd#18-id#1 ] - HttpServer.cpp:89
20260518 15:41:00.915420Z 2182488 INFO  HttpServer::onMessage - Request URL : /metrics from TcpConnection[ fd#18-id#1 ] - HttpServer.cpp:89
20260518 15:41:05.772537Z 2182488 INFO  HttpServer::onMessage - Request URL : /metrics from TcpConnection[ fd#18-id#1 ] - HttpServer.cpp:89
20260518 15:41:10.770271Z 2182488 INFO  HttpServer::onMessage - Request URL : /metrics from TcpConnection[ fd#18-id#1 ] - HttpServer.cpp:89
20260518 15:41:17.252371Z 2182488 INFO  HttpServer::onMessage - Request URL : /metrics from TcpConnection[ fd#18-id#1 ] - HttpServer.cpp:89
20260518 15:41:20.786728Z 2182488 INFO  HttpServer::onMessage - Request URL : /metrics from TcpConnection[ fd#18-id#1 ] - HttpServer.cpp:89
20260518 15:41:25.768594Z 2182488 INFO  HttpServer::onMessage - Request URL : /metrics from TcpConnection[ fd#18-id#1 ] - HttpServer.cpp:89
20260518 15:41:30.852774Z 2182488 INFO  HttpServer::onMessage - Request URL : /metrics from TcpConnection[ fd#18-id#1 ] - HttpServer.cpp:89
20260518 15:41:37.032941Z 2182488 INFO  HttpServer::onMessage - Request URL : /metrics from TcpConnection[ fd#18-id#1 ] - HttpServer.cpp:89
20260518 15:41:40.761029Z 2182488 INFO  HttpServer::onMessage - Request URL : /metrics from TcpConnection[ fd#18-id#1 ] - HttpServer.cpp:89
20260518 15:41:45.761874Z 2182488 INFO  HttpServer::onMessage - Request URL : /metrics from TcpConnection[ fd#18-id#1 ] - HttpServer.cpp:89
20260518 15:41:50.770066Z 2182488 INFO  HttpServer::onMessage - Request URL : /metrics from TcpConnection[ fd#18-id#1 ] - HttpServer.cpp:89
20260518 15:41:55.945665Z 2182488 INFO  HttpServer::onMessage - Request URL : /metrics from TcpConnection[ fd#18-id#1 ] - HttpServer.cpp:89
20260518 15:42:00.772227Z 2182488 INFO  HttpServer::onMessage - Request URL : /metrics from TcpConnection[ fd#18-id#1 ] - HttpServer.cpp:89
20260518 15:42:01.848014Z 2182487 INFO  TcpServer::HandleCloseInLoop - Remove connection [id#1-fd#19] - TcpServer.cpp:69
20260518 15:42:05.768033Z 2182488 INFO  HttpServer::onMessage - Request URL : /metrics from TcpConnection[ fd#18-id#1 ] - HttpServer.cpp:89
20260518 15:42:10.779031Z 2182488 INFO  HttpServer::onMessage - Request URL : /metrics from TcpConnection[ fd#18-id#1 ] - HttpServer.cpp:89
20260518 15:42:15.905983Z 2182488 INFO  HttpServer::onMessage - Request URL : /metrics from TcpConnection[ fd#18-id#1 ] - HttpServer.cpp:89
20260518 15:42:20.769724Z 2182488 INFO  HttpServer::onMessage - Request URL : /metrics from TcpConnection[ fd#18-id#1 ] - HttpServer.cpp:89
20260518 15:42:25.764678Z 2182488 INFO  HttpServer::onMessage - Request URL : /metrics from TcpConnection[ fd#18-id#1 ] - HttpServer.cpp:89
20260518 15:42:32.028803Z 2182488 INFO  HttpServer::onMessage - Request URL : /metrics from TcpConnection[ fd#18-id#1 ] - HttpServer.cpp:89
20260518 15:42:35.770506Z 2182488 INFO  HttpServer::onMessage - Request URL : /metrics from TcpConnection[ fd#18-id#1 ] - HttpServer.cpp:89
20260518 15:42:39.937206Z 2182487 INFO  TcpServer::HandleCloseInLoop - Remove connection [id#2-fd#19] - TcpServer.cpp:69
20260518 15:42:40.763383Z 2182488 INFO  HttpServer::onMessage - Request URL : /metrics from TcpConnection[ fd#18-id#1 ] - HttpServer.cpp:89
20260518 15:42:45.781066Z 2182488 INFO  HttpServer::onMessage - Request URL : /metrics from TcpConnection[ fd#18-id#1 ] - HttpServer.cpp:89
20260518 15:42:50.950023Z 2182488 INFO  HttpServer::onMessage - Request URL : /metrics from TcpConnection[ fd#18-id#1 ] - HttpServer.cpp:89
20260518 15:42:55.782275Z 2182488 INFO  HttpServer::onMessage - Request URL : /metrics from TcpConnection[ fd#18-id#1 ] - HttpServer.cpp:89
20260518 15:43:00.767532Z 2182488 INFO  HttpServer::onMessage - Request URL : /metrics from TcpConnection[ fd#18-id#1 ] - HttpServer.cpp:89
20260518 15:43:05.827154Z 2182488 INFO  HttpServer::onMessage - Request URL : /metrics from TcpConnection[ fd#18-id#1 ] - HttpServer.cpp:89
20260518 15:43:10.912748Z 2182488 INFO  HttpServer::onMessage - Request URL : /metrics from TcpConnection[ fd#18-id#1 ] - HttpServer.cpp:89
20260518 15:43:15.786137Z 2182488 INFO  HttpServer::onMessage - Request URL : /metrics from TcpConnection[ fd#18-id#1 ] - HttpServer.cpp:89
20260518 15:43:20.765395Z 2182488 INFO  HttpServer::onMessage - Request URL : /metrics from TcpConnection[ fd#18-id#1 ] - HttpServer.cpp:89
20260518 15:43:27.521722Z 2182488 INFO  HttpServer::onMessage - Request URL : /metrics from TcpConnection[ fd#18-id#1 ] - HttpServer.cpp:89
20260518 15:43:30.777397Z 2182488 INFO  HttpServer::onMessage - Request URL : /metrics from TcpConnection[ fd#18-id#1 ] - HttpServer.cpp:89
20260518 15:43:35.763989Z 2182488 INFO  HttpServer::onMessage - Request URL : /metrics from TcpConnection[ fd#18-id#1 ] - HttpServer.cpp:89
20260518 15:43:40.772683Z 2182488 INFO  HttpServer::onMessage - Request URL : /metrics from TcpConnection[ fd#18-id#1 ] - HttpServer.cpp:89
20260518 15:43:46.584376Z 2182488 INFO  HttpServer::onMessage - Request URL : /metrics from TcpConnection[ fd#18-id#1 ] - HttpServer.cpp:89
20260518 15:43:50.774115Z 2182488 INFO  HttpServer::onMessage - Request URL : /metrics from TcpConnection[ fd#18-id#1 ] - HttpServer.cpp:89
20260518 15:43:55.772506Z 2182488 INFO  HttpServer::onMessage - Request URL : /metrics from TcpConnection[ fd#18-id#1 ] - HttpServer.cpp:89
20260518 15:44:00.766347Z 2182488 INFO  HttpServer::onMessage - Request URL : /metrics from TcpConnection[ fd#18-id#1 ] - HttpServer.cpp:89
20260518 15:44:06.065630Z 2182488 INFO  HttpServer::onMessage - Request URL : /metrics from TcpConnection[ fd#18-id#1 ] - HttpServer.cpp:89
20260518 15:44:10.769038Z 2182488 INFO  HttpServer::onMessage - Request URL : /metrics from TcpConnection[ fd#18-id#1 ] - HttpServer.cpp:89
20260518 15:44:15.765637Z 2182488 INFO  HttpServer::onMessage - Request URL : /metrics from TcpConnection[ fd#18-id#1 ] - HttpServer.cpp:89
20260518 15:44:20.761594Z 2182488 INFO  HttpServer::onMessage - Request URL : /metrics from TcpConnection[ fd#18-id#1 ] - HttpServer.cpp:89
20260518 15:44:25.930837Z 2182488 INFO  HttpServer::onMessage - Request URL : /metrics from TcpConnection[ fd#18-id#1 ] - HttpServer.cpp:89
20260518 15:44:30.772499Z 2182488 INFO  HttpServer::onMessage - Request URL : /metrics from TcpConnection[ fd#18-id#1 ] - HttpServer.cpp:89
20260518 15:44:35.784943Z 2182488 INFO  HttpServer::onMessage - Request URL : /metrics from TcpConnection[ fd#18-id#1 ] - HttpServer.cpp:89
20260518 15:44:40.965109Z 2182488 INFO  HttpServer::onMessage - Request URL : /metrics from TcpConnection[ fd#18-id#1 ] - HttpServer.cpp:89
20260518 15:44:45.907876Z 2182488 INFO  HttpServer::onMessage - Request URL : /metrics from TcpConnection[ fd#18-id#1 ] - HttpServer.cpp:89
20260518 15:44:50.769386Z 2182488 INFO  HttpServer::onMessage - Request URL : /metrics from TcpConnection[ fd#18-id#1 ] - HttpServer.cpp:89
20260518 15:44:55.771421Z 2182488 INFO  HttpServer::onMessage - Request URL : /metrics from TcpConnection[ fd#18-id#1 ] - HttpServer.cpp:89
20260518 15:45:01.802351Z 2182488 INFO  HttpServer::onMessage - Request URL : /metrics from TcpConnection[ fd#18-id#1 ] - HttpServer.cpp:89
20260518 15:45:05.773021Z 2182488 INFO  HttpServer::onMessage - Request URL : /metrics from TcpConnection[ fd#18-id#1 ] - HttpServer.cpp:89
20260518 15:45:10.766618Z 2182488 INFO  HttpServer::onMessage - Request URL : /metrics from TcpConnection[ fd#18-id#1 ] - HttpServer.cpp:89
20260518 15:45:15.786386Z 2182488 INFO  HttpServer::onMessage - Request URL : /metrics from TcpConnection[ fd#18-id#1 ] - HttpServer.cpp:89
20260518 15:45:20.917459Z 2182488 INFO  HttpServer::onMessage - Request URL : /metrics from TcpConnection[ fd#18-id#1 ] - HttpServer.cpp:89
20260518 15:45:25.784157Z 2182488 INFO  HttpServer::onMessage - Request URL : /metrics from TcpConnection[ fd#18-id#1 ] - HttpServer.cpp:89
20260518 15:45:30.772560Z 2182488 INFO  HttpServer::onMessage - Request URL : /metrics from TcpConnection[ fd#18-id#1 ] - HttpServer.cpp:89
20260518 15:45:35.764876Z 2182488 INFO  HttpServer::onMessage - Request URL : /metrics from TcpConnection[ fd#18-id#1 ] - HttpServer.cpp:89
20260518 15:45:40.933719Z 2182488 INFO  HttpServer::onMessage - Request URL : /metrics from TcpConnection[ fd#18-id#1 ] - HttpServer.cpp:89
20260518 15:45:45.792842Z 2182488 INFO  HttpServer::onMessage - Request URL : /metrics from TcpConnection[ fd#18-id#1 ] - HttpServer.cpp:89
20260518 15:45:50.762714Z 2182488 INFO  HttpServer::onMessage - Request URL : /metrics from TcpConnection[ fd#18-id#1 ] - HttpServer.cpp:89
20260518 15:45:55.770047Z 2182488 INFO  HttpServer::onMessage - Request URL : /metrics from TcpConnection[ fd#18-id#1 ] - HttpServer.cpp:89
20260518 15:46:00.925628Z 2182488 INFO  HttpServer::onMessage - Request URL : /metrics from TcpConnection[ fd#18-id#1 ] - HttpServer.cpp:89
20260518 15:46:05.774596Z 2182488 INFO  HttpServer::onMessage - Request URL : /metrics from TcpConnection[ fd#18-id#1 ] - HttpServer.cpp:89
20260518 15:46:10.762543Z 2182488 INFO  HttpServer::onMessage - Request URL : /metrics from TcpConnection[ fd#18-id#1 ] - HttpServer.cpp:89
20260518 15:46:18.154787Z 2182488 INFO  HttpServer::onMessage - Request URL : /metrics from TcpConnection[ fd#18-id#1 ] - HttpServer.cpp:89
20260518 15:46:20.787290Z 2182488 INFO  HttpServer::onMessage - Request URL : /metrics from TcpConnection[ fd#18-id#1 ] - HttpServer.cpp:89
20260518 15:46:25.770461Z 2182488 INFO  HttpServer::onMessage - Request URL : /metrics from TcpConnection[ fd#18-id#1 ] - HttpServer.cpp:89
20260518 15:46:30.763381Z 2182488 INFO  HttpServer::onMessage - Request URL : /metrics from TcpConnection[ fd#18-id#1 ] - HttpServer.cpp:89
20260518 15:46:36.809178Z 2182488 INFO  HttpServer::onMessage - Request URL : /metrics from TcpConnection[ fd#18-id#1 ] - HttpServer.cpp:89
20260518 15:46:40.778256Z 2182488 INFO  HttpServer::onMessage - Request URL : /metrics from TcpConnection[ fd#18-id#1 ] - HttpServer.cpp:89
20260518 15:46:45.810469Z 2182488 INFO  HttpServer::onMessage - Request URL : /metrics from TcpConnection[ fd#18-id#1 ] - HttpServer.cpp:89
20260518 15:46:50.777278Z 2182488 INFO  HttpServer::onMessage - Request URL : /metrics from TcpConnection[ fd#18-id#1 ] - HttpServer.cpp:89
20260518 15:46:55.919435Z 2182488 INFO  HttpServer::onMessage - Request URL : /metrics from TcpConnection[ fd#18-id#1 ] - HttpServer.cpp:89
20260518 15:47:00.814698Z 2182488 INFO  HttpServer::onMessage - Request URL : /metrics from TcpConnection[ fd#18-id#1 ] - HttpServer.cpp:89
20260518 15:47:05.775035Z 2182488 INFO  HttpServer::onMessage - Request URL : /metrics from TcpConnection[ fd#18-id#1 ] - HttpServer.cpp:89
20260518 15:47:10.780548Z 2182488 INFO  HttpServer::onMessage - Request URL : /metrics from TcpConnection[ fd#18-id#1 ] - HttpServer.cpp:89
20260518 15:47:15.899578Z 2182488 INFO  HttpServer::onMessage - Request URL : /metrics from TcpConnection[ fd#18-id#1 ] - HttpServer.cpp:89
20260518 15:47:20.781699Z 2182488 INFO  HttpServer::onMessage - Request URL : /metrics from TcpConnection[ fd#18-id#1 ] - HttpServer.cpp:89
20260518 15:47:25.769034Z 2182488 INFO  HttpServer::onMessage - Request URL : /metrics from TcpConnection[ fd#18-id#1 ] - HttpServer.cpp:89
20260518 15:47:30.777528Z 2182488 INFO  HttpServer::onMessage - Request URL : /metrics from TcpConnection[ fd#18-id#1 ] - HttpServer.cpp:89
20260518 15:47:35.831555Z 2182488 INFO  HttpServer::onMessage - Request URL : /metrics from TcpConnection[ fd#18-id#1 ] - HttpServer.cpp:89
20260518 15:47:40.775480Z 2182488 INFO  HttpServer::onMessage - Request URL : /metrics from TcpConnection[ fd#18-id#1 ] - HttpServer.cpp:89
20260518 15:47:45.768016Z 2182488 INFO  HttpServer::onMessage - Request URL : /metrics from TcpConnection[ fd#18-id#1 ] - HttpServer.cpp:89
20260518 15:47:52.445215Z 2182488 INFO  HttpServer::onMessage - Request URL : /metrics from TcpConnection[ fd#18-id#1 ] - HttpServer.cpp:89
20260518 15:47:55.773581Z 2182488 INFO  HttpServer::onMessage - Request URL : /metrics from TcpConnection[ fd#18-id#1 ] - HttpServer.cpp:89
20260518 15:48:00.762467Z 2182488 INFO  HttpServer::onMessage - Request URL : /metrics from TcpConnection[ fd#18-id#1 ] - HttpServer.cpp:89
20260518 15:48:05.769663Z 2182488 INFO  HttpServer::onMessage - Request URL : /metrics from TcpConnection[ fd#18-id#1 ] - HttpServer.cpp:89
20260518 15:48:10.900792Z 2182488 INFO  HttpServer::onMessage - Request URL : /metrics from TcpConnection[ fd#18-id#1 ] - HttpServer.cpp:89
20260518 15:48:15.777160Z 2182488 INFO  HttpServer::onMessage - Request URL : /metrics from TcpConnection[ fd#18-id#1 ] - HttpServer.cpp:89
20260518 15:48:20.763352Z 2182488 INFO  HttpServer::onMessage - Request URL : /metrics from TcpConnection[ fd#18-id#1 ] - HttpServer.cpp:89
20260518 15:48:25.768473Z 2182488 INFO  HttpServer::onMessage - Request URL : /metrics from TcpConnection[ fd#18-id#1 ] - HttpServer.cpp:89
20260518 15:48:30.934832Z 2182488 INFO  HttpServer::onMessage - Request URL : /metrics from TcpConnection[ fd#18-id#1 ] - HttpServer.cpp:89
20260518 15:48:35.804823Z 2182488 INFO  HttpServer::onMessage - Request URL : /metrics from TcpConnection[ fd#18-id#1 ] - HttpServer.cpp:89
20260518 15:48:40.794873Z 2182488 INFO  HttpServer::onMessage - Request URL : /metrics from TcpConnection[ fd#18-id#1 ] - HttpServer.cpp:89
20260518 15:48:45.771484Z 2182488 INFO  HttpServer::onMessage - Request URL : /metrics from TcpConnection[ fd#18-id#1 ] - HttpServer.cpp:89
20260518 15:48:50.861708Z 2182488 INFO  HttpServer::onMessage - Request URL : /metrics from TcpConnection[ fd#18-id#1 ] - HttpServer.cpp:89
20260518 15:48:55.781403Z 2182488 INFO  HttpServer::onMessage - Request URL : /metrics from TcpConnection[ fd#18-id#1 ] - HttpServer.cpp:89
20260518 15:49:00.771103Z 2182488 INFO  HttpServer::onMessage - Request URL : /metrics from TcpConnection[ fd#18-id#1 ] - HttpServer.cpp:89
20260518 15:49:07.257207Z 2182488 INFO  HttpServer::onMessage - Request URL : /metrics from TcpConnection[ fd#18-id#1 ] - HttpServer.cpp:89
20260518 15:49:09.204003Z 2182191 INFO  HttpServer::OnNewConnection : Add connection [ fd#19-id#2 ] from 194.165.16.161:65321 - HttpServer.cpp:49
20260518 15:49:09.204032Z 2182488 INFO  HttpServer::onMessage : Receive non HTTP message - HttpServer.cpp:71
20260518 15:49:09.204217Z 2182191 INFO  TcpServer::HandleCloseInLoop - Remove connection [id#2-fd#19] - TcpServer.cpp:69
20260518 15:49:10.788441Z 2182488 INFO  HttpServer::onMessage - Request URL : /metrics from TcpConnection[ fd#18-id#1 ] - HttpServer.cpp:89
20260518 15:49:15.760420Z 2182488 INFO  HttpServer::onMessage - Request URL : /metrics from TcpConnection[ fd#18-id#1 ] - HttpServer.cpp:89
20260518 15:49:20.769630Z 2182488 INFO  HttpServer::onMessage - Request URL : /metrics from TcpConnection[ fd#18-id#1 ] - HttpServer.cpp:89
20260518 15:49:25.912736Z 2182488 INFO  HttpServer::onMessage - Request URL : /metrics from TcpConnection[ fd#18-id#1 ] - HttpServer.cpp:89
20260518 15:49:30.769738Z 2182488 INFO  HttpServer::onMessage - Request URL : /metrics from TcpConnection[ fd#18-id#1 ] - HttpServer.cpp:89
20260518 15:49:35.767127Z 2182488 INFO  HttpServer::onMessage - Request URL : /metrics from TcpConnection[ fd#18-id#1 ] - HttpServer.cpp:89
20260518 15:49:40.781083Z 2182488 INFO  HttpServer::onMessage - Request URL : /metrics from TcpConnection[ fd#18-id#1 ] - HttpServer.cpp:89
20260518 15:49:45.896980Z 2182488 INFO  HttpServer::onMessage - Request URL : /metrics from TcpConnection[ fd#18-id#1 ] - HttpServer.cpp:89
20260518 15:49:50.774824Z 2182488 INFO  HttpServer::onMessage - Request URL : /metrics from TcpConnection[ fd#18-id#1 ] - HttpServer.cpp:89
20260518 15:49:55.767038Z 2182488 INFO  HttpServer::onMessage - Request URL : /metrics from TcpConnection[ fd#18-id#1 ] - HttpServer.cpp:89
20260518 15:50:02.121459Z 2182488 INFO  HttpServer::onMessage - Request URL : /metrics from TcpConnection[ fd#18-id#1 ] - HttpServer.cpp:89
20260518 15:50:05.762729Z 2182488 INFO  HttpServer::onMessage - Request URL : /metrics from TcpConnection[ fd#18-id#1 ] - HttpServer.cpp:89
20260518 15:50:10.766107Z 2182488 INFO  HttpServer::onMessage - Request URL : /metrics from TcpConnection[ fd#18-id#1 ] - HttpServer.cpp:89
20260518 15:50:15.764954Z 2182488 INFO  HttpServer::onMessage - Request URL : /metrics from TcpConnection[ fd#18-id#1 ] - HttpServer.cpp:89
20260518 15:50:20.916522Z 2182488 INFO  HttpServer::onMessage - Request URL : /metrics from TcpConnection[ fd#18-id#1 ] - HttpServer.cpp:89
20260518 15:50:25.780866Z 2182488 INFO  HttpServer::onMessage - Request URL : /metrics from TcpConnection[ fd#18-id#1 ] - HttpServer.cpp:89
20260518 15:50:30.770454Z 2182488 INFO  HttpServer::onMessage - Request URL : /metrics from TcpConnection[ fd#18-id#1 ] - HttpServer.cpp:89
20260518 15:50:35.835099Z 2182488 INFO  HttpServer::onMessage - Request URL : /metrics from TcpConnection[ fd#18-id#1 ] - HttpServer.cpp:89
20260518 15:50:40.906016Z 2182488 INFO  HttpServer::onMessage - Request URL : /metrics from TcpConnection[ fd#18-id#1 ] - HttpServer.cpp:89
20260518 15:50:45.768745Z 2182488 INFO  HttpServer::onMessage - Request URL : /metrics from TcpConnection[ fd#18-id#1 ] - HttpServer.cpp:89
20260518 15:50:50.764151Z 2182488 INFO  HttpServer::onMessage - Request URL : /metrics from TcpConnection[ fd#18-id#1 ] - HttpServer.cpp:89
20260518 15:50:58.245654Z 2182488 INFO  HttpServer::onMessage - Request URL : /metrics from TcpConnection[ fd#18-id#1 ] - HttpServer.cpp:89
20260518 15:51:00.794593Z 2182488 INFO  HttpServer::onMessage - Request URL : /metrics from TcpConnection[ fd#18-id#1 ] - HttpServer.cpp:89
20260518 15:51:05.784812Z 2182488 INFO  HttpServer::onMessage - Request URL : /metrics from TcpConnection[ fd#18-id#1 ] - HttpServer.cpp:89
20260518 15:51:10.764782Z 2182488 INFO  HttpServer::onMessage - Request URL : /metrics from TcpConnection[ fd#18-id#1 ] - HttpServer.cpp:89
20260518 15:51:15.761130Z 2182488 INFO  HttpServer::onMessage - Request URL : /metrics from TcpConnection[ fd#18-id#1 ] - HttpServer.cpp:89
20260518 15:51:20.918567Z 2182488 INFO  HttpServer::onMessage - Request URL : /metrics from TcpConnection[ fd#18-id#1 ] - HttpServer.cpp:89
20260518 15:51:25.782941Z 2182488 INFO  HttpServer::onMessage - Request URL : /metrics from TcpConnection[ fd#18-id#1 ] - HttpServer.cpp:89
20260518 15:51:30.777730Z 2182488 INFO  HttpServer::onMessage - Request URL : /metrics from TcpConnection[ fd#18-id#1 ] - HttpServer.cpp:89
20260518 15:51:36.902776Z 2182488 INFO  HttpServer::onMessage - Request URL : /metrics from TcpConnection[ fd#18-id#1 ] - HttpServer.cpp:89
20260518 15:51:40.786525Z 2182488 INFO  HttpServer::onMessage - Request URL : /metrics from TcpConnection[ fd#18-id#1 ] - HttpServer.cpp:89
20260518 15:51:45.769601Z 2182488 INFO  HttpServer::onMessage - Request URL : /metrics from TcpConnection[ fd#18-id#1 ] - HttpServer.cpp:89
20260518 15:51:50.780605Z 2182488 INFO  HttpServer::onMessage - Request URL : /metrics from TcpConnection[ fd#18-id#1 ] - HttpServer.cpp:89
20260518 15:51:55.870352Z 2182488 INFO  HttpServer::onMessage - Request URL : /metrics from TcpConnection[ fd#18-id#1 ] - HttpServer.cpp:89
20260518 15:52:00.761715Z 2182488 INFO  HttpServer::onMessage - Request URL : /metrics from TcpConnection[ fd#18-id#1 ] - HttpServer.cpp:89
20260518 15:52:05.762296Z 2182488 INFO  HttpServer::onMessage - Request URL : /metrics from TcpConnection[ fd#18-id#1 ] - HttpServer.cpp:89
20260518 15:52:10.791121Z 2182488 INFO  HttpServer::onMessage - Request URL : /metrics from TcpConnection[ fd#18-id#1 ] - HttpServer.cpp:89
20260518 15:52:15.883009Z 2182488 INFO  HttpServer::onMessage - Request URL : /metrics from TcpConnection[ fd#18-id#1 ] - HttpServer.cpp:89
20260518 15:52:20.767292Z 2182488 INFO  HttpServer::onMessage - Request URL : /metrics from TcpConnection[ fd#18-id#1 ] - HttpServer.cpp:89
20260518 15:52:25.767460Z 2182488 INFO  HttpServer::onMessage - Request URL : /metrics from TcpConnection[ fd#18-id#1 ] - HttpServer.cpp:89
20260518 15:52:32.321978Z 2182488 INFO  HttpServer::onMessage - Request URL : /metrics from TcpConnection[ fd#18-id#1 ] - HttpServer.cpp:89
20260518 15:52:35.788477Z 2182488 INFO  HttpServer::onMessage - Request URL : /metrics from TcpConnection[ fd#18-id#1 ] - HttpServer.cpp:89
20260518 15:52:40.773775Z 2182488 INFO  HttpServer::onMessage - Request URL : /metrics from TcpConnection[ fd#18-id#1 ] - HttpServer.cpp:89
20260518 15:52:45.784732Z 2182488 INFO  HttpServer::onMessage - Request URL : /metrics from TcpConnection[ fd#18-id#1 ] - HttpServer.cpp:89
20260518 15:52:50.906793Z 2182488 INFO  HttpServer::onMessage - Request URL : /metrics from TcpConnection[ fd#18-id#1 ] - HttpServer.cpp:89
20260518 15:52:55.767239Z 2182488 INFO  HttpServer::onMessage - Request URL : /metrics from TcpConnection[ fd#18-id#1 ] - HttpServer.cpp:89
20260518 15:53:00.825061Z 2182488 INFO  HttpServer::onMessage - Request URL : /metrics from TcpConnection[ fd#18-id#1 ] - HttpServer.cpp:89
20260518 15:53:05.809051Z 2182488 INFO  HttpServer::onMessage - Request URL : /metrics from TcpConnection[ fd#18-id#1 ] - HttpServer.cpp:89
20260518 15:53:10.916202Z 2182488 INFO  HttpServer::onMessage - Request URL : /metrics from TcpConnection[ fd#18-id#1 ] - HttpServer.cpp:89
20260518 15:53:15.767990Z 2182488 INFO  HttpServer::onMessage - Request URL : /metrics from TcpConnection[ fd#18-id#1 ] - HttpServer.cpp:89
20260518 15:53:20.784820Z 2182488 INFO  HttpServer::onMessage - Request URL : /metrics from TcpConnection[ fd#18-id#1 ] - HttpServer.cpp:89
20260518 15:53:27.066640Z 2182488 INFO  HttpServer::onMessage - Request URL : /metrics from TcpConnection[ fd#18-id#1 ] - HttpServer.cpp:89
20260518 15:53:30.778542Z 2182488 INFO  HttpServer::onMessage - Request URL : /metrics from TcpConnection[ fd#18-id#1 ] - HttpServer.cpp:89
20260518 15:53:35.763534Z 2182488 INFO  HttpServer::onMessage - Request URL : /metrics from TcpConnection[ fd#18-id#1 ] - HttpServer.cpp:89
20260518 15:53:40.766048Z 2182488 INFO  HttpServer::onMessage - Request URL : /metrics from TcpConnection[ fd#18-id#1 ] - HttpServer.cpp:89
20260518 15:53:46.048711Z 2182488 INFO  HttpServer::onMessage - Request URL : /metrics from TcpConnection[ fd#18-id#1 ] - HttpServer.cpp:89
20260518 15:53:50.773612Z 2182488 INFO  HttpServer::onMessage - Request URL : /metrics from TcpConnection[ fd#18-id#1 ] - HttpServer.cpp:89
20260518 15:53:55.769329Z 2182488 INFO  HttpServer::onMessage - Request URL : /metrics from TcpConnection[ fd#18-id#1 ] - HttpServer.cpp:89
20260518 15:54:00.761459Z 2182488 INFO  HttpServer::onMessage - Request URL : /metrics from TcpConnection[ fd#18-id#1 ] - HttpServer.cpp:89
20260518 15:54:05.925151Z 2182488 INFO  HttpServer::onMessage - Request URL : /metrics from TcpConnection[ fd#18-id#1 ] - HttpServer.cpp:89
20260518 15:54:10.769762Z 2182488 INFO  HttpServer::onMessage - Request URL : /metrics from TcpConnection[ fd#18-id#1 ] - HttpServer.cpp:89
20260518 15:54:15.760518Z 2182488 INFO  HttpServer::onMessage - Request URL : /metrics from TcpConnection[ fd#18-id#1 ] - HttpServer.cpp:89
20260518 15:54:22.142475Z 2182488 INFO  HttpServer::onMessage - Request URL : /metrics from TcpConnection[ fd#18-id#1 ] - HttpServer.cpp:89
20260518 15:54:25.778082Z 2182488 INFO  HttpServer::onMessage - Request URL : /metrics from TcpConnection[ fd#18-id#1 ] - HttpServer.cpp:89
20260518 15:54:30.763343Z 2182488 INFO  HttpServer::onMessage - Request URL : /metrics from TcpConnection[ fd#18-id#1 ] - HttpServer.cpp:89
20260518 15:54:35.767034Z 2182488 INFO  HttpServer::onMessage - Request URL : /metrics from TcpConnection[ fd#18-id#1 ] - HttpServer.cpp:89
20260518 15:54:40.908158Z 2182488 INFO  HttpServer::onMessage - Request URL : /metrics from TcpConnection[ fd#18-id#1 ] - HttpServer.cpp:89
20260518 15:54:45.782956Z 2182488 INFO  HttpServer::onMessage - Request URL : /metrics from TcpConnection[ fd#18-id#1 ] - HttpServer.cpp:89
20260518 15:54:50.771525Z 2182488 INFO  HttpServer::onMessage - Request URL : /metrics from TcpConnection[ fd#18-id#1 ] - HttpServer.cpp:89
20260518 15:54:55.764877Z 2182488 INFO  HttpServer::onMessage - Request URL : /metrics from TcpConnection[ fd#18-id#1 ] - HttpServer.cpp:89
20260518 15:55:00.921023Z 2182488 INFO  HttpServer::onMessage - Request URL : /metrics from TcpConnection[ fd#18-id#1 ] - HttpServer.cpp:89
20260518 15:55:05.785357Z 2182488 INFO  HttpServer::onMessage - Request URL : /metrics from TcpConnection[ fd#18-id#1 ] - HttpServer.cpp:89
20260518 15:55:10.774142Z 2182488 INFO  HttpServer::onMessage - Request URL : /metrics from TcpConnection[ fd#18-id#1 ] - HttpServer.cpp:89
20260518 15:55:17.810024Z 2182488 INFO  HttpServer::onMessage - Request URL : /metrics from TcpConnection[ fd#18-id#1 ] - HttpServer.cpp:89
20260518 15:55:20.762743Z 2182488 INFO  HttpServer::onMessage - Request URL : /metrics from TcpConnection[ fd#18-id#1 ] - HttpServer.cpp:89
20260518 15:55:25.778084Z 2182488 INFO  HttpServer::onMessage - Request URL : /metrics from TcpConnection[ fd#18-id#1 ] - HttpServer.cpp:89
20260518 15:55:30.793296Z 2182488 INFO  HttpServer::onMessage - Request URL : /metrics from TcpConnection[ fd#18-id#1 ] - HttpServer.cpp:89
20260518 15:55:35.918747Z 2182488 INFO  HttpServer::onMessage - Request URL : /metrics from TcpConnection[ fd#18-id#1 ] - HttpServer.cpp:89
20260518 15:55:40.777001Z 2182488 INFO  HttpServer::onMessage - Request URL : /metrics from TcpConnection[ fd#18-id#1 ] - HttpServer.cpp:89
20260518 15:55:45.761029Z 2182488 INFO  HttpServer::onMessage - Request URL : /metrics from TcpConnection[ fd#18-id#1 ] - HttpServer.cpp:89
20260518 15:55:50.954586Z 2182488 INFO  HttpServer::onMessage - Request URL : /metrics from TcpConnection[ fd#18-id#1 ] - HttpServer.cpp:89
20260518 15:55:56.079652Z 2182488 INFO  HttpServer::onMessage - Request URL : /metrics from TcpConnection[ fd#18-id#1 ] - HttpServer.cpp:89
20260518 15:56:01.036329Z 2182488 INFO  HttpServer::onMessage - Request URL : /metrics from TcpConnection[ fd#18-id#1 ] - HttpServer.cpp:89
20260518 15:56:05.760413Z 2182488 INFO  HttpServer::onMessage - Request URL : /metrics from TcpConnection[ fd#18-id#1 ] - HttpServer.cpp:89
20260518 15:56:10.773198Z 2182488 INFO  HttpServer::onMessage - Request URL : /metrics from TcpConnection[ fd#18-id#1 ] - HttpServer.cpp:89
20260518 15:56:15.885673Z 2182488 INFO  HttpServer::onMessage - Request URL : /metrics from TcpConnection[ fd#18-id#1 ] - HttpServer.cpp:89
20260518 15:56:20.764535Z 2182488 INFO  HttpServer::onMessage - Request URL : /metrics from TcpConnection[ fd#18-id#1 ] - HttpServer.cpp:89
20260518 15:56:25.790640Z 2182488 INFO  HttpServer::onMessage - Request URL : /metrics from TcpConnection[ fd#18-id#1 ] - HttpServer.cpp:89
20260518 15:56:31.085630Z 2182488 INFO  HttpServer::onMessage - Request URL : /metrics from TcpConnection[ fd#18-id#1 ] - HttpServer.cpp:89
20260518 15:56:35.769147Z 2182488 INFO  HttpServer::onMessage - Request URL : /metrics from TcpConnection[ fd#18-id#1 ] - HttpServer.cpp:89
20260518 15:56:40.764181Z 2182488 INFO  HttpServer::onMessage - Request URL : /metrics from TcpConnection[ fd#18-id#1 ] - HttpServer.cpp:89
20260518 15:56:45.798049Z 2182488 INFO  HttpServer::onMessage - Request URL : /metrics from TcpConnection[ fd#18-id#1 ] - HttpServer.cpp:89
20260518 15:56:50.931629Z 2182488 INFO  HttpServer::onMessage - Request URL : /metrics from TcpConnection[ fd#18-id#1 ] - HttpServer.cpp:89
20260518 15:56:55.766494Z 2182488 INFO  HttpServer::onMessage - Request URL : /metrics from TcpConnection[ fd#18-id#1 ] - HttpServer.cpp:89
20260518 15:57:00.773426Z 2182488 INFO  HttpServer::onMessage - Request URL : /metrics from TcpConnection[ fd#18-id#1 ] - HttpServer.cpp:89
20260518 15:57:08.843350Z 2182488 INFO  HttpServer::onMessage - Request URL : /metrics from TcpConnection[ fd#18-id#1 ] - HttpServer.cpp:89
20260518 15:57:10.798397Z 2182488 INFO  HttpServer::onMessage - Request URL : /metrics from TcpConnection[ fd#18-id#1 ] - HttpServer.cpp:89
20260518 15:57:15.768231Z 2182488 INFO  HttpServer::onMessage - Request URL : /metrics from TcpConnection[ fd#18-id#1 ] - HttpServer.cpp:89
20260518 15:57:20.764292Z 2182488 INFO  HttpServer::onMessage - Request URL : /metrics from TcpConnection[ fd#18-id#1 ] - HttpServer.cpp:89
20260518 15:57:25.766312Z 2182488 INFO  HttpServer::onMessage - Request URL : /metrics from TcpConnection[ fd#18-id#1 ] - HttpServer.cpp:89
20260518 15:57:30.918610Z 2182488 INFO  HttpServer::onMessage - Request URL : /metrics from TcpConnection[ fd#18-id#1 ] - HttpServer.cpp:89
20260518 15:57:35.805252Z 2182488 INFO  HttpServer::onMessage - Request URL : /metrics from TcpConnection[ fd#18-id#1 ] - HttpServer.cpp:89
20260518 15:57:40.799050Z 2182488 INFO  HttpServer::onMessage - Request URL : /metrics from TcpConnection[ fd#18-id#1 ] - HttpServer.cpp:89
20260518 15:57:46.302002Z 2182488 INFO  HttpServer::onMessage - Request URL : /metrics from TcpConnection[ fd#18-id#1 ] - HttpServer.cpp:89
20260518 15:57:50.767448Z 2182488 INFO  HttpServer::onMessage - Request URL : /metrics from TcpConnection[ fd#18-id#1 ] - HttpServer.cpp:89
20260518 15:57:55.773502Z 2182488 INFO  HttpServer::onMessage - Request URL : /metrics from TcpConnection[ fd#18-id#1 ] - HttpServer.cpp:89
20260518 15:58:00.764797Z 2182488 INFO  HttpServer::onMessage - Request URL : /metrics from TcpConnection[ fd#18-id#1 ] - HttpServer.cpp:89
20260518 15:58:06.227039Z 2182488 INFO  HttpServer::onMessage - Request URL : /metrics from TcpConnection[ fd#18-id#1 ] - HttpServer.cpp:89
20260518 15:58:10.763053Z 2182488 INFO  HttpServer::onMessage - Request URL : /metrics from TcpConnection[ fd#18-id#1 ] - HttpServer.cpp:89
20260518 15:58:15.760513Z 2182488 INFO  HttpServer::onMessage - Request URL : /metrics from TcpConnection[ fd#18-id#1 ] - HttpServer.cpp:89
20260518 15:58:20.772797Z 2182488 INFO  HttpServer::onMessage - Request URL : /metrics from TcpConnection[ fd#18-id#1 ] - HttpServer.cpp:89
20260518 15:58:25.896565Z 2182488 INFO  HttpServer::onMessage - Request URL : /metrics from TcpConnection[ fd#18-id#1 ] - HttpServer.cpp:89
20260518 15:58:30.820052Z 2182488 INFO  HttpServer::onMessage - Request URL : /metrics from TcpConnection[ fd#18-id#1 ] - HttpServer.cpp:89
20260518 15:58:35.768683Z 2182488 INFO  HttpServer::onMessage - Request URL : /metrics from TcpConnection[ fd#18-id#1 ] - HttpServer.cpp:89
20260518 15:58:41.265211Z 2182488 INFO  HttpServer::onMessage - Request URL : /metrics from TcpConnection[ fd#18-id#1 ] - HttpServer.cpp:89
20260518 15:58:45.777228Z 2182488 INFO  HttpServer::onMessage - Request URL : /metrics from TcpConnection[ fd#18-id#1 ] - HttpServer.cpp:89
20260518 15:58:50.764466Z 2182488 INFO  HttpServer::onMessage - Request URL : /metrics from TcpConnection[ fd#18-id#1 ] - HttpServer.cpp:89
20260518 15:58:55.786033Z 2182488 INFO  HttpServer::onMessage - Request URL : /metrics from TcpConnection[ fd#18-id#1 ] - HttpServer.cpp:89
20260518 15:59:00.918208Z 2182488 INFO  HttpServer::onMessage - Request URL : /metrics from TcpConnection[ fd#18-id#1 ] - HttpServer.cpp:89
20260518 15:59:05.767514Z 2182488 INFO  HttpServer::onMessage - Request URL : /metrics from TcpConnection[ fd#18-id#1 ] - HttpServer.cpp:89
20260518 15:59:10.775078Z 2182488 INFO  HttpServer::onMessage - Request URL : /metrics from TcpConnection[ fd#18-id#1 ] - HttpServer.cpp:89
20260518 15:59:15.780032Z 2182488 INFO  HttpServer::onMessage - Request URL : /metrics from TcpConnection[ fd#18-id#1 ] - HttpServer.cpp:89
20260518 15:59:20.916805Z 2182488 INFO  HttpServer::onMessage - Request URL : /metrics from TcpConnection[ fd#18-id#1 ] - HttpServer.cpp:89
20260518 15:59:25.781173Z 2182488 INFO  HttpServer::onMessage - Request URL : /metrics from TcpConnection[ fd#18-id#1 ] - HttpServer.cpp:89
20260518 15:59:30.782493Z 2182488 INFO  HttpServer::onMessage - Request URL : /metrics from TcpConnection[ fd#18-id#1 ] - HttpServer.cpp:89
20260518 15:59:36.327937Z 2182488 INFO  HttpServer::onMessage - Request URL : /metrics from TcpConnection[ fd#18-id#1 ] - HttpServer.cpp:89
20260518 15:59:40.843359Z 2182488 INFO  HttpServer::onMessage - Request URL : /metrics from TcpConnection[ fd#18-id#1 ] - HttpServer.cpp:89
20260518 15:59:45.781943Z 2182488 INFO  HttpServer::onMessage - Request URL : /metrics from TcpConnection[ fd#18-id#1 ] - HttpServer.cpp:89
20260518 15:59:50.764901Z 2182488 INFO  HttpServer::onMessage - Request URL : /metrics from TcpConnection[ fd#18-id#1 ] - HttpServer.cpp:89
20260518 15:59:55.911945Z 2182488 INFO  HttpServer::onMessage - Request URL : /metrics from TcpConnection[ fd#18-id#1 ] - HttpServer.cpp:89
20260518 16:00:00.780007Z 2182488 INFO  HttpServer::onMessage - Request URL : /metrics from TcpConnection[ fd#18-id#1 ] - HttpServer.cpp:89
20260518 16:00:05.761822Z 2182488 INFO  HttpServer::onMessage - Request URL : /metrics from TcpConnection[ fd#18-id#1 ] - HttpServer.cpp:89
20260518 16:00:10.789061Z 2182488 INFO  HttpServer::onMessage - Request URL : /metrics from TcpConnection[ fd#18-id#1 ] - HttpServer.cpp:89
20260518 16:00:16.444897Z 2182488 INFO  HttpServer::onMessage - Request URL : /metrics from TcpConnection[ fd#18-id#1 ] - HttpServer.cpp:89
20260518 16:00:20.778805Z 2182488 INFO  HttpServer::onMessage - Request URL : /metrics from TcpConnection[ fd#18-id#1 ] - HttpServer.cpp:89
20260518 16:00:25.762587Z 2182488 INFO  HttpServer::onMessage - Request URL : /metrics from TcpConnection[ fd#18-id#1 ] - HttpServer.cpp:89
20260518 16:00:30.766187Z 2182488 INFO  HttpServer::onMessage - Request URL : /metrics from TcpConnection[ fd#18-id#1 ] - HttpServer.cpp:89
20260518 16:00:35.921010Z 2182488 INFO  HttpServer::onMessage - Request URL : /metrics from TcpConnection[ fd#18-id#1 ] - HttpServer.cpp:89
20260518 16:00:40.771543Z 2182488 INFO  HttpServer::onMessage - Request URL : /metrics from TcpConnection[ fd#18-id#1 ] - HttpServer.cpp:89
20260518 16:00:45.767985Z 2182488 INFO  HttpServer::onMessage - Request URL : /metrics from TcpConnection[ fd#18-id#1 ] - HttpServer.cpp:89
20260518 16:00:50.772116Z 2182488 INFO  HttpServer::onMessage - Request URL : /metrics from TcpConnection[ fd#18-id#1 ] - HttpServer.cpp:89
20260518 16:00:55.884729Z 2182488 INFO  HttpServer::onMessage - Request URL : /metrics from TcpConnection[ fd#18-id#1 ] - HttpServer.cpp:89
20260518 16:01:00.764321Z 2182488 INFO  HttpServer::onMessage - Request URL : /metrics from TcpConnection[ fd#18-id#1 ] - HttpServer.cpp:89
20260518 16:01:05.789038Z 2182488 INFO  HttpServer::onMessage - Request URL : /metrics from TcpConnection[ fd#18-id#1 ] - HttpServer.cpp:89
20260518 16:01:10.912458Z 2182488 INFO  HttpServer::onMessage - Request URL : /metrics from TcpConnection[ fd#18-id#1 ] - HttpServer.cpp:89
20260518 16:01:15.784699Z 2182488 INFO  HttpServer::onMessage - Request URL : /metrics from TcpConnection[ fd#18-id#1 ] - HttpServer.cpp:89
20260518 16:01:20.777693Z 2182488 INFO  HttpServer::onMessage - Request URL : /metrics from TcpConnection[ fd#18-id#1 ] - HttpServer.cpp:89
20260518 16:01:25.783688Z 2182488 INFO  HttpServer::onMessage - Request URL : /metrics from TcpConnection[ fd#18-id#1 ] - HttpServer.cpp:89
20260518 16:01:30.902507Z 2182488 INFO  HttpServer::onMessage - Request URL : /metrics from TcpConnection[ fd#18-id#1 ] - HttpServer.cpp:89
20260518 16:01:35.783227Z 2182488 INFO  HttpServer::onMessage - Request URL : /metrics from TcpConnection[ fd#18-id#1 ] - HttpServer.cpp:89
20260518 16:01:40.773448Z 2182488 INFO  HttpServer::onMessage - Request URL : /metrics from TcpConnection[ fd#18-id#1 ] - HttpServer.cpp:89
20260518 16:01:46.840707Z 2182488 INFO  HttpServer::onMessage - Request URL : /metrics from TcpConnection[ fd#18-id#1 ] - HttpServer.cpp:89
20260518 16:01:50.785942Z 2182488 INFO  HttpServer::onMessage - Request URL : /metrics from TcpConnection[ fd#18-id#1 ] - HttpServer.cpp:89
20260518 16:01:55.776692Z 2182488 INFO  HttpServer::onMessage - Request URL : /metrics from TcpConnection[ fd#18-id#1 ] - HttpServer.cpp:89
20260518 16:02:00.827403Z 2182488 INFO  HttpServer::onMessage - Request URL : /metrics from TcpConnection[ fd#18-id#1 ] - HttpServer.cpp:89
20260518 16:02:06.312381Z 2182488 INFO  HttpServer::onMessage - Request URL : /metrics from TcpConnection[ fd#18-id#1 ] - HttpServer.cpp:89
20260518 16:02:10.771006Z 2182488 INFO  HttpServer::onMessage - Request URL : /metrics from TcpConnection[ fd#18-id#1 ] - HttpServer.cpp:89
20260518 16:02:15.768682Z 2182488 INFO  HttpServer::onMessage - Request URL : /metrics from TcpConnection[ fd#18-id#1 ] - HttpServer.cpp:89
20260518 16:02:20.772084Z 2182488 INFO  HttpServer::onMessage - Request URL : /metrics from TcpConnection[ fd#18-id#1 ] - HttpServer.cpp:89
20260518 16:02:25.989097Z 2182488 INFO  HttpServer::onMessage - Request URL : /metrics from TcpConnection[ fd#18-id#1 ] - HttpServer.cpp:89
20260518 16:02:30.774154Z 2182488 INFO  HttpServer::onMessage - Request URL : /metrics from TcpConnection[ fd#18-id#1 ] - HttpServer.cpp:89
20260518 16:02:35.763354Z 2182488 INFO  HttpServer::onMessage - Request URL : /metrics from TcpConnection[ fd#18-id#1 ] - HttpServer.cpp:89
20260518 16:02:40.769336Z 2182488 INFO  HttpServer::onMessage - Request URL : /metrics from TcpConnection[ fd#18-id#1 ] - HttpServer.cpp:89
20260518 16:02:45.906850Z 2182488 INFO  HttpServer::onMessage - Request URL : /metrics from TcpConnection[ fd#18-id#1 ] - HttpServer.cpp:89
20260518 16:02:50.773575Z 2182488 INFO  HttpServer::onMessage - Request URL : /metrics from TcpConnection[ fd#18-id#1 ] - HttpServer.cpp:89
20260518 16:02:55.778654Z 2182488 INFO  HttpServer::onMessage - Request URL : /metrics from TcpConnection[ fd#18-id#1 ] - HttpServer.cpp:89
20260518 16:03:01.680107Z 2182488 INFO  HttpServer::onMessage - Request URL : /metrics from TcpConnection[ fd#18-id#1 ] - HttpServer.cpp:89
20260518 16:03:05.770169Z 2182488 INFO  HttpServer::onMessage - Request URL : /metrics from TcpConnection[ fd#18-id#1 ] - HttpServer.cpp:89
20260518 16:03:10.782273Z 2182488 INFO  HttpServer::onMessage - Request URL : /metrics from TcpConnection[ fd#18-id#1 ] - HttpServer.cpp:89
20260518 16:03:15.770059Z 2182488 INFO  HttpServer::onMessage - Request URL : /metrics from TcpConnection[ fd#18-id#1 ] - HttpServer.cpp:89
20260518 16:03:20.920929Z 2182488 INFO  HttpServer::onMessage - Request URL : /metrics from TcpConnection[ fd#18-id#1 ] - HttpServer.cpp:89
20260518 16:03:25.786202Z 2182488 INFO  HttpServer::onMessage - Request URL : /metrics from TcpConnection[ fd#18-id#1 ] - HttpServer.cpp:89
20260518 16:03:30.779920Z 2182488 INFO  HttpServer::onMessage - Request URL : /metrics from TcpConnection[ fd#18-id#1 ] - HttpServer.cpp:89
20260518 16:03:36.993022Z 2182488 INFO  HttpServer::onMessage - Request URL : /metrics from TcpConnection[ fd#18-id#1 ] - HttpServer.cpp:89
20260518 16:03:40.766753Z 2182488 INFO  HttpServer::onMessage - Request URL : /metrics from TcpConnection[ fd#18-id#1 ] - HttpServer.cpp:89
20260518 16:03:45.772663Z 2182488 INFO  HttpServer::onMessage - Request URL : /metrics from TcpConnection[ fd#18-id#1 ] - HttpServer.cpp:89
20260518 16:03:50.828847Z 2182488 INFO  HttpServer::onMessage - Request URL : /metrics from TcpConnection[ fd#18-id#1 ] - HttpServer.cpp:89
20260518 16:03:55.908948Z 2182488 INFO  HttpServer::onMessage - Request URL : /metrics from TcpConnection[ fd#18-id#1 ] - HttpServer.cpp:89
20260518 16:04:00.784849Z 2182488 INFO  HttpServer::onMessage - Request URL : /metrics from TcpConnection[ fd#18-id#1 ] - HttpServer.cpp:89
20260518 16:04:05.763369Z 2182488 INFO  HttpServer::onMessage - Request URL : /metrics from TcpConnection[ fd#18-id#1 ] - HttpServer.cpp:89
20260518 16:04:10.773909Z 2182488 INFO  HttpServer::onMessage - Request URL : /metrics from TcpConnection[ fd#18-id#1 ] - HttpServer.cpp:89
20260518 16:04:16.033814Z 2182488 INFO  HttpServer::onMessage - Request URL : /metrics from TcpConnection[ fd#18-id#1 ] - HttpServer.cpp:89
20260518 16:04:20.776223Z 2182488 INFO  HttpServer::onMessage - Request URL : /metrics from TcpConnection[ fd#18-id#1 ] - HttpServer.cpp:89
20260518 16:04:25.763265Z 2182488 INFO  HttpServer::onMessage - Request URL : /metrics from TcpConnection[ fd#18-id#1 ] - HttpServer.cpp:89
20260518 16:04:32.345139Z 2182488 INFO  HttpServer::onMessage - Request URL : /metrics from TcpConnection[ fd#18-id#1 ] - HttpServer.cpp:89
20260518 16:04:35.769151Z 2182488 INFO  HttpServer::onMessage - Request URL : /metrics from TcpConnection[ fd#18-id#1 ] - HttpServer.cpp:89
20260518 16:04:40.763336Z 2182488 INFO  HttpServer::onMessage - Request URL : /metrics from TcpConnection[ fd#18-id#1 ] - HttpServer.cpp:89
20260518 16:04:45.799474Z 2182488 INFO  HttpServer::onMessage - Request URL : /metrics from TcpConnection[ fd#18-id#1 ] - HttpServer.cpp:89
20260518 16:04:50.910030Z 2182488 INFO  HttpServer::onMessage - Request URL : /metrics from TcpConnection[ fd#18-id#1 ] - HttpServer.cpp:89
20260518 16:04:55.800067Z 2182488 INFO  HttpServer::onMessage - Request URL : /metrics from TcpConnection[ fd#18-id#1 ] - HttpServer.cpp:89
20260518 16:05:00.782490Z 2182488 INFO  HttpServer::onMessage - Request URL : /metrics from TcpConnection[ fd#18-id#1 ] - HttpServer.cpp:89
20260518 16:05:05.774036Z 2182488 INFO  HttpServer::onMessage - Request URL : /metrics from TcpConnection[ fd#18-id#1 ] - HttpServer.cpp:89
20260518 16:05:10.966524Z 2182488 INFO  HttpServer::onMessage - Request URL : /metrics from TcpConnection[ fd#18-id#1 ] - HttpServer.cpp:89
20260518 16:05:15.770423Z 2182488 INFO  HttpServer::onMessage - Request URL : /metrics from TcpConnection[ fd#18-id#1 ] - HttpServer.cpp:89
20260518 16:05:20.768048Z 2182488 INFO  HttpServer::onMessage - Request URL : /metrics from TcpConnection[ fd#18-id#1 ] - HttpServer.cpp:89
20260518 16:05:25.784044Z 2182488 INFO  HttpServer::onMessage - Request URL : /metrics from TcpConnection[ fd#18-id#1 ] - HttpServer.cpp:89
20260518 16:05:30.909228Z 2182488 INFO  HttpServer::onMessage - Request URL : /metrics from TcpConnection[ fd#18-id#1 ] - HttpServer.cpp:89
20260518 16:05:35.781642Z 2182488 INFO  HttpServer::onMessage - Request URL : /metrics from TcpConnection[ fd#18-id#1 ] - HttpServer.cpp:89
20260518 16:05:40.769052Z 2182488 INFO  HttpServer::onMessage - Request URL : /metrics from TcpConnection[ fd#18-id#1 ] - HttpServer.cpp:89
20260518 16:05:45.782896Z 2182488 INFO  HttpServer::onMessage - Request URL : /metrics from TcpConnection[ fd#18-id#1 ] - HttpServer.cpp:89
20260518 16:05:50.886511Z 2182488 INFO  HttpServer::onMessage - Request URL : /metrics from TcpConnection[ fd#18-id#1 ] - HttpServer.cpp:89
20260518 16:05:55.833744Z 2182488 INFO  HttpServer::onMessage - Request URL : /metrics from TcpConnection[ fd#18-id#1 ] - HttpServer.cpp:89
20260518 16:06:00.765134Z 2182488 INFO  HttpServer::onMessage - Request URL : /metrics from TcpConnection[ fd#18-id#1 ] - HttpServer.cpp:89
20260518 16:06:05.991760Z 2182488 INFO  HttpServer::onMessage - Request URL : /metrics from TcpConnection[ fd#18-id#1 ] - HttpServer.cpp:89
20260518 16:06:10.773829Z 2182488 INFO  HttpServer::onMessage - Request URL : /metrics from TcpConnection[ fd#18-id#1 ] - HttpServer.cpp:89
20260518 16:06:15.786262Z 2182488 INFO  HttpServer::onMessage - Request URL : /metrics from TcpConnection[ fd#18-id#1 ] - HttpServer.cpp:89
20260518 16:06:20.818469Z 2182488 INFO  HttpServer::onMessage - Request URL : /metrics from TcpConnection[ fd#18-id#1 ] - HttpServer.cpp:89
20260518 16:06:25.913855Z 2182488 INFO  HttpServer::onMessage - Request URL : /metrics from TcpConnection[ fd#18-id#1 ] - HttpServer.cpp:89
20260518 16:06:30.771434Z 2182488 INFO  HttpServer::onMessage - Request URL : /metrics from TcpConnection[ fd#18-id#1 ] - HttpServer.cpp:89
20260518 16:06:35.761029Z 2182488 INFO  HttpServer::onMessage - Request URL : /metrics from TcpConnection[ fd#18-id#1 ] - HttpServer.cpp:89
20260518 16:06:42.068236Z 2182488 INFO  HttpServer::onMessage - Request URL : /metrics from TcpConnection[ fd#18-id#1 ] - HttpServer.cpp:89
20260518 16:06:45.765298Z 2182488 INFO  HttpServer::onMessage - Request URL : /metrics from TcpConnection[ fd#18-id#1 ] - HttpServer.cpp:89
20260518 16:06:50.764742Z 2182488 INFO  HttpServer::onMessage - Request URL : /metrics from TcpConnection[ fd#18-id#1 ] - HttpServer.cpp:89
20260518 16:06:55.857210Z 2182488 INFO  HttpServer::onMessage - Request URL : /metrics from TcpConnection[ fd#18-id#1 ] - HttpServer.cpp:89
20260518 16:07:01.401045Z 2182488 INFO  HttpServer::onMessage - Request URL : /metrics from TcpConnection[ fd#18-id#1 ] - HttpServer.cpp:89
20260518 16:07:05.789120Z 2182488 INFO  HttpServer::onMessage - Request URL : /metrics from TcpConnection[ fd#18-id#1 ] - HttpServer.cpp:89
20260518 16:07:10.769918Z 2182488 INFO  HttpServer::onMessage - Request URL : /metrics from TcpConnection[ fd#18-id#1 ] - HttpServer.cpp:89
20260518 16:07:15.763329Z 2182488 INFO  HttpServer::onMessage - Request URL : /metrics from TcpConnection[ fd#18-id#1 ] - HttpServer.cpp:89
20260518 16:07:20.918262Z 2182488 INFO  HttpServer::onMessage - Request URL : /metrics from TcpConnection[ fd#18-id#1 ] - HttpServer.cpp:89
20260518 16:07:25.772565Z 2182488 INFO  HttpServer::onMessage - Request URL : /metrics from TcpConnection[ fd#18-id#1 ] - HttpServer.cpp:89
20260518 16:07:30.775073Z 2182488 INFO  HttpServer::onMessage - Request URL : /metrics from TcpConnection[ fd#18-id#1 ] - HttpServer.cpp:89
20260518 16:07:38.441112Z 2182488 INFO  HttpServer::onMessage - Request URL : /metrics from TcpConnection[ fd#18-id#1 ] - HttpServer.cpp:89
20260518 16:07:40.792994Z 2182488 INFO  HttpServer::onMessage - Request URL : /metrics from TcpConnection[ fd#18-id#1 ] - HttpServer.cpp:89
20260518 16:07:45.785160Z 2182488 INFO  HttpServer::onMessage - Request URL : /metrics from TcpConnection[ fd#18-id#1 ] - HttpServer.cpp:89
20260518 16:07:50.766718Z 2182488 INFO  HttpServer::onMessage - Request URL : /metrics from TcpConnection[ fd#18-id#1 ] - HttpServer.cpp:89
20260518 16:07:57.515282Z 2182488 INFO  HttpServer::onMessage - Request URL : /metrics from TcpConnection[ fd#18-id#1 ] - HttpServer.cpp:89
20260518 16:08:00.788596Z 2182488 INFO  HttpServer::onMessage - Request URL : /metrics from TcpConnection[ fd#18-id#1 ] - HttpServer.cpp:89
20260518 16:08:05.776523Z 2182488 INFO  HttpServer::onMessage - Request URL : /metrics from TcpConnection[ fd#18-id#1 ] - HttpServer.cpp:89
20260518 16:08:10.777531Z 2182488 INFO  HttpServer::onMessage - Request URL : /metrics from TcpConnection[ fd#18-id#1 ] - HttpServer.cpp:89
20260518 16:08:16.263584Z 2182488 INFO  HttpServer::onMessage - Request URL : /metrics from TcpConnection[ fd#18-id#1 ] - HttpServer.cpp:89
20260518 16:08:20.774701Z 2182488 INFO  HttpServer::onMessage - Request URL : /metrics from TcpConnection[ fd#18-id#1 ] - HttpServer.cpp:89
20260518 16:08:25.783254Z 2182488 INFO  HttpServer::onMessage - Request URL : /metrics from TcpConnection[ fd#18-id#1 ] - HttpServer.cpp:89
20260518 16:08:30.869387Z 2182488 INFO  HttpServer::onMessage - Request URL : /metrics from TcpConnection[ fd#18-id#1 ] - HttpServer.cpp:89
20260518 16:08:36.204200Z 2182488 INFO  HttpServer::onMessage - Request URL : /metrics from TcpConnection[ fd#18-id#1 ] - HttpServer.cpp:89
20260518 16:08:40.760312Z 2182488 INFO  HttpServer::onMessage - Request URL : /metrics from TcpConnection[ fd#18-id#1 ] - HttpServer.cpp:89
20260518 16:08:45.763635Z 2182488 INFO  HttpServer::onMessage - Request URL : /metrics from TcpConnection[ fd#18-id#1 ] - HttpServer.cpp:89
20260518 16:08:50.780175Z 2182488 INFO  HttpServer::onMessage - Request URL : /metrics from TcpConnection[ fd#18-id#1 ] - HttpServer.cpp:89
20260518 16:08:55.915140Z 2182488 INFO  HttpServer::onMessage - Request URL : /metrics from TcpConnection[ fd#18-id#1 ] - HttpServer.cpp:89
20260518 16:09:00.763025Z 2182488 INFO  HttpServer::onMessage - Request URL : /metrics from TcpConnection[ fd#18-id#1 ] - HttpServer.cpp:89
20260518 16:09:05.781591Z 2182488 INFO  HttpServer::onMessage - Request URL : /metrics from TcpConnection[ fd#18-id#1 ] - HttpServer.cpp:89
20260518 16:09:11.507438Z 2182488 INFO  HttpServer::onMessage - Request URL : /metrics from TcpConnection[ fd#18-id#1 ] - HttpServer.cpp:89
20260518 16:09:15.791682Z 2182488 INFO  HttpServer::onMessage - Request URL : /metrics from TcpConnection[ fd#18-id#1 ] - HttpServer.cpp:89
20260518 16:09:20.781899Z 2182488 INFO  HttpServer::onMessage - Request URL : /metrics from TcpConnection[ fd#18-id#1 ] - HttpServer.cpp:89
20260518 16:09:25.790107Z 2182488 INFO  HttpServer::onMessage - Request URL : /metrics from TcpConnection[ fd#18-id#1 ] - HttpServer.cpp:89
20260518 16:09:30.905853Z 2182488 INFO  HttpServer::onMessage - Request URL : /metrics from TcpConnection[ fd#18-id#1 ] - HttpServer.cpp:89
20260518 16:09:35.767387Z 2182488 INFO  HttpServer::onMessage - Request URL : /metrics from TcpConnection[ fd#18-id#1 ] - HttpServer.cpp:89
20260518 16:09:40.787067Z 2182488 INFO  HttpServer::onMessage - Request URL : /metrics from TcpConnection[ fd#18-id#1 ] - HttpServer.cpp:89

[run_webserver] --- 2026-05-20T14:17:38+08:00 HTTP=8080 GAME=8081 MYSQL=0 REDIS=1 ---
[run_webserver] starting HTTP=8080 game_tcp=8081

[run_webserver] --- 2026-05-20T14:20:24+08:00 HTTP=8080 GAME=8081 MYSQL=0 REDIS=1 ---
[run_webserver] starting HTTP=8080 game_tcp=8081

[run_webserver] --- 2026-05-20T14:50:53+08:00 HTTP=8080 GAME=8081 MYSQL=0 REDIS=1 ---
[run_webserver] starting HTTP=8080 game_tcp=8081
[run_webserver] 在【服务器本机】访问: http://127.0.0.1:8080/
[run_webserver] 在【你的电脑浏览器】访问: http://172.29.229.236:8080/  (不要用 127.0.0.1，那是你本机)
[run_webserver] 若外网打不开，请在云安全组/防火墙放行 TCP 8080 和 8081
[run_webserver] 或 SSH 端口转发: ssh -L 8080:127.0.0.1:8080 user@<服务器>  然后浏览器开 http://127.0.0.1:8080/

[run_webserver] --- 2026-05-20T14:54:35+08:00 HTTP=8080 GAME=8081 MYSQL=1 REDIS=1 ---
[run_webserver] starting HTTP=8080 game_tcp=8081
[run_webserver] 在【服务器本机】访问: http://127.0.0.1:8080/
[run_webserver] 在【你的电脑浏览器】访问: http://172.29.229.236:8080/  (不要用 127.0.0.1，那是你本机)
[run_webserver] 若外网打不开，请在云安全组/防火墙放行 TCP 8080 和 8081
[run_webserver] 或 SSH 端口转发: ssh -L 8080:127.0.0.1:8080 user@<服务器>  然后浏览器开 http://127.0.0.1:8080/

[run_webserver] --- 2026-05-20T15:11:21+08:00 HTTP=8080 GAME=8081 MYSQL=1 REDIS=1 ---
[run_webserver] starting HTTP=8080 game_tcp=8081
[run_webserver] 在【服务器本机】访问: http://127.0.0.1:8080/
[run_webserver] 在【你的电脑浏览器】访问: http://172.29.229.236:8080/  (不要用 127.0.0.1，那是你本机)
[run_webserver] 若外网打不开，请在云安全组/防火墙放行 TCP 8080 和 8081
[run_webserver] 或 SSH 端口转发: ssh -L 8080:127.0.0.1:8080 user@<服务器>  然后浏览器开 http://127.0.0.1:8080/

[run_webserver] --- 2026-05-20T15:14:48+08:00 HTTP=8080 GAME=8081 MYSQL=1 REDIS=1 ---
[run_webserver] starting HTTP=8080 game_tcp=8081
[run_webserver] 在【服务器本机】访问: http://127.0.0.1:8080/
[run_webserver] 在【你的电脑浏览器】访问: http://172.29.229.236:8080/  (不要用 127.0.0.1，那是你本机)
[run_webserver] 若外网打不开，请在云安全组/防火墙放行 TCP 8080 和 8081
[run_webserver] 或 SSH 端口转发: ssh -L 8080:127.0.0.1:8080 user@<服务器>  然后浏览器开 http://127.0.0.1:8080/

[run_webserver] --- 2026-05-20T15:34:49+08:00 HTTP=8080 GAME=8081 MYSQL=1 REDIS=1 ---
[run_webserver] starting HTTP=8080 game_tcp=8081
[run_webserver] 在【服务器本机】访问: http://127.0.0.1:8080/
[run_webserver] 在【你的电脑浏览器】访问: http://172.29.229.236:8080/  (不要用 127.0.0.1，那是你本机)
[run_webserver] 若外网打不开，请在云安全组/防火墙放行 TCP 8080 和 8081
[run_webserver] 或 SSH 端口转发: ssh -L 8080:127.0.0.1:8080 user@<服务器>  然后浏览器开 http://127.0.0.1:8080/

[run_webserver] --- 2026-05-20T15:48:57+08:00 HTTP=8080 GAME=8081 MYSQL=1 REDIS=1 ---
[run_webserver] starting HTTP=8080 game_tcp=8081
[run_webserver] 在【服务器本机】访问: http://127.0.0.1:8080/
[run_webserver] 在【你的电脑浏览器】访问: http://172.29.229.236:8080/  (不要用 127.0.0.1，那是你本机)
[run_webserver] 若外网打不开，请在云安全组/防火墙放行 TCP 8080 和 8081
[run_webserver] 或 SSH 端口转发: ssh -L 8080:127.0.0.1:8080 user@<服务器>  然后浏览器开 http://127.0.0.1:8080/
20260520 15:48:57.154851Z 2268166 INFO  mysql pool config loaded from /root/projects/CppWebServer/config/mysql.cnf initSize=3 maxSize=32 - ConnectionPool.cpp:67
20260520 15:48:57.244720Z 2268166 INFO  MetricsDbWriter: flush to MySQL every 10s - MetricsDbWriter.cpp:59
20260520 15:48:57.245905Z 2268166 INFO  SessionStore: Redis ok 127.0.0.1:6379 default_ttl_sec=7200 - SessionStore.cpp:103
20260520 15:48:57.246004Z 2268166 INFO  Game protobuf TCP 8081 (HTTP 8080) - http_server.cpp:562
20260520 15:48:57.246073Z 2268166 ERROR Failed to Bind [0.0.0.0:8080] - Acceptor.cpp:49
20260520 15:48:57.246101Z 2268166 INFO  HttpServer Listening on [ 0.0.0.0:8080 ] - HttpServer.cpp:35
20260520 15:48:57.246260Z 2268196 ERROR Failed to Bind [0.0.0.0:8081] - Acceptor.cpp:49
20260520 15:48:57.246287Z 2268196 INFO  GameTcpGateway listening on 0.0.0.0:8081 (length-prefix + protobuf) - GameTcpGateway.cpp:47
20260520 15:48:57.254093Z 2268200 INFO  MetricsDbWriter: table webserver_metrics ready - MetricsDbWriter.cpp:96
20260520 15:48:57.265592Z 2268200 INFO  MetricsDbWriter: inserted metrics row ts=1779263337 - MetricsDbWriter.cpp:131
20260520 15:49:07.265638Z 2268256 INFO  MetricsDbWriter: inserted metrics row ts=1779263347 - MetricsDbWriter.cpp:131
20260520 15:49:17.262107Z 2268296 INFO  MetricsDbWriter: inserted metrics row ts=1779263357 - MetricsDbWriter.cpp:131
20260520 15:49:27.259295Z 2268409 INFO  MetricsDbWriter: inserted metrics row ts=1779263367 - MetricsDbWriter.cpp:131
20260520 15:49:37.257923Z 2268450 INFO  MetricsDbWriter: inserted metrics row ts=1779263377 - MetricsDbWriter.cpp:131
20260520 15:49:47.257930Z 2268489 INFO  MetricsDbWriter: inserted metrics row ts=1779263387 - MetricsDbWriter.cpp:131
20260520 15:49:57.257999Z 2268527 INFO  MetricsDbWriter: inserted metrics row ts=1779263397 - MetricsDbWriter.cpp:131
20260520 15:50:07.258051Z 2268563 INFO  MetricsDbWriter: inserted metrics row ts=1779263407 - MetricsDbWriter.cpp:131
20260520 15:50:17.259095Z 2268617 INFO  MetricsDbWriter: inserted metrics row ts=1779263417 - MetricsDbWriter.cpp:131

[run_webserver] --- 2026-05-20T15:57:00+08:00 HTTP=8080 GAME=8081 MYSQL=1 REDIS=1 ---
[run_webserver] starting HTTP=8080 game_tcp=8081
[run_webserver] 在【服务器本机】访问: http://127.0.0.1:8080/
[run_webserver] 在【你的电脑浏览器】访问: http://172.29.229.236:8080/  (不要用 127.0.0.1，那是你本机)
[run_webserver] 若外网打不开，请在云安全组/防火墙放行 TCP 8080 和 8081
[run_webserver] 或 SSH 端口转发: ssh -L 8080:127.0.0.1:8080 user@<服务器>  然后浏览器开 http://127.0.0.1:8080/
20260520 15:57:00.891535Z 2270071 INFO  mysql pool config loaded from /root/projects/CppWebServer/config/mysql.cnf initSize=3 maxSize=32 - ConnectionPool.cpp:67
20260520 15:57:01.097261Z 2270071 INFO  MetricsDbWriter: flush to MySQL every 10s - MetricsDbWriter.cpp:59
20260520 15:57:01.098563Z 2270071 INFO  SessionStore: Redis ok 127.0.0.1:6379 default_ttl_sec=7200 - SessionStore.cpp:103
20260520 15:57:01.098689Z 2270071 INFO  HttpServer Listening on [ 0.0.0.0:8080 ] - HttpServer.cpp:35
20260520 15:57:01.098756Z 2270071 INFO  Game protobuf TCP 8081 (HTTP 8080) - http_server.cpp:569
20260520 15:57:01.098943Z 2270105 INFO  GameTcpGateway ready on 0.0.0.0:8081 (length-prefix + protobuf) - GameTcpGateway.cpp:48
20260520 15:57:01.121003Z 2270109 INFO  MetricsDbWriter: table webserver_metrics ready - MetricsDbWriter.cpp:96
20260520 15:57:01.135369Z 2270109 INFO  MetricsDbWriter: inserted metrics row ts=1779263821 - MetricsDbWriter.cpp:131
20260520 15:57:05.762936Z 2270071 INFO  HttpServer::OnNewConnection : Add connection [ fd#29-id#1 ] from 127.0.0.1:36606 - HttpServer.cpp:49
20260520 15:57:05.770229Z 2270106 INFO  HttpServer::onMessage - Request URL : /metrics from TcpConnection[ fd#29-id#1 ] - HttpServer.cpp:89
20260520 15:57:09.790746Z 2270107 INFO  [game] dispatch consume_item seq=1 - GameLogic.cpp:202
20260520 15:57:09.791216Z 2270107 INFO  [consume_item] recv player_id=10001 item_id=1001 count=1 - GameLogic.cpp:37
20260520 15:57:09.791253Z 2270107 INFO  [consume_item] ok player_id=10001 item_id=1001 remain=9 - GameLogic.cpp:68
20260520 15:57:09.791437Z 2270107 INFO  [game] dispatch release_skill seq=2 - GameLogic.cpp:210
20260520 15:57:09.791761Z 2270107 INFO  [release_skill] recv player_id=10001 skill_id=2001 target=(12.5,8) - GameLogic.cpp:74
20260520 15:57:09.791813Z 2270107 INFO  [release_skill] ok player_id=10001 skill_id=2001 cooldown_ms=3000 skill 2001 cast at (12.5,8) - GameLogic.cpp:103
20260520 15:57:09.793004Z 2270105 INFO  TcpServer::HandleCloseInLoop - Remove connection [id#1-fd#30] - TcpServer.cpp:69
20260520 15:57:10.765517Z 2270106 INFO  HttpServer::onMessage - Request URL : /metrics from TcpConnection[ fd#29-id#1 ] - HttpServer.cpp:89
20260520 15:57:11.139600Z 2270222 INFO  MetricsDbWriter: inserted metrics row ts=1779263831 - MetricsDbWriter.cpp:131
20260520 15:57:15.762320Z 2270106 INFO  HttpServer::onMessage - Request URL : /metrics from TcpConnection[ fd#29-id#1 ] - HttpServer.cpp:89
20260520 15:57:20.762603Z 2270106 INFO  HttpServer::onMessage - Request URL : /metrics from TcpConnection[ fd#29-id#1 ] - HttpServer.cpp:89
20260520 15:57:21.118546Z 2270316 INFO  MetricsDbWriter: inserted metrics row ts=1779263841 - MetricsDbWriter.cpp:131
20260520 15:57:25.761039Z 2270106 INFO  HttpServer::onMessage - Request URL : /metrics from TcpConnection[ fd#29-id#1 ] - HttpServer.cpp:89
20260520 15:57:30.762050Z 2270106 INFO  HttpServer::onMessage - Request URL : /metrics from TcpConnection[ fd#29-id#1 ] - HttpServer.cpp:89
20260520 15:57:31.113954Z 2270367 INFO  MetricsDbWriter: inserted metrics row ts=1779263851 - MetricsDbWriter.cpp:131
20260520 15:57:35.760311Z 2270106 INFO  HttpServer::onMessage - Request URL : /metrics from TcpConnection[ fd#29-id#1 ] - HttpServer.cpp:89
20260520 15:57:39.507638Z 2270071 INFO  HttpServer::OnNewConnection : Add connection [ fd#30-id#2 ] from 58.247.150.86:16348 - HttpServer.cpp:49
20260520 15:57:39.508054Z 2270108 INFO  HttpServer::onMessage - Request URL : /api/health from TcpConnection[ fd#30-id#2 ] - HttpServer.cpp:89
20260520 15:57:39.510605Z 2270071 INFO  HttpServer::OnNewConnection : Add connection [ fd#31-id#3 ] from 58.247.150.86:16349 - HttpServer.cpp:49
20260520 15:57:39.510827Z 2270106 INFO  HttpServer::onMessage - Request URL : /api/stats from TcpConnection[ fd#31-id#3 ] - HttpServer.cpp:89
20260520 15:57:39.512835Z 2270071 INFO  HttpServer::OnNewConnection : Add connection [ fd#32-id#4 ] from 58.247.150.86:16347 - HttpServer.cpp:49
20260520 15:57:39.513583Z 2270108 INFO  HttpServer::onMessage - Request URL : /api/prometheus/query_range from TcpConnection[ fd#32-id#4 ] - HttpServer.cpp:89
20260520 15:57:39.526532Z 2270108 INFO  HttpServer::onMessage - Request URL : /api/game/status from TcpConnection[ fd#30-id#2 ] - HttpServer.cpp:89
20260520 15:57:39.546836Z 2270108 INFO  HttpServer::onMessage - Request URL : /api/redis/status from TcpConnection[ fd#32-id#4 ] - HttpServer.cpp:89
20260520 15:57:39.553391Z 2270108 INFO  HttpServer::onMessage - Request URL : /api/prometheus/query_range from TcpConnection[ fd#30-id#2 ] - HttpServer.cpp:89
20260520 15:57:39.833146Z 2270108 INFO  HttpServer::onMessage - Request URL : /api/db/ping from TcpConnection[ fd#30-id#2 ] - HttpServer.cpp:89
20260520 15:57:39.835074Z 2270108 INFO  HttpServer::onMessage - Request URL : /api/prometheus/query_range from TcpConnection[ fd#32-id#4 ] - HttpServer.cpp:89
20260520 15:57:39.862079Z 2270108 INFO  HttpServer::onMessage - Request URL : /api/prometheus/query_range from TcpConnection[ fd#32-id#4 ] - HttpServer.cpp:89
20260520 15:57:39.889336Z 2270108 INFO  HttpServer::onMessage - Request URL : /api/prometheus/query_range from TcpConnection[ fd#32-id#4 ] - HttpServer.cpp:89
20260520 15:57:39.917573Z 2270108 INFO  HttpServer::onMessage - Request URL : /api/prometheus/query_range from TcpConnection[ fd#32-id#4 ] - HttpServer.cpp:89
20260520 15:57:39.948838Z 2270108 INFO  HttpServer::onMessage - Request URL : /api/prometheus/query_range from TcpConnection[ fd#32-id#4 ] - HttpServer.cpp:89
20260520 15:57:40.761365Z 2270106 INFO  HttpServer::onMessage - Request URL : /metrics from TcpConnection[ fd#29-id#1 ] - HttpServer.cpp:89
20260520 15:57:41.111589Z 2270422 INFO  MetricsDbWriter: inserted metrics row ts=1779263861 - MetricsDbWriter.cpp:131
20260520 15:57:45.763636Z 2270106 INFO  HttpServer::onMessage - Request URL : /metrics from TcpConnection[ fd#29-id#1 ] - HttpServer.cpp:89
20260520 15:57:50.762863Z 2270106 INFO  HttpServer::onMessage - Request URL : /metrics from TcpConnection[ fd#29-id#1 ] - HttpServer.cpp:89
20260520 15:57:51.111945Z 2270477 INFO  MetricsDbWriter: inserted metrics row ts=1779263871 - MetricsDbWriter.cpp:131
20260520 15:57:55.762802Z 2270106 INFO  HttpServer::onMessage - Request URL : /metrics from TcpConnection[ fd#29-id#1 ] - HttpServer.cpp:89
20260520 15:58:00.763728Z 2270106 INFO  HttpServer::onMessage - Request URL : /metrics from TcpConnection[ fd#29-id#1 ] - HttpServer.cpp:89
20260520 15:58:01.110651Z 2270531 INFO  MetricsDbWriter: inserted metrics row ts=1779263881 - MetricsDbWriter.cpp:131
20260520 15:58:05.762437Z 2270106 INFO  HttpServer::onMessage - Request URL : /metrics from TcpConnection[ fd#29-id#1 ] - HttpServer.cpp:89
20260520 15:58:10.761877Z 2270106 INFO  HttpServer::onMessage - Request URL : /metrics from TcpConnection[ fd#29-id#1 ] - HttpServer.cpp:89
20260520 15:58:11.113173Z 2270597 INFO  MetricsDbWriter: inserted metrics row ts=1779263891 - MetricsDbWriter.cpp:131
20260520 15:58:15.763478Z 2270106 INFO  HttpServer::onMessage - Request URL : /metrics from TcpConnection[ fd#29-id#1 ] - HttpServer.cpp:89
20260520 15:58:20.762316Z 2270106 INFO  HttpServer::onMessage - Request URL : /metrics from TcpConnection[ fd#29-id#1 ] - HttpServer.cpp:89
20260520 15:58:21.113252Z 2270656 INFO  MetricsDbWriter: inserted metrics row ts=1779263901 - MetricsDbWriter.cpp:131
20260520 15:58:25.763270Z 2270106 INFO  HttpServer::onMessage - Request URL : /metrics from TcpConnection[ fd#29-id#1 ] - HttpServer.cpp:89
20260520 15:58:30.760781Z 2270106 INFO  HttpServer::onMessage - Request URL : /metrics from TcpConnection[ fd#29-id#1 ] - HttpServer.cpp:89
20260520 15:58:31.112430Z 2270711 INFO  MetricsDbWriter: inserted metrics row ts=1779263911 - MetricsDbWriter.cpp:131
20260520 15:58:35.760672Z 2270106 INFO  HttpServer::onMessage - Request URL : /metrics from TcpConnection[ fd#29-id#1 ] - HttpServer.cpp:89
20260520 15:58:39.502577Z 2270106 INFO  HttpServer::onMessage - Request URL : /api/stats from TcpConnection[ fd#31-id#3 ] - HttpServer.cpp:89
20260520 15:58:39.502829Z 2270108 INFO  HttpServer::onMessage - Request URL : /api/prometheus/query_range from TcpConnection[ fd#30-id#2 ] - HttpServer.cpp:89
20260520 15:58:39.505542Z 2270108 INFO  HttpServer::onMessage - Request URL : /api/health from TcpConnection[ fd#32-id#4 ] - HttpServer.cpp:89
20260520 15:58:39.533391Z 2270108 INFO  HttpServer::onMessage - Request URL : /api/prometheus/query_range from TcpConnection[ fd#32-id#4 ] - HttpServer.cpp:89
20260520 15:58:39.544599Z 2270106 INFO  HttpServer::onMessage - Request URL : /api/game/status from TcpConnection[ fd#31-id#3 ] - HttpServer.cpp:89
20260520 15:58:39.558379Z 2270108 INFO  HttpServer::onMessage - Request URL : /api/prometheus/query_range from TcpConnection[ fd#32-id#4 ] - HttpServer.cpp:89
20260520 15:58:39.832722Z 2270106 INFO  HttpServer::onMessage - Request URL : /api/redis/status from TcpConnection[ fd#31-id#3 ] - HttpServer.cpp:89
20260520 15:58:39.847196Z 2270108 INFO  HttpServer::onMessage - Request URL : /api/prometheus/query_range from TcpConnection[ fd#32-id#4 ] - HttpServer.cpp:89
20260520 15:58:39.850177Z 2270106 INFO  HttpServer::onMessage - Request URL : /api/db/ping from TcpConnection[ fd#31-id#3 ] - HttpServer.cpp:89
20260520 15:58:39.873484Z 2270106 INFO  HttpServer::onMessage - Request URL : /api/prometheus/query_range from TcpConnection[ fd#31-id#3 ] - HttpServer.cpp:89
20260520 15:58:40.168085Z 2270106 INFO  HttpServer::onMessage - Request URL : /api/prometheus/query_range from TcpConnection[ fd#31-id#3 ] - HttpServer.cpp:89
20260520 15:58:40.195558Z 2270106 INFO  HttpServer::onMessage - Request URL : /api/prometheus/query_range from TcpConnection[ fd#31-id#3 ] - HttpServer.cpp:89
20260520 15:58:40.760142Z 2270106 INFO  HttpServer::onMessage - Request URL : /metrics from TcpConnection[ fd#29-id#1 ] - HttpServer.cpp:89
20260520 15:58:41.113405Z 2270767 INFO  MetricsDbWriter: inserted metrics row ts=1779263921 - MetricsDbWriter.cpp:131
20260520 15:58:44.624258Z 2270071 INFO  TcpServer::HandleCloseInLoop - Remove connection [id#3-fd#31] - TcpServer.cpp:69
20260520 15:58:44.624715Z 2270071 INFO  TcpServer::HandleCloseInLoop - Remove connection [id#2-fd#30] - TcpServer.cpp:69
20260520 15:58:44.627426Z 2270071 INFO  TcpServer::HandleCloseInLoop - Remove connection [id#4-fd#32] - TcpServer.cpp:69
20260520 15:58:45.763504Z 2270106 INFO  HttpServer::onMessage - Request URL : /metrics from TcpConnection[ fd#29-id#1 ] - HttpServer.cpp:89
20260520 15:58:50.763221Z 2270106 INFO  HttpServer::onMessage - Request URL : /metrics from TcpConnection[ fd#29-id#1 ] - HttpServer.cpp:89
20260520 15:58:51.113085Z 2270819 INFO  MetricsDbWriter: inserted metrics row ts=1779263931 - MetricsDbWriter.cpp:131
20260520 15:58:55.762361Z 2270106 INFO  HttpServer::onMessage - Request URL : /metrics from TcpConnection[ fd#29-id#1 ] - HttpServer.cpp:89
20260520 15:59:00.763154Z 2270106 INFO  HttpServer::onMessage - Request URL : /metrics from TcpConnection[ fd#29-id#1 ] - HttpServer.cpp:89
20260520 15:59:01.111743Z 2270873 INFO  MetricsDbWriter: inserted metrics row ts=1779263941 - MetricsDbWriter.cpp:131
20260520 15:59:05.762169Z 2270106 INFO  HttpServer::onMessage - Request URL : /metrics from TcpConnection[ fd#29-id#1 ] - HttpServer.cpp:89
20260520 15:59:10.762891Z 2270106 INFO  HttpServer::onMessage - Request URL : /metrics from TcpConnection[ fd#29-id#1 ] - HttpServer.cpp:89
20260520 15:59:11.114892Z 2270928 INFO  MetricsDbWriter: inserted metrics row ts=1779263951 - MetricsDbWriter.cpp:131
20260520 15:59:15.762692Z 2270106 INFO  HttpServer::onMessage - Request URL : /metrics from TcpConnection[ fd#29-id#1 ] - HttpServer.cpp:89
20260520 15:59:20.762739Z 2270106 INFO  HttpServer::onMessage - Request URL : /metrics from TcpConnection[ fd#29-id#1 ] - HttpServer.cpp:89
20260520 15:59:21.115377Z 2270984 INFO  MetricsDbWriter: inserted metrics row ts=1779263961 - MetricsDbWriter.cpp:131
20260520 15:59:25.760257Z 2270106 INFO  HttpServer::onMessage - Request URL : /metrics from TcpConnection[ fd#29-id#1 ] - HttpServer.cpp:89
20260520 15:59:27.497599Z 2270071 INFO  HttpServer::OnNewConnection : Add connection [ fd#30-id#5 ] from 185.226.93.120:53130 - HttpServer.cpp:49
20260520 15:59:27.513887Z 2270106 INFO  HttpServer::onMessage - Request URL : /login from TcpConnection[ fd#30-id#5 ] - HttpServer.cpp:89
20260520 15:59:27.514083Z 2270071 INFO  TcpServer::HandleCloseInLoop - Remove connection [id#5-fd#30] - TcpServer.cpp:69
20260520 15:59:30.762827Z 2270106 INFO  HttpServer::onMessage - Request URL : /metrics from TcpConnection[ fd#29-id#1 ] - HttpServer.cpp:89
20260520 15:59:31.111843Z 2271035 INFO  MetricsDbWriter: inserted metrics row ts=1779263971 - MetricsDbWriter.cpp:131
20260520 15:59:35.760597Z 2270106 INFO  HttpServer::onMessage - Request URL : /metrics from TcpConnection[ fd#29-id#1 ] - HttpServer.cpp:89
20260520 15:59:39.278164Z 2270071 INFO  HttpServer::OnNewConnection : Add connection [ fd#30-id#6 ] from 58.247.150.86:16491 - HttpServer.cpp:49
20260520 15:59:39.278918Z 2270108 INFO  HttpServer::onMessage - Request URL : /api/health from TcpConnection[ fd#30-id#6 ] - HttpServer.cpp:89
20260520 15:59:39.278992Z 2270071 INFO  HttpServer::OnNewConnection : Add connection [ fd#31-id#7 ] from 58.247.150.86:16490 - HttpServer.cpp:49
20260520 15:59:39.279209Z 2270106 INFO  HttpServer::onMessage - Request URL : /api/prometheus/query_range from TcpConnection[ fd#31-id#7 ] - HttpServer.cpp:89
20260520 15:59:39.282292Z 2270071 INFO  HttpServer::OnNewConnection : Add connection [ fd#32-id#8 ] from 58.247.150.86:16492 - HttpServer.cpp:49
20260520 15:59:39.282328Z 2270108 INFO  HttpServer::onMessage - Request URL : /api/stats from TcpConnection[ fd#32-id#8 ] - HttpServer.cpp:89
20260520 15:59:39.297937Z 2270106 INFO  HttpServer::onMessage - Request URL : /api/game/status from TcpConnection[ fd#31-id#7 ] - HttpServer.cpp:89
20260520 15:59:39.305896Z 2270108 INFO  HttpServer::onMessage - Request URL : /api/prometheus/query_range from TcpConnection[ fd#30-id#6 ] - HttpServer.cpp:89
20260520 15:59:39.326637Z 2270108 INFO  HttpServer::onMessage - Request URL : /api/redis/status from TcpConnection[ fd#30-id#6 ] - HttpServer.cpp:89
20260520 15:59:39.333571Z 2270106 INFO  HttpServer::onMessage - Request URL : /api/prometheus/query_range from TcpConnection[ fd#31-id#7 ] - HttpServer.cpp:89
20260520 15:59:39.343668Z 2270108 INFO  HttpServer::onMessage - Request URL : /api/db/ping from TcpConnection[ fd#30-id#6 ] - HttpServer.cpp:89
20260520 15:59:39.366149Z 2270108 INFO  HttpServer::onMessage - Request URL : /api/prometheus/query_range from TcpConnection[ fd#30-id#6 ] - HttpServer.cpp:89
20260520 15:59:39.388130Z 2270108 INFO  HttpServer::onMessage - Request URL : /api/prometheus/query_range from TcpConnection[ fd#30-id#6 ] - HttpServer.cpp:89
20260520 15:59:39.412403Z 2270108 INFO  HttpServer::onMessage - Request URL : /api/prometheus/query_range from TcpConnection[ fd#30-id#6 ] - HttpServer.cpp:89
20260520 15:59:39.434856Z 2270108 INFO  HttpServer::onMessage - Request URL : /api/prometheus/query_range from TcpConnection[ fd#30-id#6 ] - HttpServer.cpp:89
20260520 15:59:40.760315Z 2270106 INFO  HttpServer::onMessage - Request URL : /metrics from TcpConnection[ fd#29-id#1 ] - HttpServer.cpp:89
20260520 15:59:41.114146Z 2271090 INFO  MetricsDbWriter: inserted metrics row ts=1779263981 - MetricsDbWriter.cpp:131
20260520 15:59:45.763489Z 2270106 INFO  HttpServer::onMessage - Request URL : /metrics from TcpConnection[ fd#29-id#1 ] - HttpServer.cpp:89
20260520 15:59:50.763673Z 2270106 INFO  HttpServer::onMessage - Request URL : /metrics from TcpConnection[ fd#29-id#1 ] - HttpServer.cpp:89
20260520 15:59:51.112212Z 2271145 INFO  MetricsDbWriter: inserted metrics row ts=1779263991 - MetricsDbWriter.cpp:131
20260520 15:59:55.763976Z 2270106 INFO  HttpServer::onMessage - Request URL : /metrics from TcpConnection[ fd#29-id#1 ] - HttpServer.cpp:89
20260520 16:00:00.763471Z 2270106 INFO  HttpServer::onMessage - Request URL : /metrics from TcpConnection[ fd#29-id#1 ] - HttpServer.cpp:89
20260520 16:00:01.115367Z 2271199 INFO  MetricsDbWriter: inserted metrics row ts=1779264001 - MetricsDbWriter.cpp:131
20260520 16:00:05.761675Z 2270106 INFO  HttpServer::onMessage - Request URL : /metrics from TcpConnection[ fd#29-id#1 ] - HttpServer.cpp:89
20260520 16:00:10.762868Z 2270106 INFO  HttpServer::onMessage - Request URL : /metrics from TcpConnection[ fd#29-id#1 ] - HttpServer.cpp:89
20260520 16:00:11.114307Z 2271253 INFO  MetricsDbWriter: inserted metrics row ts=1779264011 - MetricsDbWriter.cpp:131
20260520 16:00:15.761259Z 2270106 INFO  HttpServer::onMessage - Request URL : /metrics from TcpConnection[ fd#29-id#1 ] - HttpServer.cpp:89
20260520 16:00:20.763179Z 2270106 INFO  HttpServer::onMessage - Request URL : /metrics from TcpConnection[ fd#29-id#1 ] - HttpServer.cpp:89
20260520 16:00:21.113605Z 2271309 INFO  MetricsDbWriter: inserted metrics row ts=1779264021 - MetricsDbWriter.cpp:131
20260520 16:00:25.760573Z 2270106 INFO  HttpServer::onMessage - Request URL : /metrics from TcpConnection[ fd#29-id#1 ] - HttpServer.cpp:89
20260520 16:00:30.763387Z 2270106 INFO  HttpServer::onMessage - Request URL : /metrics from TcpConnection[ fd#29-id#1 ] - HttpServer.cpp:89
20260520 16:00:31.114188Z 2271365 INFO  MetricsDbWriter: inserted metrics row ts=1779264031 - MetricsDbWriter.cpp:131
20260520 16:00:34.649568Z 2270107 INFO  [game] dispatch consume_item seq=1 - GameLogic.cpp:202
20260520 16:00:34.649809Z 2270107 INFO  [consume_item] recv player_id=10001 item_id=1001 count=1 - GameLogic.cpp:37
20260520 16:00:34.649832Z 2270107 INFO  [consume_item] ok player_id=10001 item_id=1001 remain=8 - GameLogic.cpp:68
20260520 16:00:34.650262Z 2270107 INFO  [game] dispatch release_skill seq=2 - GameLogic.cpp:210
20260520 16:00:34.650692Z 2270107 INFO  [release_skill] recv player_id=10001 skill_id=2001 target=(12.5,8) - GameLogic.cpp:74
20260520 16:00:34.650740Z 2270107 INFO  [release_skill] ok player_id=10001 skill_id=2001 cooldown_ms=3000 skill 2001 cast at (12.5,8) - GameLogic.cpp:103
20260520 16:00:34.654015Z 2270105 INFO  TcpServer::HandleCloseInLoop - Remove connection [id#2-fd#33] - TcpServer.cpp:69
20260520 16:00:35.762100Z 2270106 INFO  HttpServer::onMessage - Request URL : /metrics from TcpConnection[ fd#29-id#1 ] - HttpServer.cpp:89
20260520 16:00:39.304047Z 2270108 INFO  HttpServer::onMessage - Request URL : /api/health from TcpConnection[ fd#30-id#6 ] - HttpServer.cpp:89
20260520 16:00:39.305350Z 2270108 INFO  HttpServer::onMessage - Request URL : /api/stats from TcpConnection[ fd#32-id#8 ] - HttpServer.cpp:89
20260520 16:00:39.305362Z 2270106 INFO  HttpServer::onMessage - Request URL : /api/prometheus/query_range from TcpConnection[ fd#31-id#7 ] - HttpServer.cpp:89
20260520 16:00:39.320015Z 2270108 INFO  HttpServer::onMessage - Request URL : /api/game/status from TcpConnection[ fd#30-id#6 ] - HttpServer.cpp:89
20260520 16:00:39.336634Z 2270108 INFO  HttpServer::onMessage - Request URL : /api/prometheus/query_range from TcpConnection[ fd#32-id#8 ] - HttpServer.cpp:89
20260520 16:00:39.355458Z 2270108 INFO  HttpServer::onMessage - Request URL : /api/redis/status from TcpConnection[ fd#32-id#8 ] - HttpServer.cpp:89
20260520 16:00:39.629783Z 2270108 INFO  HttpServer::onMessage - Request URL : /api/prometheus/query_range from TcpConnection[ fd#30-id#6 ] - HttpServer.cpp:89
20260520 16:00:39.633848Z 2270108 INFO  HttpServer::onMessage - Request URL : /api/db/ping from TcpConnection[ fd#32-id#8 ] - HttpServer.cpp:89
20260520 16:00:39.659134Z 2270108 INFO  HttpServer::onMessage - Request URL : /api/prometheus/query_range from TcpConnection[ fd#32-id#8 ] - HttpServer.cpp:89
20260520 16:00:39.952623Z 2270108 INFO  HttpServer::onMessage - Request URL : /api/prometheus/query_range from TcpConnection[ fd#32-id#8 ] - HttpServer.cpp:89
20260520 16:00:39.980119Z 2270108 INFO  HttpServer::onMessage - Request URL : /api/prometheus/query_range from TcpConnection[ fd#32-id#8 ] - HttpServer.cpp:89
20260520 16:00:40.005855Z 2270108 INFO  HttpServer::onMessage - Request URL : /api/prometheus/query_range from TcpConnection[ fd#32-id#8 ] - HttpServer.cpp:89
20260520 16:00:40.760111Z 2270106 INFO  HttpServer::onMessage - Request URL : /metrics from TcpConnection[ fd#29-id#1 ] - HttpServer.cpp:89
20260520 16:00:41.113991Z 2271497 INFO  MetricsDbWriter: inserted metrics row ts=1779264041 - MetricsDbWriter.cpp:131
20260520 16:00:45.760373Z 2270106 INFO  HttpServer::onMessage - Request URL : /metrics from TcpConnection[ fd#29-id#1 ] - HttpServer.cpp:89
20260520 16:00:50.763184Z 2270106 INFO  HttpServer::onMessage - Request URL : /metrics from TcpConnection[ fd#29-id#1 ] - HttpServer.cpp:89
20260520 16:00:50.966055Z 2270071 INFO  TcpServer::HandleCloseInLoop - Remove connection [id#6-fd#30] - TcpServer.cpp:69
20260520 16:00:50.966096Z 2270071 INFO  TcpServer::HandleCloseInLoop - Remove connection [id#7-fd#31] - TcpServer.cpp:69
20260520 16:00:50.966105Z 2270071 INFO  TcpServer::HandleCloseInLoop - Remove connection [id#8-fd#32] - TcpServer.cpp:69
20260520 16:00:51.111637Z 2271549 INFO  MetricsDbWriter: inserted metrics row ts=1779264051 - MetricsDbWriter.cpp:131
20260520 16:00:55.763303Z 2270106 INFO  HttpServer::onMessage - Request URL : /metrics from TcpConnection[ fd#29-id#1 ] - HttpServer.cpp:89
20260520 16:01:00.763568Z 2270106 INFO  HttpServer::onMessage - Request URL : /metrics from TcpConnection[ fd#29-id#1 ] - HttpServer.cpp:89
20260520 16:01:01.114849Z 2271603 INFO  MetricsDbWriter: inserted metrics row ts=1779264061 - MetricsDbWriter.cpp:131
20260520 16:01:05.760587Z 2270106 INFO  HttpServer::onMessage - Request URL : /metrics from TcpConnection[ fd#29-id#1 ] - HttpServer.cpp:89
20260520 16:01:10.762185Z 2270106 INFO  HttpServer::onMessage - Request URL : /metrics from TcpConnection[ fd#29-id#1 ] - HttpServer.cpp:89
20260520 16:01:11.114657Z 2271669 INFO  MetricsDbWriter: inserted metrics row ts=1779264071 - MetricsDbWriter.cpp:131
20260520 16:01:15.760857Z 2270106 INFO  HttpServer::onMessage - Request URL : /metrics from TcpConnection[ fd#29-id#1 ] - HttpServer.cpp:89
20260520 16:01:20.762614Z 2270106 INFO  HttpServer::onMessage - Request URL : /metrics from TcpConnection[ fd#29-id#1 ] - HttpServer.cpp:89
20260520 16:01:21.113385Z 2271725 INFO  MetricsDbWriter: inserted metrics row ts=1779264081 - MetricsDbWriter.cpp:131
20260520 16:01:25.762802Z 2270106 INFO  HttpServer::onMessage - Request URL : /metrics from TcpConnection[ fd#29-id#1 ] - HttpServer.cpp:89
20260520 16:01:30.760414Z 2270106 INFO  HttpServer::onMessage - Request URL : /metrics from TcpConnection[ fd#29-id#1 ] - HttpServer.cpp:89
20260520 16:01:31.114122Z 2271776 INFO  MetricsDbWriter: inserted metrics row ts=1779264091 - MetricsDbWriter.cpp:131
20260520 16:01:35.761848Z 2270106 INFO  HttpServer::onMessage - Request URL : /metrics from TcpConnection[ fd#29-id#1 ] - HttpServer.cpp:89
20260520 16:01:39.286499Z 2270071 INFO  HttpServer::OnNewConnection : Add connection [ fd#30-id#9 ] from 58.247.150.86:16700 - HttpServer.cpp:49
20260520 16:01:39.286702Z 2270106 INFO  HttpServer::onMessage - Request URL : /api/health from TcpConnection[ fd#30-id#9 ] - HttpServer.cpp:89
20260520 16:01:39.287277Z 2270071 INFO  HttpServer::OnNewConnection : Add connection [ fd#31-id#10 ] from 58.247.150.86:16698 - HttpServer.cpp:49
20260520 16:01:39.291019Z 2270108 INFO  HttpServer::onMessage - Request URL : /api/prometheus/query_range from TcpConnection[ fd#31-id#10 ] - HttpServer.cpp:89
20260520 16:01:39.291440Z 2270071 INFO  HttpServer::OnNewConnection : Add connection [ fd#33-id#11 ] from 58.247.150.86:16699 - HttpServer.cpp:49
20260520 16:01:39.294586Z 2270106 INFO  HttpServer::onMessage - Request URL : /api/stats from TcpConnection[ fd#33-id#11 ] - HttpServer.cpp:89
20260520 16:01:39.310196Z 2270106 INFO  HttpServer::onMessage - Request URL : /api/game/status from TcpConnection[ fd#30-id#9 ] - HttpServer.cpp:89
20260520 16:01:39.319831Z 2270106 INFO  HttpServer::onMessage - Request URL : /api/prometheus/query_range from TcpConnection[ fd#33-id#11 ] - HttpServer.cpp:89
20260520 16:01:39.341452Z 2270106 INFO  HttpServer::onMessage - Request URL : /api/redis/status from TcpConnection[ fd#30-id#9 ] - HttpServer.cpp:89
20260520 16:01:39.352067Z 2270106 INFO  HttpServer::onMessage - Request URL : /api/prometheus/query_range from TcpConnection[ fd#33-id#11 ] - HttpServer.cpp:89
20260520 16:01:39.364463Z 2270106 INFO  HttpServer::onMessage - Request URL : /api/db/ping from TcpConnection[ fd#30-id#9 ] - HttpServer.cpp:89
20260520 16:01:39.382213Z 2270106 INFO  HttpServer::onMessage - Request URL : /api/prometheus/query_range from TcpConnection[ fd#30-id#9 ] - HttpServer.cpp:89
20260520 16:01:39.410981Z 2270106 INFO  HttpServer::onMessage - Request URL : /api/prometheus/query_range from TcpConnection[ fd#30-id#9 ] - HttpServer.cpp:89
20260520 16:01:39.439211Z 2270106 INFO  HttpServer::onMessage - Request URL : /api/prometheus/query_range from TcpConnection[ fd#30-id#9 ] - HttpServer.cpp:89
20260520 16:01:39.465689Z 2270106 INFO  HttpServer::onMessage - Request URL : /api/prometheus/query_range from TcpConnection[ fd#30-id#9 ] - HttpServer.cpp:89
20260520 16:01:40.760285Z 2270106 INFO  HttpServer::onMessage - Request URL : /metrics from TcpConnection[ fd#29-id#1 ] - HttpServer.cpp:89
20260520 16:01:41.113600Z 2271831 INFO  MetricsDbWriter: inserted metrics row ts=1779264101 - MetricsDbWriter.cpp:131
20260520 16:01:45.761773Z 2270106 INFO  HttpServer::onMessage - Request URL : /metrics from TcpConnection[ fd#29-id#1 ] - HttpServer.cpp:89
20260520 16:01:50.762394Z 2270106 INFO  HttpServer::onMessage - Request URL : /metrics from TcpConnection[ fd#29-id#1 ] - HttpServer.cpp:89
20260520 16:01:51.113922Z 2271887 INFO  MetricsDbWriter: inserted metrics row ts=1779264111 - MetricsDbWriter.cpp:131
20260520 16:01:55.763533Z 2270106 INFO  HttpServer::onMessage - Request URL : /metrics from TcpConnection[ fd#29-id#1 ] - HttpServer.cpp:89
20260520 16:02:00.763421Z 2270106 INFO  HttpServer::onMessage - Request URL : /metrics from TcpConnection[ fd#29-id#1 ] - HttpServer.cpp:89
20260520 16:02:01.113615Z 2271957 INFO  MetricsDbWriter: inserted metrics row ts=1779264121 - MetricsDbWriter.cpp:131
20260520 16:02:05.761311Z 2270106 INFO  HttpServer::onMessage - Request URL : /metrics from TcpConnection[ fd#29-id#1 ] - HttpServer.cpp:89
20260520 16:02:10.763340Z 2270106 INFO  HttpServer::onMessage - Request URL : /metrics from TcpConnection[ fd#29-id#1 ] - HttpServer.cpp:89
20260520 16:02:11.115644Z 2272011 INFO  MetricsDbWriter: inserted metrics row ts=1779264131 - MetricsDbWriter.cpp:131
20260520 16:02:15.764022Z 2270106 INFO  HttpServer::onMessage - Request URL : /metrics from TcpConnection[ fd#29-id#1 ] - HttpServer.cpp:89
20260520 16:02:20.763320Z 2270106 INFO  HttpServer::onMessage - Request URL : /metrics from TcpConnection[ fd#29-id#1 ] - HttpServer.cpp:89
20260520 16:02:21.114073Z 2272067 INFO  MetricsDbWriter: inserted metrics row ts=1779264141 - MetricsDbWriter.cpp:131
20260520 16:02:25.763310Z 2270106 INFO  HttpServer::onMessage - Request URL : /metrics from TcpConnection[ fd#29-id#1 ] - HttpServer.cpp:89
20260520 16:02:30.764102Z 2270106 INFO  HttpServer::onMessage - Request URL : /metrics from TcpConnection[ fd#29-id#1 ] - HttpServer.cpp:89
20260520 16:02:31.114004Z 2272121 INFO  MetricsDbWriter: inserted metrics row ts=1779264151 - MetricsDbWriter.cpp:131
20260520 16:02:35.761124Z 2270106 INFO  HttpServer::onMessage - Request URL : /metrics from TcpConnection[ fd#29-id#1 ] - HttpServer.cpp:89
20260520 16:02:39.257302Z 2270106 INFO  HttpServer::onMessage - Request URL : /api/health from TcpConnection[ fd#30-id#9 ] - HttpServer.cpp:89
20260520 16:02:39.259658Z 2270106 INFO  HttpServer::onMessage - Request URL : /api/prometheus/query_range from TcpConnection[ fd#33-id#11 ] - HttpServer.cpp:89
20260520 16:02:39.259670Z 2270108 INFO  HttpServer::onMessage - Request URL : /api/stats from TcpConnection[ fd#31-id#10 ] - HttpServer.cpp:89
20260520 16:02:39.274340Z 2270106 INFO  HttpServer::onMessage - Request URL : /api/game/status from TcpConnection[ fd#30-id#9 ] - HttpServer.cpp:89
20260520 16:02:39.311067Z 2270106 INFO  HttpServer::onMessage - Request URL : /api/prometheus/query_range from TcpConnection[ fd#30-id#9 ] - HttpServer.cpp:89
20260520 16:02:39.313381Z 2270106 INFO  HttpServer::onMessage - Request URL : /api/redis/status from TcpConnection[ fd#33-id#11 ] - HttpServer.cpp:89
20260520 16:02:39.340006Z 2270106 INFO  HttpServer::onMessage - Request URL : /api/db/ping from TcpConnection[ fd#30-id#9 ] - HttpServer.cpp:89
20260520 16:02:39.341685Z 2270106 INFO  HttpServer::onMessage - Request URL : /api/prometheus/query_range from TcpConnection[ fd#33-id#11 ] - HttpServer.cpp:89
20260520 16:02:39.371561Z 2270106 INFO  HttpServer::onMessage - Request URL : /api/prometheus/query_range from TcpConnection[ fd#33-id#11 ] - HttpServer.cpp:89
20260520 16:02:39.399085Z 2270106 INFO  HttpServer::onMessage - Request URL : /api/prometheus/query_range from TcpConnection[ fd#33-id#11 ] - HttpServer.cpp:89
20260520 16:02:39.426692Z 2270106 INFO  HttpServer::onMessage - Request URL : /api/prometheus/query_range from TcpConnection[ fd#33-id#11 ] - HttpServer.cpp:89
20260520 16:02:39.453186Z 2270106 INFO  HttpServer::onMessage - Request URL : /api/prometheus/query_range from TcpConnection[ fd#33-id#11 ] - HttpServer.cpp:89
20260520 16:02:40.761372Z 2270106 INFO  HttpServer::onMessage - Request URL : /metrics from TcpConnection[ fd#29-id#1 ] - HttpServer.cpp:89
20260520 16:02:41.113750Z 2272176 INFO  MetricsDbWriter: inserted metrics row ts=1779264161 - MetricsDbWriter.cpp:131
20260520 16:02:45.760810Z 2270106 INFO  HttpServer::onMessage - Request URL : /metrics from TcpConnection[ fd#29-id#1 ] - HttpServer.cpp:89
20260520 16:02:50.762850Z 2270106 INFO  HttpServer::onMessage - Request URL : /metrics from TcpConnection[ fd#29-id#1 ] - HttpServer.cpp:89
20260520 16:02:51.120589Z 2272228 INFO  MetricsDbWriter: inserted metrics row ts=1779264171 - MetricsDbWriter.cpp:131
20260520 16:02:51.405151Z 2270071 INFO  TcpServer::HandleCloseInLoop - Remove connection [id#10-fd#31] - TcpServer.cpp:69
20260520 16:02:51.405778Z 2270071 INFO  TcpServer::HandleCloseInLoop - Remove connection [id#9-fd#30] - TcpServer.cpp:69
20260520 16:02:51.407659Z 2270071 INFO  TcpServer::HandleCloseInLoop - Remove connection [id#11-fd#33] - TcpServer.cpp:69
20260520 16:02:55.762065Z 2270106 INFO  HttpServer::onMessage - Request URL : /metrics from TcpConnection[ fd#29-id#1 ] - HttpServer.cpp:89
20260520 16:03:00.760198Z 2270106 INFO  HttpServer::onMessage - Request URL : /metrics from TcpConnection[ fd#29-id#1 ] - HttpServer.cpp:89
20260520 16:03:01.115790Z 2272282 INFO  MetricsDbWriter: inserted metrics row ts=1779264181 - MetricsDbWriter.cpp:131
20260520 16:03:05.761311Z 2270106 INFO  HttpServer::onMessage - Request URL : /metrics from TcpConnection[ fd#29-id#1 ] - HttpServer.cpp:89
20260520 16:03:10.762448Z 2270106 INFO  HttpServer::onMessage - Request URL : /metrics from TcpConnection[ fd#29-id#1 ] - HttpServer.cpp:89
20260520 16:03:11.115551Z 2272337 INFO  MetricsDbWriter: inserted metrics row ts=1779264191 - MetricsDbWriter.cpp:131

[run_webserver] --- 2026-05-20T17:04:34+08:00 HTTP=8080 GAME=8081 MYSQL=1 REDIS=1 ---
[run_webserver] starting HTTP=8080 game_tcp=8081
[run_webserver] 在【服务器本机】访问: http://127.0.0.1:8080/
[run_webserver] 在【你的电脑浏览器】访问: http://172.29.229.236:8080/  (不要用 127.0.0.1，那是你本机)
[run_webserver] 若外网打不开，请在云安全组/防火墙放行 TCP 8080 和 8081
[run_webserver] 或 SSH 端口转发: ssh -L 8080:127.0.0.1:8080 user@<服务器>  然后浏览器开 http://127.0.0.1:8080/
20260520 17:04:34.154917Z 2279461 INFO  mysql pool config loaded from /root/projects/CppWebServer/config/mysql.cnf initSize=3 maxSize=32 - ConnectionPool.cpp:67
20260520 17:04:34.249251Z 2279461 INFO  MetricsDbWriter: flush to MySQL every 10s - MetricsDbWriter.cpp:59
20260520 17:04:34.258002Z 2279461 INFO  PlayerItemStore: table player_item ready - PlayerItemStore.cpp:62
20260520 17:04:34.260125Z 2279461 INFO  SessionStore: Redis ok 127.0.0.1:6379 default_ttl_sec=7200 - SessionStore.cpp:103
20260520 17:04:34.260228Z 2279461 INFO  HttpServer Listening on [ 0.0.0.0:8080 ] - HttpServer.cpp:35
20260520 17:04:34.260289Z 2279461 INFO  Game protobuf TCP 8081 (HTTP 8080) - http_server.cpp:572
20260520 17:04:34.260606Z 2279492 INFO  GameTcpGateway ready on 0.0.0.0:8081 (length-prefix + protobuf) - GameTcpGateway.cpp:48
20260520 17:04:34.265087Z 2279496 INFO  MetricsDbWriter: table webserver_metrics ready - MetricsDbWriter.cpp:96
20260520 17:04:34.273605Z 2279496 INFO  MetricsDbWriter: inserted metrics row ts=1779267874 - MetricsDbWriter.cpp:131
20260520 17:04:35.761701Z 2279461 INFO  HttpServer::OnNewConnection : Add connection [ fd#29-id#1 ] from 127.0.0.1:34576 - HttpServer.cpp:49
20260520 17:04:35.761889Z 2279493 INFO  HttpServer::onMessage - Request URL : /metrics from TcpConnection[ fd#29-id#1 ] - HttpServer.cpp:89
20260520 17:04:40.763255Z 2279493 INFO  HttpServer::onMessage - Request URL : /metrics from TcpConnection[ fd#29-id#1 ] - HttpServer.cpp:89
20260520 17:04:44.274979Z 2279560 INFO  MetricsDbWriter: inserted metrics row ts=1779267884 - MetricsDbWriter.cpp:131
20260520 17:04:45.763397Z 2279493 INFO  HttpServer::onMessage - Request URL : /metrics from TcpConnection[ fd#29-id#1 ] - HttpServer.cpp:89
20260520 17:04:50.763338Z 2279493 INFO  HttpServer::onMessage - Request URL : /metrics from TcpConnection[ fd#29-id#1 ] - HttpServer.cpp:89
20260520 17:04:54.278001Z 2279614 INFO  MetricsDbWriter: inserted metrics row ts=1779267894 - MetricsDbWriter.cpp:131
20260520 17:04:55.764025Z 2279493 INFO  HttpServer::onMessage - Request URL : /metrics from TcpConnection[ fd#29-id#1 ] - HttpServer.cpp:89
20260520 17:05:00.762679Z 2279493 INFO  HttpServer::onMessage - Request URL : /metrics from TcpConnection[ fd#29-id#1 ] - HttpServer.cpp:89
20260520 17:05:04.272462Z 2279754 INFO  MetricsDbWriter: inserted metrics row ts=1779267904 - MetricsDbWriter.cpp:131
20260520 17:05:05.762066Z 2279493 INFO  HttpServer::onMessage - Request URL : /metrics from TcpConnection[ fd#29-id#1 ] - HttpServer.cpp:89
20260520 17:05:10.761621Z 2279493 INFO  HttpServer::onMessage - Request URL : /metrics from TcpConnection[ fd#29-id#1 ] - HttpServer.cpp:89
20260520 17:05:14.278340Z 2279805 INFO  MetricsDbWriter: inserted metrics row ts=1779267914 - MetricsDbWriter.cpp:131
20260520 17:05:15.763073Z 2279493 INFO  HttpServer::onMessage - Request URL : /metrics from TcpConnection[ fd#29-id#1 ] - HttpServer.cpp:89
20260520 17:05:20.365838Z 2279494 INFO  [game] dispatch grant_item seq=1 - GameLogic.cpp:287
20260520 17:05:20.366315Z 2279494 INFO  [grant_item] recv player_id=10001 item_id=1001 count=1 - GameLogic.cpp:113
20260520 17:05:20.373748Z 2279494 INFO  [grant_item] ok player_id=10001 item_id=1001 instance_id=2 bag_total=11 - GameLogic.cpp:172
20260520 17:05:20.377180Z 2279492 INFO  TcpServer::HandleCloseInLoop - Remove connection [id#1-fd#30] - TcpServer.cpp:69
20260520 17:05:20.763549Z 2279493 INFO  HttpServer::onMessage - Request URL : /metrics from TcpConnection[ fd#29-id#1 ] - HttpServer.cpp:89
20260520 17:05:24.275125Z 2279936 INFO  MetricsDbWriter: inserted metrics row ts=1779267924 - MetricsDbWriter.cpp:131
20260520 17:05:25.763346Z 2279493 INFO  HttpServer::onMessage - Request URL : /metrics from TcpConnection[ fd#29-id#1 ] - HttpServer.cpp:89
20260520 17:05:30.763288Z 2279493 INFO  HttpServer::onMessage - Request URL : /metrics from TcpConnection[ fd#29-id#1 ] - HttpServer.cpp:89
20260520 17:05:34.276831Z 2279989 INFO  MetricsDbWriter: inserted metrics row ts=1779267934 - MetricsDbWriter.cpp:131
20260520 17:05:35.760773Z 2279493 INFO  HttpServer::onMessage - Request URL : /metrics from TcpConnection[ fd#29-id#1 ] - HttpServer.cpp:89
20260520 17:05:40.763016Z 2279493 INFO  HttpServer::onMessage - Request URL : /metrics from TcpConnection[ fd#29-id#1 ] - HttpServer.cpp:89
20260520 17:05:44.275266Z 2280043 INFO  MetricsDbWriter: inserted metrics row ts=1779267944 - MetricsDbWriter.cpp:131
20260520 17:05:45.763554Z 2279493 INFO  HttpServer::onMessage - Request URL : /metrics from TcpConnection[ fd#29-id#1 ] - HttpServer.cpp:89
20260520 17:05:50.762766Z 2279493 INFO  HttpServer::onMessage - Request URL : /metrics from TcpConnection[ fd#29-id#1 ] - HttpServer.cpp:89
20260520 17:05:54.274256Z 2280119 INFO  MetricsDbWriter: inserted metrics row ts=1779267954 - MetricsDbWriter.cpp:131
20260520 17:05:55.763076Z 2279493 INFO  HttpServer::onMessage - Request URL : /metrics from TcpConnection[ fd#29-id#1 ] - HttpServer.cpp:89
20260520 17:06:00.763276Z 2279493 INFO  HttpServer::onMessage - Request URL : /metrics from TcpConnection[ fd#29-id#1 ] - HttpServer.cpp:89
20260520 17:06:04.277302Z 2280225 INFO  MetricsDbWriter: inserted metrics row ts=1779267964 - MetricsDbWriter.cpp:131
20260520 17:06:05.760245Z 2279493 INFO  HttpServer::onMessage - Request URL : /metrics from TcpConnection[ fd#29-id#1 ] - HttpServer.cpp:89
20260520 17:06:10.762606Z 2279493 INFO  HttpServer::onMessage - Request URL : /metrics from TcpConnection[ fd#29-id#1 ] - HttpServer.cpp:89
20260520 17:06:14.273635Z 2280280 INFO  MetricsDbWriter: inserted metrics row ts=1779267974 - MetricsDbWriter.cpp:131
20260520 17:06:15.762729Z 2279493 INFO  HttpServer::onMessage - Request URL : /metrics from TcpConnection[ fd#29-id#1 ] - HttpServer.cpp:89
20260520 17:06:20.761147Z 2279493 INFO  HttpServer::onMessage - Request URL : /metrics from TcpConnection[ fd#29-id#1 ] - HttpServer.cpp:89
20260520 17:06:24.274141Z 2280335 INFO  MetricsDbWriter: inserted metrics row ts=1779267984 - MetricsDbWriter.cpp:131
20260520 17:06:25.764593Z 2279493 INFO  HttpServer::onMessage - Request URL : /metrics from TcpConnection[ fd#29-id#1 ] - HttpServer.cpp:89
20260520 17:06:30.763391Z 2279493 INFO  HttpServer::onMessage - Request URL : /metrics from TcpConnection[ fd#29-id#1 ] - HttpServer.cpp:89
20260520 17:06:34.273995Z 2280466 INFO  MetricsDbWriter: inserted metrics row ts=1779267994 - MetricsDbWriter.cpp:131
20260520 17:06:35.762436Z 2279493 INFO  HttpServer::onMessage - Request URL : /metrics from TcpConnection[ fd#29-id#1 ] - HttpServer.cpp:89
20260520 17:06:40.760861Z 2279493 INFO  HttpServer::onMessage - Request URL : /metrics from TcpConnection[ fd#29-id#1 ] - HttpServer.cpp:89
20260520 17:06:44.274716Z 2280566 INFO  MetricsDbWriter: inserted metrics row ts=1779268004 - MetricsDbWriter.cpp:131
20260520 17:06:45.763740Z 2279493 INFO  HttpServer::onMessage - Request URL : /metrics from TcpConnection[ fd#29-id#1 ] - HttpServer.cpp:89
20260520 17:06:50.763469Z 2279493 INFO  HttpServer::onMessage - Request URL : /metrics from TcpConnection[ fd#29-id#1 ] - HttpServer.cpp:89
20260520 17:06:54.273734Z 2280647 INFO  MetricsDbWriter: inserted metrics row ts=1779268014 - MetricsDbWriter.cpp:131
20260520 17:06:55.764296Z 2279493 INFO  HttpServer::onMessage - Request URL : /metrics from TcpConnection[ fd#29-id#1 ] - HttpServer.cpp:89
20260520 17:07:00.763296Z 2279493 INFO  HttpServer::onMessage - Request URL : /metrics from TcpConnection[ fd#29-id#1 ] - HttpServer.cpp:89
20260520 17:07:04.274751Z 2280775 INFO  MetricsDbWriter: inserted metrics row ts=1779268024 - MetricsDbWriter.cpp:131
20260520 17:07:05.760514Z 2279493 INFO  HttpServer::onMessage - Request URL : /metrics from TcpConnection[ fd#29-id#1 ] - HttpServer.cpp:89
20260520 17:07:10.763868Z 2279493 INFO  HttpServer::onMessage - Request URL : /metrics from TcpConnection[ fd#29-id#1 ] - HttpServer.cpp:89
20260520 17:07:14.275430Z 2280904 INFO  MetricsDbWriter: inserted metrics row ts=1779268034 - MetricsDbWriter.cpp:131
20260520 17:07:15.762726Z 2279493 INFO  HttpServer::onMessage - Request URL : /metrics from TcpConnection[ fd#29-id#1 ] - HttpServer.cpp:89
20260520 17:07:20.761909Z 2279493 INFO  HttpServer::onMessage - Request URL : /metrics from TcpConnection[ fd#29-id#1 ] - HttpServer.cpp:89
20260520 17:07:24.274552Z 2280961 INFO  MetricsDbWriter: inserted metrics row ts=1779268044 - MetricsDbWriter.cpp:131
20260520 17:07:25.760800Z 2279493 INFO  HttpServer::onMessage - Request URL : /metrics from TcpConnection[ fd#29-id#1 ] - HttpServer.cpp:89
20260520 17:07:27.595390Z 2279494 INFO  [game] dispatch grant_item seq=1 - GameLogic.cpp:287
20260520 17:07:27.595839Z 2279494 INFO  [grant_item] recv player_id=10001 item_id=1002 count=1 - GameLogic.cpp:113
20260520 17:07:27.601076Z 2279494 INFO  [grant_item] ok player_id=10001 item_id=1002 instance_id=3 bag_total=6 - GameLogic.cpp:172
20260520 17:07:27.605006Z 2279492 INFO  TcpServer::HandleCloseInLoop - Remove connection [id#2-fd#30] - TcpServer.cpp:69
20260520 17:07:29.427205Z 2279494 INFO  [game] dispatch grant_item seq=1 - GameLogic.cpp:287
20260520 17:07:29.427818Z 2279494 INFO  [grant_item] recv player_id=10001 item_id=1003 count=1 - GameLogic.cpp:113
20260520 17:07:29.434911Z 2279494 INFO  [grant_item] ok player_id=10001 item_id=1003 instance_id=4 bag_total=1 - GameLogic.cpp:172
20260520 17:07:29.437035Z 2279492 INFO  TcpServer::HandleCloseInLoop - Remove connection [id#3-fd#30] - TcpServer.cpp:69
20260520 17:07:30.763517Z 2279493 INFO  HttpServer::onMessage - Request URL : /metrics from TcpConnection[ fd#29-id#1 ] - HttpServer.cpp:89
20260520 17:07:30.934778Z 2279494 INFO  [game] dispatch grant_item seq=1 - GameLogic.cpp:287
20260520 17:07:30.935224Z 2279494 INFO  [grant_item] recv player_id=10001 item_id=1003 count=1 - GameLogic.cpp:113
20260520 17:07:30.943830Z 2279494 INFO  [grant_item] ok player_id=10001 item_id=1003 instance_id=5 bag_total=2 - GameLogic.cpp:172
20260520 17:07:30.945005Z 2279492 INFO  TcpServer::HandleCloseInLoop - Remove connection [id#4-fd#30] - TcpServer.cpp:69
20260520 17:07:34.277477Z 2281087 INFO  MetricsDbWriter: inserted metrics row ts=1779268054 - MetricsDbWriter.cpp:131
20260520 17:07:35.762002Z 2279493 INFO  HttpServer::onMessage - Request URL : /metrics from TcpConnection[ fd#29-id#1 ] - HttpServer.cpp:89
20260520 17:07:40.760898Z 2279493 INFO  HttpServer::onMessage - Request URL : /metrics from TcpConnection[ fd#29-id#1 ] - HttpServer.cpp:89
20260520 17:07:44.275765Z 2281143 INFO  MetricsDbWriter: inserted metrics row ts=1779268064 - MetricsDbWriter.cpp:131
20260520 17:07:45.762834Z 2279493 INFO  HttpServer::onMessage - Request URL : /metrics from TcpConnection[ fd#29-id#1 ] - HttpServer.cpp:89
20260520 17:07:50.763838Z 2279493 INFO  HttpServer::onMessage - Request URL : /metrics from TcpConnection[ fd#29-id#1 ] - HttpServer.cpp:89
20260520 17:07:54.275224Z 2281197 INFO  MetricsDbWriter: inserted metrics row ts=1779268074 - MetricsDbWriter.cpp:131
20260520 17:07:55.762749Z 2279493 INFO  HttpServer::onMessage - Request URL : /metrics from TcpConnection[ fd#29-id#1 ] - HttpServer.cpp:89
20260520 17:08:00.762282Z 2279493 INFO  HttpServer::onMessage - Request URL : /metrics from TcpConnection[ fd#29-id#1 ] - HttpServer.cpp:89
20260520 17:08:04.277188Z 2281323 INFO  MetricsDbWriter: inserted metrics row ts=1779268084 - MetricsDbWriter.cpp:131
20260520 17:08:05.761477Z 2279493 INFO  HttpServer::onMessage - Request URL : /metrics from TcpConnection[ fd#29-id#1 ] - HttpServer.cpp:89
20260520 17:08:10.762101Z 2279493 INFO  HttpServer::onMessage - Request URL : /metrics from TcpConnection[ fd#29-id#1 ] - HttpServer.cpp:89
20260520 17:08:14.275766Z 2281377 INFO  MetricsDbWriter: inserted metrics row ts=1779268094 - MetricsDbWriter.cpp:131
20260520 17:08:15.763535Z 2279493 INFO  HttpServer::onMessage - Request URL : /metrics from TcpConnection[ fd#29-id#1 ] - HttpServer.cpp:89
20260520 17:08:20.762151Z 2279493 INFO  HttpServer::onMessage - Request URL : /metrics from TcpConnection[ fd#29-id#1 ] - HttpServer.cpp:89
20260520 17:08:24.275741Z 2281432 INFO  MetricsDbWriter: inserted metrics row ts=1779268104 - MetricsDbWriter.cpp:131
20260520 17:08:25.763297Z 2279493 INFO  HttpServer::onMessage - Request URL : /metrics from TcpConnection[ fd#29-id#1 ] - HttpServer.cpp:89
20260520 17:08:30.762818Z 2279493 INFO  HttpServer::onMessage - Request URL : /metrics from TcpConnection[ fd#29-id#1 ] - HttpServer.cpp:89
20260520 17:08:34.276820Z 2281485 INFO  MetricsDbWriter: inserted metrics row ts=1779268114 - MetricsDbWriter.cpp:131
20260520 17:08:35.760174Z 2279493 INFO  HttpServer::onMessage - Request URL : /metrics from TcpConnection[ fd#29-id#1 ] - HttpServer.cpp:89
20260520 17:08:40.763307Z 2279493 INFO  HttpServer::onMessage - Request URL : /metrics from TcpConnection[ fd#29-id#1 ] - HttpServer.cpp:89
20260520 17:08:44.281115Z 2281539 INFO  MetricsDbWriter: inserted metrics row ts=1779268124 - MetricsDbWriter.cpp:131
20260520 17:08:45.763564Z 2279493 INFO  HttpServer::onMessage - Request URL : /metrics from TcpConnection[ fd#29-id#1 ] - HttpServer.cpp:89
