20260520 14:20:24.830754Z 2251593 INFO  SessionStore: Redis ok 127.0.0.1:6379 default_ttl_sec=7200 - SessionStore.cpp:103
20260520 14:20:24.830889Z 2251593 INFO  Game protobuf TCP 8081 (HTTP 8080) - http_server.cpp:522
20260520 14:20:24.831001Z 2251593 INFO  HttpServer Listening on [ 0.0.0.0:8080 ] - HttpServer.cpp:35
20260520 14:20:24.831198Z 2251616 INFO  GameTcpGateway listening on 0.0.0.0:8081 (length-prefix + protobuf) - GameTcpGateway.cpp:47
20260520 14:20:25.762946Z 2251593 INFO  HttpServer::OnNewConnection : Add connection [ fd#26-id#1 ] from 127.0.0.1:56368 - HttpServer.cpp:49
20260520 14:20:25.764189Z 2251617 INFO  HttpServer::onMessage - Request URL : /metrics from TcpConnection[ fd#26-id#1 ] - HttpServer.cpp:89
20260520 14:20:30.762848Z 2251617 INFO  HttpServer::onMessage - Request URL : /metrics from TcpConnection[ fd#26-id#1 ] - HttpServer.cpp:89
20260520 14:20:35.762255Z 2251617 INFO  HttpServer::onMessage - Request URL : /metrics from TcpConnection[ fd#26-id#1 ] - HttpServer.cpp:89
20260520 14:20:40.761659Z 2251617 INFO  HttpServer::onMessage - Request URL : /metrics from TcpConnection[ fd#26-id#1 ] - HttpServer.cpp:89
20260520 14:20:45.763648Z 2251617 INFO  HttpServer::onMessage - Request URL : /metrics from TcpConnection[ fd#26-id#1 ] - HttpServer.cpp:89
20260520 14:20:50.763404Z 2251617 INFO  HttpServer::onMessage - Request URL : /metrics from TcpConnection[ fd#26-id#1 ] - HttpServer.cpp:89
20260520 14:20:55.761790Z 2251617 INFO  HttpServer::onMessage - Request URL : /metrics from TcpConnection[ fd#26-id#1 ] - HttpServer.cpp:89
20260520 14:21:00.760321Z 2251617 INFO  HttpServer::onMessage - Request URL : /metrics from TcpConnection[ fd#26-id#1 ] - HttpServer.cpp:89
20260520 14:21:05.761513Z 2251617 INFO  HttpServer::onMessage - Request URL : /metrics from TcpConnection[ fd#26-id#1 ] - HttpServer.cpp:89
20260520 14:21:10.761238Z 2251617 INFO  HttpServer::onMessage - Request URL : /metrics from TcpConnection[ fd#26-id#1 ] - HttpServer.cpp:89
20260520 14:21:15.763882Z 2251617 INFO  HttpServer::onMessage - Request URL : /metrics from TcpConnection[ fd#26-id#1 ] - HttpServer.cpp:89
20260520 14:21:20.763337Z 2251617 INFO  HttpServer::onMessage - Request URL : /metrics from TcpConnection[ fd#26-id#1 ] - HttpServer.cpp:89
20260520 14:21:25.763350Z 2251617 INFO  HttpServer::onMessage - Request URL : /metrics from TcpConnection[ fd#26-id#1 ] - HttpServer.cpp:89
20260520 14:21:30.763320Z 2251617 INFO  HttpServer::onMessage - Request URL : /metrics from TcpConnection[ fd#26-id#1 ] - HttpServer.cpp:89
20260520 14:21:35.761154Z 2251617 INFO  HttpServer::onMessage - Request URL : /metrics from TcpConnection[ fd#26-id#1 ] - HttpServer.cpp:89
20260520 14:21:40.763594Z 2251617 INFO  HttpServer::onMessage - Request URL : /metrics from TcpConnection[ fd#26-id#1 ] - HttpServer.cpp:89
20260520 14:21:45.763249Z 2251617 INFO  HttpServer::onMessage - Request URL : /metrics from TcpConnection[ fd#26-id#1 ] - HttpServer.cpp:89
20260520 14:21:50.762450Z 2251617 INFO  HttpServer::onMessage - Request URL : /metrics from TcpConnection[ fd#26-id#1 ] - HttpServer.cpp:89
20260520 14:21:55.763378Z 2251617 INFO  HttpServer::onMessage - Request URL : /metrics from TcpConnection[ fd#26-id#1 ] - HttpServer.cpp:89
20260520 14:22:00.763352Z 2251617 INFO  HttpServer::onMessage - Request URL : /metrics from TcpConnection[ fd#26-id#1 ] - HttpServer.cpp:89
20260520 14:22:05.763724Z 2251617 INFO  HttpServer::onMessage - Request URL : /metrics from TcpConnection[ fd#26-id#1 ] - HttpServer.cpp:89
20260520 14:22:10.763004Z 2251617 INFO  HttpServer::onMessage - Request URL : /metrics from TcpConnection[ fd#26-id#1 ] - HttpServer.cpp:89
20260520 14:22:15.760708Z 2251617 INFO  HttpServer::onMessage - Request URL : /metrics from TcpConnection[ fd#26-id#1 ] - HttpServer.cpp:89
20260520 14:22:20.762369Z 2251617 INFO  HttpServer::onMessage - Request URL : /metrics from TcpConnection[ fd#26-id#1 ] - HttpServer.cpp:89
20260520 14:22:25.762369Z 2251617 INFO  HttpServer::onMessage - Request URL : /metrics from TcpConnection[ fd#26-id#1 ] - HttpServer.cpp:89
20260520 14:22:30.763003Z 2251617 INFO  HttpServer::onMessage - Request URL : /metrics from TcpConnection[ fd#26-id#1 ] - HttpServer.cpp:89
20260520 14:22:35.760263Z 2251617 INFO  HttpServer::onMessage - Request URL : /metrics from TcpConnection[ fd#26-id#1 ] - HttpServer.cpp:89
20260520 14:22:40.762822Z 2251617 INFO  HttpServer::onMessage - Request URL : /metrics from TcpConnection[ fd#26-id#1 ] - HttpServer.cpp:89
20260520 14:22:45.764069Z 2251617 INFO  HttpServer::onMessage - Request URL : /metrics from TcpConnection[ fd#26-id#1 ] - HttpServer.cpp:89
20260520 14:22:50.761123Z 2251617 INFO  HttpServer::onMessage - Request URL : /metrics from TcpConnection[ fd#26-id#1 ] - HttpServer.cpp:89
20260520 14:22:55.763513Z 2251617 INFO  HttpServer::onMessage - Request URL : /metrics from TcpConnection[ fd#26-id#1 ] - HttpServer.cpp:89
20260520 14:23:00.760680Z 2251617 INFO  HttpServer::onMessage - Request URL : /metrics from TcpConnection[ fd#26-id#1 ] - HttpServer.cpp:89
20260520 14:23:05.762020Z 2251617 INFO  HttpServer::onMessage - Request URL : /metrics from TcpConnection[ fd#26-id#1 ] - HttpServer.cpp:89
20260520 14:23:10.762757Z 2251617 INFO  HttpServer::onMessage - Request URL : /metrics from TcpConnection[ fd#26-id#1 ] - HttpServer.cpp:89
20260520 14:23:15.762268Z 2251617 INFO  HttpServer::onMessage - Request URL : /metrics from TcpConnection[ fd#26-id#1 ] - HttpServer.cpp:89
20260520 14:23:20.763344Z 2251617 INFO  HttpServer::onMessage - Request URL : /metrics from TcpConnection[ fd#26-id#1 ] - HttpServer.cpp:89
20260520 14:23:25.763515Z 2251617 INFO  HttpServer::onMessage - Request URL : /metrics from TcpConnection[ fd#26-id#1 ] - HttpServer.cpp:89
20260520 14:23:30.762792Z 2251617 INFO  HttpServer::onMessage - Request URL : /metrics from TcpConnection[ fd#26-id#1 ] - HttpServer.cpp:89
20260520 14:23:35.760233Z 2251617 INFO  HttpServer::onMessage - Request URL : /metrics from TcpConnection[ fd#26-id#1 ] - HttpServer.cpp:89
20260520 14:23:40.761343Z 2251617 INFO  HttpServer::onMessage - Request URL : /metrics from TcpConnection[ fd#26-id#1 ] - HttpServer.cpp:89
20260520 14:23:45.763430Z 2251617 INFO  HttpServer::onMessage - Request URL : /metrics from TcpConnection[ fd#26-id#1 ] - HttpServer.cpp:89
20260520 14:23:50.763417Z 2251617 INFO  HttpServer::onMessage - Request URL : /metrics from TcpConnection[ fd#26-id#1 ] - HttpServer.cpp:89
20260520 14:23:55.763094Z 2251617 INFO  HttpServer::onMessage - Request URL : /metrics from TcpConnection[ fd#26-id#1 ] - HttpServer.cpp:89
20260520 14:24:00.760158Z 2251617 INFO  HttpServer::onMessage - Request URL : /metrics from TcpConnection[ fd#26-id#1 ] - HttpServer.cpp:89
20260520 14:24:05.761859Z 2251617 INFO  HttpServer::onMessage - Request URL : /metrics from TcpConnection[ fd#26-id#1 ] - HttpServer.cpp:89
20260520 14:24:10.763512Z 2251617 INFO  HttpServer::onMessage - Request URL : /metrics from TcpConnection[ fd#26-id#1 ] - HttpServer.cpp:89
20260520 14:24:15.763053Z 2251617 INFO  HttpServer::onMessage - Request URL : /metrics from TcpConnection[ fd#26-id#1 ] - HttpServer.cpp:89
20260520 14:24:20.762763Z 2251617 INFO  HttpServer::onMessage - Request URL : /metrics from TcpConnection[ fd#26-id#1 ] - HttpServer.cpp:89
20260520 14:24:25.762600Z 2251617 INFO  HttpServer::onMessage - Request URL : /metrics from TcpConnection[ fd#26-id#1 ] - HttpServer.cpp:89
20260520 14:24:30.763620Z 2251617 INFO  HttpServer::onMessage - Request URL : /metrics from TcpConnection[ fd#26-id#1 ] - HttpServer.cpp:89
20260520 14:24:35.761790Z 2251617 INFO  HttpServer::onMessage - Request URL : /metrics from TcpConnection[ fd#26-id#1 ] - HttpServer.cpp:89
20260520 14:24:40.763198Z 2251617 INFO  HttpServer::onMessage - Request URL : /metrics from TcpConnection[ fd#26-id#1 ] - HttpServer.cpp:89
20260520 14:24:43.369298Z 2251593 INFO  HttpServer::OnNewConnection : Add connection [ fd#27-id#2 ] from 127.0.0.1:41844 - HttpServer.cpp:49
20260520 14:24:43.369351Z 2251619 INFO  HttpServer::onMessage - Request URL : / from TcpConnection[ fd#27-id#2 ] - HttpServer.cpp:89
20260520 14:24:43.370918Z 2251593 INFO  TcpServer::HandleCloseInLoop - Remove connection [id#2-fd#27] - TcpServer.cpp:69
20260520 14:24:43.376617Z 2251593 INFO  HttpServer::OnNewConnection : Add connection [ fd#27-id#3 ] from 127.0.0.1:41852 - HttpServer.cpp:49
20260520 14:24:43.376668Z 2251617 INFO  HttpServer::onMessage - Request URL : /api/health from TcpConnection[ fd#27-id#3 ] - HttpServer.cpp:89
20260520 14:24:43.380236Z 2251593 INFO  TcpServer::HandleCloseInLoop - Remove connection [id#3-fd#27] - TcpServer.cpp:69
20260520 14:24:45.763042Z 2251617 INFO  HttpServer::onMessage - Request URL : /metrics from TcpConnection[ fd#26-id#1 ] - HttpServer.cpp:89
20260520 14:24:50.760925Z 2251617 INFO  HttpServer::onMessage - Request URL : /metrics from TcpConnection[ fd#26-id#1 ] - HttpServer.cpp:89
20260520 14:24:55.762932Z 2251617 INFO  HttpServer::onMessage - Request URL : /metrics from TcpConnection[ fd#26-id#1 ] - HttpServer.cpp:89
20260520 14:25:00.761704Z 2251617 INFO  HttpServer::onMessage - Request URL : /metrics from TcpConnection[ fd#26-id#1 ] - HttpServer.cpp:89
20260520 14:25:05.761803Z 2251617 INFO  HttpServer::onMessage - Request URL : /metrics from TcpConnection[ fd#26-id#1 ] - HttpServer.cpp:89
20260520 14:25:10.763148Z 2251617 INFO  HttpServer::onMessage - Request URL : /metrics from TcpConnection[ fd#26-id#1 ] - HttpServer.cpp:89
20260520 14:25:15.762738Z 2251617 INFO  HttpServer::onMessage - Request URL : /metrics from TcpConnection[ fd#26-id#1 ] - HttpServer.cpp:89
20260520 14:25:20.763529Z 2251617 INFO  HttpServer::onMessage - Request URL : /metrics from TcpConnection[ fd#26-id#1 ] - HttpServer.cpp:89
20260520 14:25:23.941242Z 2251593 INFO  HttpServer::OnNewConnection : Add connection [ fd#27-id#4 ] from 58.247.150.86:17361 - HttpServer.cpp:49
20260520 14:25:23.941607Z 2251593 INFO  HttpServer::OnNewConnection : Add connection [ fd#28-id#5 ] from 58.247.150.86:17362 - HttpServer.cpp:49
20260520 14:25:23.943955Z 2251619 INFO  HttpServer::onMessage - Request URL : /monitor from TcpConnection[ fd#27-id#4 ] - HttpServer.cpp:89
20260520 14:25:24.818172Z 2251619 INFO  HttpServer::onMessage - Request URL : /api/prometheus/query_range from TcpConnection[ fd#27-id#4 ] - HttpServer.cpp:89
20260520 14:25:24.820028Z 2251617 INFO  HttpServer::onMessage - Request URL : /api/prometheus/query_range from TcpConnection[ fd#28-id#5 ] - HttpServer.cpp:89
20260520 14:25:25.760286Z 2251617 INFO  HttpServer::onMessage - Request URL : /metrics from TcpConnection[ fd#26-id#1 ] - HttpServer.cpp:89
20260520 14:25:30.763433Z 2251617 INFO  HttpServer::onMessage - Request URL : /metrics from TcpConnection[ fd#26-id#1 ] - HttpServer.cpp:89
20260520 14:25:35.761702Z 2251617 INFO  HttpServer::onMessage - Request URL : /metrics from TcpConnection[ fd#26-id#1 ] - HttpServer.cpp:89
20260520 14:25:40.763304Z 2251617 INFO  HttpServer::onMessage - Request URL : /metrics from TcpConnection[ fd#26-id#1 ] - HttpServer.cpp:89
20260520 14:25:45.760759Z 2251617 INFO  HttpServer::onMessage - Request URL : /metrics from TcpConnection[ fd#26-id#1 ] - HttpServer.cpp:89
20260520 14:25:50.761284Z 2251617 INFO  HttpServer::onMessage - Request URL : /metrics from TcpConnection[ fd#26-id#1 ] - HttpServer.cpp:89
20260520 14:25:55.761051Z 2251617 INFO  HttpServer::onMessage - Request URL : /metrics from TcpConnection[ fd#26-id#1 ] - HttpServer.cpp:89
20260520 14:25:58.148599Z 2251617 INFO  HttpServer::onMessage - Request URL : /monitor from TcpConnection[ fd#28-id#5 ] - HttpServer.cpp:89
20260520 14:25:58.189837Z 2251617 INFO  HttpServer::onMessage - Request URL : /api/prometheus/query_range from TcpConnection[ fd#28-id#5 ] - HttpServer.cpp:89
20260520 14:25:58.190409Z 2251619 INFO  HttpServer::onMessage - Request URL : /api/prometheus/query_range from TcpConnection[ fd#27-id#4 ] - HttpServer.cpp:89
20260520 14:25:58.204718Z 2251593 INFO  HttpServer::OnNewConnection : Add connection [ fd#29-id#6 ] from 58.247.150.86:17404 - HttpServer.cpp:49
20260520 14:25:58.205465Z 2251619 INFO  HttpServer::onMessage - Request URL : /favicon.ico from TcpConnection[ fd#29-id#6 ] - HttpServer.cpp:89
20260520 14:25:58.205570Z 2251593 INFO  TcpServer::HandleCloseInLoop - Remove connection [id#6-fd#29] - TcpServer.cpp:69
20260520 14:25:59.141262Z 2251619 INFO  HttpServer::onMessage - Request URL : /monitor from TcpConnection[ fd#27-id#4 ] - HttpServer.cpp:89
20260520 14:25:59.178511Z 2251619 INFO  HttpServer::onMessage - Request URL : /api/prometheus/query_range from TcpConnection[ fd#27-id#4 ] - HttpServer.cpp:89
20260520 14:25:59.178634Z 2251617 INFO  HttpServer::onMessage - Request URL : /api/prometheus/query_range from TcpConnection[ fd#28-id#5 ] - HttpServer.cpp:89
20260520 14:25:59.192165Z 2251617 INFO  HttpServer::onMessage - Request URL : /favicon.ico from TcpConnection[ fd#28-id#5 ] - HttpServer.cpp:89
20260520 14:25:59.192296Z 2251593 INFO  TcpServer::HandleCloseInLoop - Remove connection [id#5-fd#28] - TcpServer.cpp:69
20260520 14:25:59.194722Z 2251593 INFO  HttpServer::OnNewConnection : Add connection [ fd#28-id#7 ] from 58.247.150.86:17405 - HttpServer.cpp:49
20260520 14:25:59.626043Z 2251619 INFO  HttpServer::onMessage - Request URL : /monitor from TcpConnection[ fd#27-id#4 ] - HttpServer.cpp:89
20260520 14:25:59.664017Z 2251619 INFO  HttpServer::onMessage - Request URL : /api/prometheus/query_range from TcpConnection[ fd#27-id#4 ] - HttpServer.cpp:89
20260520 14:25:59.664048Z 2251617 INFO  HttpServer::onMessage - Request URL : /api/prometheus/query_range from TcpConnection[ fd#28-id#7 ] - HttpServer.cpp:89
20260520 14:25:59.678771Z 2251593 INFO  HttpServer::OnNewConnection : Add connection [ fd#29-id#8 ] from 58.247.150.86:17406 - HttpServer.cpp:49
20260520 14:25:59.682546Z 2251619 INFO  HttpServer::onMessage - Request URL : /favicon.ico from TcpConnection[ fd#29-id#8 ] - HttpServer.cpp:89
20260520 14:25:59.682728Z 2251593 INFO  TcpServer::HandleCloseInLoop - Remove connection [id#8-fd#29] - TcpServer.cpp:69
20260520 14:25:59.973412Z 2251617 INFO  HttpServer::onMessage - Request URL : /monitor from TcpConnection[ fd#28-id#7 ] - HttpServer.cpp:89
20260520 14:26:00.018425Z 2251617 INFO  HttpServer::onMessage - Request URL : /api/prometheus/query_range from TcpConnection[ fd#28-id#7 ] - HttpServer.cpp:89
20260520 14:26:00.019100Z 2251619 INFO  HttpServer::onMessage - Request URL : /api/prometheus/query_range from TcpConnection[ fd#27-id#4 ] - HttpServer.cpp:89
20260520 14:26:00.031023Z 2251593 INFO  HttpServer::OnNewConnection : Add connection [ fd#29-id#9 ] from 58.247.150.86:17407 - HttpServer.cpp:49
20260520 14:26:00.034745Z 2251617 INFO  HttpServer::onMessage - Request URL : /favicon.ico from TcpConnection[ fd#29-id#9 ] - HttpServer.cpp:89
20260520 14:26:00.034842Z 2251593 INFO  TcpServer::HandleCloseInLoop - Remove connection [id#9-fd#29] - TcpServer.cpp:69
20260520 14:26:00.214412Z 2251617 INFO  HttpServer::onMessage - Request URL : /monitor from TcpConnection[ fd#28-id#7 ] - HttpServer.cpp:89
20260520 14:26:00.249150Z 2251617 INFO  HttpServer::onMessage - Request URL : /api/prometheus/query_range from TcpConnection[ fd#28-id#7 ] - HttpServer.cpp:89
20260520 14:26:00.254853Z 2251619 INFO  HttpServer::onMessage - Request URL : /api/prometheus/query_range from TcpConnection[ fd#27-id#4 ] - HttpServer.cpp:89
20260520 14:26:00.265579Z 2251617 INFO  HttpServer::onMessage - Request URL : /favicon.ico from TcpConnection[ fd#28-id#7 ] - HttpServer.cpp:89
20260520 14:26:00.265682Z 2251593 INFO  TcpServer::HandleCloseInLoop - Remove connection [id#7-fd#28] - TcpServer.cpp:69
20260520 14:26:00.268448Z 2251593 INFO  HttpServer::OnNewConnection : Add connection [ fd#28-id#10 ] from 58.247.150.86:15360 - HttpServer.cpp:49
20260520 14:26:00.413754Z 2251619 INFO  HttpServer::onMessage - Request URL : /monitor from TcpConnection[ fd#27-id#4 ] - HttpServer.cpp:89
20260520 14:26:00.456417Z 2251619 INFO  HttpServer::onMessage - Request URL : /api/prometheus/query_range from TcpConnection[ fd#27-id#4 ] - HttpServer.cpp:89
20260520 14:26:00.460462Z 2251619 INFO  HttpServer::onMessage - Request URL : /api/prometheus/query_range from TcpConnection[ fd#28-id#10 ] - HttpServer.cpp:89
20260520 14:26:00.469351Z 2251619 INFO  HttpServer::onMessage - Request URL : /favicon.ico from TcpConnection[ fd#27-id#4 ] - HttpServer.cpp:89
20260520 14:26:00.469457Z 2251593 INFO  TcpServer::HandleCloseInLoop - Remove connection [id#4-fd#27] - TcpServer.cpp:69
20260520 14:26:00.471507Z 2251593 INFO  HttpServer::OnNewConnection : Add connection [ fd#27-id#11 ] from 58.247.150.86:15361 - HttpServer.cpp:49
20260520 14:26:00.680283Z 2251619 INFO  HttpServer::onMessage - Request URL : /monitor from TcpConnection[ fd#28-id#10 ] - HttpServer.cpp:89
20260520 14:26:00.718390Z 2251619 INFO  HttpServer::onMessage - Request URL : /api/prometheus/query_range from TcpConnection[ fd#28-id#10 ] - HttpServer.cpp:89
20260520 14:26:00.718392Z 2251617 INFO  HttpServer::onMessage - Request URL : /api/prometheus/query_range from TcpConnection[ fd#27-id#11 ] - HttpServer.cpp:89
20260520 14:26:00.732394Z 2251593 INFO  HttpServer::OnNewConnection : Add connection [ fd#29-id#12 ] from 58.247.150.86:15362 - HttpServer.cpp:49
20260520 14:26:00.736132Z 2251619 INFO  HttpServer::onMessage - Request URL : /favicon.ico from TcpConnection[ fd#29-id#12 ] - HttpServer.cpp:89
20260520 14:26:00.736215Z 2251593 INFO  TcpServer::HandleCloseInLoop - Remove connection [id#12-fd#29] - TcpServer.cpp:69
20260520 14:26:00.760863Z 2251617 INFO  HttpServer::onMessage - Request URL : /metrics from TcpConnection[ fd#26-id#1 ] - HttpServer.cpp:89
20260520 14:26:00.895228Z 2251617 INFO  HttpServer::onMessage - Request URL : /monitor from TcpConnection[ fd#27-id#11 ] - HttpServer.cpp:89
20260520 14:26:00.933465Z 2251617 INFO  HttpServer::onMessage - Request URL : /api/prometheus/query_range from TcpConnection[ fd#27-id#11 ] - HttpServer.cpp:89
20260520 14:26:00.934131Z 2251619 INFO  HttpServer::onMessage - Request URL : /api/prometheus/query_range from TcpConnection[ fd#28-id#10 ] - HttpServer.cpp:89
20260520 14:26:00.947514Z 2251593 INFO  HttpServer::OnNewConnection : Add connection [ fd#29-id#13 ] from 58.247.150.86:15363 - HttpServer.cpp:49
20260520 14:26:00.951191Z 2251617 INFO  HttpServer::onMessage - Request URL : /favicon.ico from TcpConnection[ fd#29-id#13 ] - HttpServer.cpp:89
20260520 14:26:00.951295Z 2251593 INFO  TcpServer::HandleCloseInLoop - Remove connection [id#13-fd#29] - TcpServer.cpp:69
20260520 14:26:05.761986Z 2251617 INFO  HttpServer::onMessage - Request URL : /metrics from TcpConnection[ fd#26-id#1 ] - HttpServer.cpp:89
20260520 14:26:10.762421Z 2251617 INFO  HttpServer::onMessage - Request URL : /metrics from TcpConnection[ fd#26-id#1 ] - HttpServer.cpp:89
20260520 14:26:15.763672Z 2251617 INFO  HttpServer::onMessage - Request URL : /metrics from TcpConnection[ fd#26-id#1 ] - HttpServer.cpp:89
20260520 14:26:20.763429Z 2251617 INFO  HttpServer::onMessage - Request URL : /metrics from TcpConnection[ fd#26-id#1 ] - HttpServer.cpp:89
20260520 14:26:25.763332Z 2251617 INFO  HttpServer::onMessage - Request URL : /metrics from TcpConnection[ fd#26-id#1 ] - HttpServer.cpp:89
20260520 14:26:30.760942Z 2251617 INFO  HttpServer::onMessage - Request URL : /metrics from TcpConnection[ fd#26-id#1 ] - HttpServer.cpp:89
20260520 14:26:34.948871Z 2251593 INFO  TcpServer::HandleCloseInLoop - Remove connection [id#11-fd#27] - TcpServer.cpp:69
20260520 14:26:34.953179Z 2251593 INFO  TcpServer::HandleCloseInLoop - Remove connection [id#10-fd#28] - TcpServer.cpp:69
20260520 14:26:35.770334Z 2251617 INFO  HttpServer::onMessage - Request URL : /metrics from TcpConnection[ fd#26-id#1 ] - HttpServer.cpp:89
20260520 14:26:40.762802Z 2251617 INFO  HttpServer::onMessage - Request URL : /metrics from TcpConnection[ fd#26-id#1 ] - HttpServer.cpp:89
20260520 14:50:53.346385Z 2255621 INFO  SessionStore: Redis ok 127.0.0.1:6379 default_ttl_sec=7200 - SessionStore.cpp:103
20260520 14:50:53.346509Z 2255621 INFO  Game protobuf TCP 8081 (HTTP 8080) - http_server.cpp:543
20260520 14:50:53.346614Z 2255621 INFO  HttpServer Listening on [ 0.0.0.0:8080 ] - HttpServer.cpp:35
20260520 14:50:53.346637Z 2255691 INFO  GameTcpGateway listening on 0.0.0.0:8081 (length-prefix + protobuf) - GameTcpGateway.cpp:47
20260520 14:50:55.763546Z 2255621 INFO  HttpServer::OnNewConnection : Add connection [ fd#26-id#1 ] from 127.0.0.1:39512 - HttpServer.cpp:49
20260520 14:50:55.766464Z 2255692 INFO  HttpServer::onMessage - Request URL : /metrics from TcpConnection[ fd#26-id#1 ] - HttpServer.cpp:89
20260520 14:51:00.764088Z 2255692 INFO  HttpServer::onMessage - Request URL : /metrics from TcpConnection[ fd#26-id#1 ] - HttpServer.cpp:89
20260520 14:51:03.734136Z 2255621 INFO  HttpServer::OnNewConnection : Add connection [ fd#27-id#2 ] from 58.247.150.86:15966 - HttpServer.cpp:49
20260520 14:51:03.734394Z 2255694 INFO  HttpServer::onMessage - Request URL : /monitor from TcpConnection[ fd#27-id#2 ] - HttpServer.cpp:89
20260520 14:51:03.735470Z 2255621 INFO  HttpServer::OnNewConnection : Add connection [ fd#29-id#3 ] from 58.247.150.86:15965 - HttpServer.cpp:49
20260520 14:51:03.795889Z 2255694 INFO  HttpServer::onMessage - Request URL : /api/health from TcpConnection[ fd#27-id#2 ] - HttpServer.cpp:89
20260520 14:51:03.800097Z 2255692 INFO  HttpServer::onMessage - Request URL : /api/prometheus/query_range from TcpConnection[ fd#29-id#3 ] - HttpServer.cpp:89
20260520 14:51:03.807877Z 2255621 INFO  HttpServer::OnNewConnection : Add connection [ fd#30-id#4 ] from 58.247.150.86:15967 - HttpServer.cpp:49
20260520 14:51:03.807930Z 2255694 INFO  HttpServer::onMessage - Request URL : /api/stats from TcpConnection[ fd#30-id#4 ] - HttpServer.cpp:89
20260520 14:51:03.831500Z 2255694 INFO  HttpServer::onMessage - Request URL : /api/game/status from TcpConnection[ fd#30-id#4 ] - HttpServer.cpp:89
20260520 14:51:03.835207Z 2255694 INFO  HttpServer::onMessage - Request URL : /favicon.ico from TcpConnection[ fd#27-id#2 ] - HttpServer.cpp:89
20260520 14:51:03.835360Z 2255621 INFO  TcpServer::HandleCloseInLoop - Remove connection [id#2-fd#27] - TcpServer.cpp:69
20260520 14:51:03.873817Z 2255694 INFO  HttpServer::onMessage - Request URL : /api/prometheus/query_range from TcpConnection[ fd#30-id#4 ] - HttpServer.cpp:89
20260520 14:51:03.873838Z 2255692 INFO  HttpServer::onMessage - Request URL : /api/redis/status from TcpConnection[ fd#29-id#3 ] - HttpServer.cpp:89
20260520 14:51:03.903494Z 2255692 INFO  HttpServer::onMessage - Request URL : /api/prometheus/query_range from TcpConnection[ fd#29-id#3 ] - HttpServer.cpp:89
20260520 14:51:03.904466Z 2255694 INFO  HttpServer::onMessage - Request URL : /api/db/ping from TcpConnection[ fd#30-id#4 ] - HttpServer.cpp:89
20260520 14:51:03.904570Z 2255621 INFO  TcpServer::HandleCloseInLoop - Remove connection [id#4-fd#30] - TcpServer.cpp:69
20260520 14:51:03.962724Z 2255692 INFO  HttpServer::onMessage - Request URL : /api/prometheus/query_range from TcpConnection[ fd#29-id#3 ] - HttpServer.cpp:89
20260520 14:51:03.998502Z 2255692 INFO  HttpServer::onMessage - Request URL : /api/prometheus/query_range from TcpConnection[ fd#29-id#3 ] - HttpServer.cpp:89
20260520 14:51:04.043043Z 2255692 INFO  HttpServer::onMessage - Request URL : /api/prometheus/query_range from TcpConnection[ fd#29-id#3 ] - HttpServer.cpp:89
20260520 14:51:04.065986Z 2255692 INFO  HttpServer::onMessage - Request URL : /api/prometheus/query_range from TcpConnection[ fd#29-id#3 ] - HttpServer.cpp:89
20260520 14:51:05.761107Z 2255692 INFO  HttpServer::onMessage - Request URL : /metrics from TcpConnection[ fd#26-id#1 ] - HttpServer.cpp:89
20260520 14:51:10.761117Z 2255692 INFO  HttpServer::onMessage - Request URL : /metrics from TcpConnection[ fd#26-id#1 ] - HttpServer.cpp:89
20260520 14:51:15.763857Z 2255692 INFO  HttpServer::onMessage - Request URL : /metrics from TcpConnection[ fd#26-id#1 ] - HttpServer.cpp:89
20260520 14:51:20.763360Z 2255692 INFO  HttpServer::onMessage - Request URL : /metrics from TcpConnection[ fd#26-id#1 ] - HttpServer.cpp:89
20260520 14:51:25.761799Z 2255692 INFO  HttpServer::onMessage - Request URL : /metrics from TcpConnection[ fd#26-id#1 ] - HttpServer.cpp:89
20260520 14:51:30.761410Z 2255692 INFO  HttpServer::onMessage - Request URL : /metrics from TcpConnection[ fd#26-id#1 ] - HttpServer.cpp:89
20260520 14:51:33.808860Z 2255692 INFO  HttpServer::onMessage - Request URL : /api/health from TcpConnection[ fd#29-id#3 ] - HttpServer.cpp:89
20260520 14:51:33.821614Z 2255621 INFO  HttpServer::OnNewConnection : Add connection [ fd#27-id#5 ] from 58.247.150.86:15982 - HttpServer.cpp:49
20260520 14:51:33.821687Z 2255621 INFO  HttpServer::OnNewConnection : Add connection [ fd#28-id#6 ] from 58.247.150.86:15981 - HttpServer.cpp:49
20260520 14:51:33.822306Z 2255692 INFO  HttpServer::onMessage - Request URL : /api/stats from TcpConnection[ fd#27-id#5 ] - HttpServer.cpp:89
20260520 14:51:33.823031Z 2255694 INFO  HttpServer::onMessage - Request URL : /api/prometheus/query_range from TcpConnection[ fd#28-id#6 ] - HttpServer.cpp:89
20260520 14:51:33.842311Z 2255694 INFO  HttpServer::onMessage - Request URL : /api/game/status from TcpConnection[ fd#28-id#6 ] - HttpServer.cpp:89
20260520 14:51:33.851092Z 2255692 INFO  HttpServer::onMessage - Request URL : /api/prometheus/query_range from TcpConnection[ fd#27-id#5 ] - HttpServer.cpp:89
20260520 14:51:33.858567Z 2255694 INFO  HttpServer::onMessage - Request URL : /api/redis/status from TcpConnection[ fd#28-id#6 ] - HttpServer.cpp:89
20260520 14:51:33.872824Z 2255692 INFO  HttpServer::onMessage - Request URL : /api/db/ping from TcpConnection[ fd#27-id#5 ] - HttpServer.cpp:89
20260520 14:51:33.872915Z 2255621 INFO  TcpServer::HandleCloseInLoop - Remove connection [id#5-fd#27] - TcpServer.cpp:69
20260520 14:51:33.873274Z 2255694 INFO  HttpServer::onMessage - Request URL : /api/prometheus/query_range from TcpConnection[ fd#28-id#6 ] - HttpServer.cpp:89
20260520 14:51:33.894595Z 2255694 INFO  HttpServer::onMessage - Request URL : /api/prometheus/query_range from TcpConnection[ fd#28-id#6 ] - HttpServer.cpp:89
20260520 14:51:33.915895Z 2255694 INFO  HttpServer::onMessage - Request URL : /api/prometheus/query_range from TcpConnection[ fd#28-id#6 ] - HttpServer.cpp:89
20260520 14:51:33.943821Z 2255694 INFO  HttpServer::onMessage - Request URL : /api/prometheus/query_range from TcpConnection[ fd#28-id#6 ] - HttpServer.cpp:89
20260520 14:51:33.963297Z 2255694 INFO  HttpServer::onMessage - Request URL : /api/prometheus/query_range from TcpConnection[ fd#28-id#6 ] - HttpServer.cpp:89
20260520 14:51:35.760576Z 2255692 INFO  HttpServer::onMessage - Request URL : /metrics from TcpConnection[ fd#26-id#1 ] - HttpServer.cpp:89
20260520 14:51:40.762712Z 2255692 INFO  HttpServer::onMessage - Request URL : /metrics from TcpConnection[ fd#26-id#1 ] - HttpServer.cpp:89
20260520 14:51:45.760206Z 2255692 INFO  HttpServer::onMessage - Request URL : /metrics from TcpConnection[ fd#26-id#1 ] - HttpServer.cpp:89
20260520 14:51:50.760260Z 2255692 INFO  HttpServer::onMessage - Request URL : /metrics from TcpConnection[ fd#26-id#1 ] - HttpServer.cpp:89
20260520 14:51:55.760295Z 2255692 INFO  HttpServer::onMessage - Request URL : /metrics from TcpConnection[ fd#26-id#1 ] - HttpServer.cpp:89
20260520 14:52:00.763421Z 2255692 INFO  HttpServer::onMessage - Request URL : /metrics from TcpConnection[ fd#26-id#1 ] - HttpServer.cpp:89
20260520 14:52:02.473752Z 2255621 INFO  TcpServer::HandleCloseInLoop - Remove connection [id#3-fd#29] - TcpServer.cpp:69
20260520 14:52:02.474767Z 2255621 INFO  TcpServer::HandleCloseInLoop - Remove connection [id#6-fd#28] - TcpServer.cpp:69
20260520 14:52:03.823731Z 2255621 INFO  HttpServer::OnNewConnection : Add connection [ fd#27-id#7 ] from 58.247.150.86:16026 - HttpServer.cpp:49
20260520 14:52:03.823833Z 2255692 INFO  HttpServer::onMessage - Request URL : /api/health from TcpConnection[ fd#27-id#7 ] - HttpServer.cpp:89
20260520 14:52:03.829067Z 2255621 INFO  HttpServer::OnNewConnection : Add connection [ fd#28-id#8 ] from 58.247.150.86:16028 - HttpServer.cpp:49
20260520 14:52:03.829422Z 2255621 INFO  HttpServer::OnNewConnection : Add connection [ fd#29-id#9 ] from 58.247.150.86:16027 - HttpServer.cpp:49
20260520 14:52:03.829799Z 2255694 INFO  HttpServer::onMessage - Request URL : /api/prometheus/query_range from TcpConnection[ fd#28-id#8 ] - HttpServer.cpp:89
20260520 14:52:03.830254Z 2255692 INFO  HttpServer::onMessage - Request URL : /api/stats from TcpConnection[ fd#29-id#9 ] - HttpServer.cpp:89
20260520 14:52:03.836799Z 2255692 INFO  HttpServer::onMessage - Request URL : /api/game/status from TcpConnection[ fd#27-id#7 ] - HttpServer.cpp:89
20260520 14:52:03.852321Z 2255694 INFO  HttpServer::onMessage - Request URL : /api/prometheus/query_range from TcpConnection[ fd#28-id#8 ] - HttpServer.cpp:89
20260520 14:52:03.858441Z 2255692 INFO  HttpServer::onMessage - Request URL : /api/redis/status from TcpConnection[ fd#27-id#7 ] - HttpServer.cpp:89
20260520 14:52:03.871452Z 2255692 INFO  HttpServer::onMessage - Request URL : /api/db/ping from TcpConnection[ fd#27-id#7 ] - HttpServer.cpp:89
20260520 14:52:03.871540Z 2255621 INFO  TcpServer::HandleCloseInLoop - Remove connection [id#7-fd#27] - TcpServer.cpp:69
20260520 14:52:03.872023Z 2255694 INFO  HttpServer::onMessage - Request URL : /api/prometheus/query_range from TcpConnection[ fd#28-id#8 ] - HttpServer.cpp:89
20260520 14:52:03.890765Z 2255694 INFO  HttpServer::onMessage - Request URL : /api/prometheus/query_range from TcpConnection[ fd#28-id#8 ] - HttpServer.cpp:89
20260520 14:52:03.907534Z 2255694 INFO  HttpServer::onMessage - Request URL : /api/prometheus/query_range from TcpConnection[ fd#28-id#8 ] - HttpServer.cpp:89
20260520 14:52:03.930792Z 2255694 INFO  HttpServer::onMessage - Request URL : /api/prometheus/query_range from TcpConnection[ fd#28-id#8 ] - HttpServer.cpp:89
20260520 14:52:03.948066Z 2255694 INFO  HttpServer::onMessage - Request URL : /api/prometheus/query_range from TcpConnection[ fd#28-id#8 ] - HttpServer.cpp:89
20260520 14:52:05.760188Z 2255692 INFO  HttpServer::onMessage - Request URL : /metrics from TcpConnection[ fd#26-id#1 ] - HttpServer.cpp:89
20260520 14:52:10.762336Z 2255692 INFO  HttpServer::onMessage - Request URL : /metrics from TcpConnection[ fd#26-id#1 ] - HttpServer.cpp:89
20260520 14:52:15.760950Z 2255692 INFO  HttpServer::onMessage - Request URL : /metrics from TcpConnection[ fd#26-id#1 ] - HttpServer.cpp:89
20260520 14:52:20.763419Z 2255692 INFO  HttpServer::onMessage - Request URL : /metrics from TcpConnection[ fd#26-id#1 ] - HttpServer.cpp:89
20260520 14:52:25.763231Z 2255692 INFO  HttpServer::onMessage - Request URL : /metrics from TcpConnection[ fd#26-id#1 ] - HttpServer.cpp:89
20260520 14:52:26.272304Z 2255692 INFO  HttpServer::onMessage - Request URL : /api/prometheus/query_range from TcpConnection[ fd#29-id#9 ] - HttpServer.cpp:89
20260520 14:52:26.273551Z 2255694 INFO  HttpServer::onMessage - Request URL : /api/health from TcpConnection[ fd#28-id#8 ] - HttpServer.cpp:89
20260520 14:52:26.286452Z 2255621 INFO  HttpServer::OnNewConnection : Add connection [ fd#27-id#10 ] from 58.247.150.86:16084 - HttpServer.cpp:49
20260520 14:52:26.287166Z 2255694 INFO  HttpServer::onMessage - Request URL : /api/stats from TcpConnection[ fd#27-id#10 ] - HttpServer.cpp:89
20260520 14:52:26.292278Z 2255692 INFO  HttpServer::onMessage - Request URL : /api/game/status from TcpConnection[ fd#29-id#9 ] - HttpServer.cpp:89
20260520 14:52:26.299169Z 2255694 INFO  HttpServer::onMessage - Request URL : /api/prometheus/query_range from TcpConnection[ fd#28-id#8 ] - HttpServer.cpp:89
20260520 14:52:26.309807Z 2255692 INFO  HttpServer::onMessage - Request URL : /api/redis/status from TcpConnection[ fd#29-id#9 ] - HttpServer.cpp:89
20260520 14:52:26.317865Z 2255694 INFO  HttpServer::onMessage - Request URL : /api/prometheus/query_range from TcpConnection[ fd#28-id#8 ] - HttpServer.cpp:89
20260520 14:52:26.593269Z 2255692 INFO  HttpServer::onMessage - Request URL : /api/db/ping from TcpConnection[ fd#29-id#9 ] - HttpServer.cpp:89
20260520 14:52:26.593395Z 2255621 INFO  TcpServer::HandleCloseInLoop - Remove connection [id#9-fd#29] - TcpServer.cpp:69
20260520 14:52:26.601337Z 2255694 INFO  HttpServer::onMessage - Request URL : /api/prometheus/query_range from TcpConnection[ fd#28-id#8 ] - HttpServer.cpp:89
20260520 14:52:26.618388Z 2255694 INFO  HttpServer::onMessage - Request URL : /api/prometheus/query_range from TcpConnection[ fd#28-id#8 ] - HttpServer.cpp:89
20260520 14:52:26.635084Z 2255694 INFO  HttpServer::onMessage - Request URL : /api/prometheus/query_range from TcpConnection[ fd#28-id#8 ] - HttpServer.cpp:89
20260520 14:52:26.650744Z 2255694 INFO  HttpServer::onMessage - Request URL : /api/prometheus/query_range from TcpConnection[ fd#28-id#8 ] - HttpServer.cpp:89
20260520 14:52:30.761583Z 2255692 INFO  HttpServer::onMessage - Request URL : /metrics from TcpConnection[ fd#26-id#1 ] - HttpServer.cpp:89
20260520 14:52:33.807709Z 2255694 INFO  HttpServer::onMessage - Request URL : /api/health from TcpConnection[ fd#28-id#8 ] - HttpServer.cpp:89
20260520 14:52:33.813886Z 2255694 INFO  HttpServer::onMessage - Request URL : /api/prometheus/query_range from TcpConnection[ fd#27-id#10 ] - HttpServer.cpp:89
20260520 14:52:33.820339Z 2255694 INFO  HttpServer::onMessage - Request URL : /api/stats from TcpConnection[ fd#28-id#8 ] - HttpServer.cpp:89
20260520 14:52:33.824904Z 2255621 INFO  HttpServer::OnNewConnection : Add connection [ fd#29-id#11 ] from 58.247.150.86:16090 - HttpServer.cpp:49
20260520 14:52:33.825107Z 2255692 INFO  HttpServer::onMessage - Request URL : /api/game/status from TcpConnection[ fd#29-id#11 ] - HttpServer.cpp:89
20260520 14:52:33.837439Z 2255694 INFO  HttpServer::onMessage - Request URL : /api/prometheus/query_range from TcpConnection[ fd#27-id#10 ] - HttpServer.cpp:89
20260520 14:52:33.837657Z 2255621 INFO  HttpServer::OnNewConnection : Add connection [ fd#31-id#12 ] from 58.247.150.86:16091 - HttpServer.cpp:49
20260520 14:52:33.850997Z 2255692 INFO  HttpServer::onMessage - Request URL : /api/redis/status from TcpConnection[ fd#29-id#11 ] - HttpServer.cpp:89
20260520 14:52:33.865465Z 2255694 INFO  HttpServer::onMessage - Request URL : /api/prometheus/query_range from TcpConnection[ fd#27-id#10 ] - HttpServer.cpp:89
20260520 14:52:33.866574Z 2255692 INFO  HttpServer::onMessage - Request URL : /api/db/ping from TcpConnection[ fd#29-id#11 ] - HttpServer.cpp:89
20260520 14:52:33.866672Z 2255621 INFO  TcpServer::HandleCloseInLoop - Remove connection [id#11-fd#29] - TcpServer.cpp:69
20260520 14:52:33.883939Z 2255694 INFO  HttpServer::onMessage - Request URL : /api/prometheus/query_range from TcpConnection[ fd#27-id#10 ] - HttpServer.cpp:89
20260520 14:52:33.909510Z 2255694 INFO  HttpServer::onMessage - Request URL : /api/prometheus/query_range from TcpConnection[ fd#27-id#10 ] - HttpServer.cpp:89
20260520 14:52:33.927739Z 2255694 INFO  HttpServer::onMessage - Request URL : /api/prometheus/query_range from TcpConnection[ fd#27-id#10 ] - HttpServer.cpp:89
20260520 14:52:33.944040Z 2255694 INFO  HttpServer::onMessage - Request URL : /api/prometheus/query_range from TcpConnection[ fd#27-id#10 ] - HttpServer.cpp:89
20260520 14:52:35.760703Z 2255692 INFO  HttpServer::onMessage - Request URL : /metrics from TcpConnection[ fd#26-id#1 ] - HttpServer.cpp:89
20260520 14:52:39.419709Z 2255621 INFO  TcpServer::HandleCloseInLoop - Remove connection [id#10-fd#27] - TcpServer.cpp:69
20260520 14:52:39.420941Z 2255621 INFO  TcpServer::HandleCloseInLoop - Remove connection [id#12-fd#31] - TcpServer.cpp:69
20260520 14:52:39.421160Z 2255621 INFO  TcpServer::HandleCloseInLoop - Remove connection [id#8-fd#28] - TcpServer.cpp:69
20260520 14:52:40.762945Z 2255692 INFO  HttpServer::onMessage - Request URL : /metrics from TcpConnection[ fd#26-id#1 ] - HttpServer.cpp:89
20260520 14:52:45.763584Z 2255692 INFO  HttpServer::onMessage - Request URL : /metrics from TcpConnection[ fd#26-id#1 ] - HttpServer.cpp:89
20260520 14:52:50.761295Z 2255692 INFO  HttpServer::onMessage - Request URL : /metrics from TcpConnection[ fd#26-id#1 ] - HttpServer.cpp:89
20260520 14:52:55.762825Z 2255692 INFO  HttpServer::onMessage - Request URL : /metrics from TcpConnection[ fd#26-id#1 ] - HttpServer.cpp:89
20260520 14:53:00.762785Z 2255692 INFO  HttpServer::onMessage - Request URL : /metrics from TcpConnection[ fd#26-id#1 ] - HttpServer.cpp:89
20260520 14:53:04.280721Z 2255621 INFO  HttpServer::OnNewConnection : Add connection [ fd#27-id#13 ] from 58.247.150.86:16112 - HttpServer.cpp:49
20260520 14:53:04.281197Z 2255692 INFO  HttpServer::onMessage - Request URL : /api/health from TcpConnection[ fd#27-id#13 ] - HttpServer.cpp:89
20260520 14:53:04.289264Z 2255621 INFO  HttpServer::OnNewConnection : Add connection [ fd#28-id#14 ] from 58.247.150.86:16113 - HttpServer.cpp:49
20260520 14:53:04.289516Z 2255694 INFO  HttpServer::onMessage - Request URL : /api/prometheus/query_range from TcpConnection[ fd#28-id#14 ] - HttpServer.cpp:89
20260520 14:53:04.293238Z 2255621 INFO  HttpServer::OnNewConnection : Add connection [ fd#29-id#15 ] from 58.247.150.86:16114 - HttpServer.cpp:49
20260520 14:53:04.296993Z 2255692 INFO  HttpServer::onMessage - Request URL : /api/stats from TcpConnection[ fd#29-id#15 ] - HttpServer.cpp:89
20260520 14:53:04.302922Z 2255692 INFO  HttpServer::onMessage - Request URL : /api/game/status from TcpConnection[ fd#27-id#13 ] - HttpServer.cpp:89
20260520 14:53:04.314001Z 2255692 INFO  HttpServer::onMessage - Request URL : /api/prometheus/query_range from TcpConnection[ fd#29-id#15 ] - HttpServer.cpp:89
20260520 14:53:04.336753Z 2255692 INFO  HttpServer::onMessage - Request URL : /api/redis/status from TcpConnection[ fd#29-id#15 ] - HttpServer.cpp:89
20260520 14:53:04.341716Z 2255692 INFO  HttpServer::onMessage - Request URL : /api/prometheus/query_range from TcpConnection[ fd#27-id#13 ] - HttpServer.cpp:89
20260520 14:53:04.353992Z 2255692 INFO  HttpServer::onMessage - Request URL : /api/db/ping from TcpConnection[ fd#29-id#15 ] - HttpServer.cpp:89
20260520 14:53:04.354088Z 2255621 INFO  TcpServer::HandleCloseInLoop - Remove connection [id#15-fd#29] - TcpServer.cpp:69
20260520 14:53:04.360188Z 2255692 INFO  HttpServer::onMessage - Request URL : /api/prometheus/query_range from TcpConnection[ fd#27-id#13 ] - HttpServer.cpp:89
20260520 14:53:04.378457Z 2255692 INFO  HttpServer::onMessage - Request URL : /api/prometheus/query_range from TcpConnection[ fd#27-id#13 ] - HttpServer.cpp:89
20260520 14:53:04.398202Z 2255692 INFO  HttpServer::onMessage - Request URL : /api/prometheus/query_range from TcpConnection[ fd#27-id#13 ] - HttpServer.cpp:89
20260520 14:53:04.425047Z 2255692 INFO  HttpServer::onMessage - Request URL : /api/prometheus/query_range from TcpConnection[ fd#27-id#13 ] - HttpServer.cpp:89
20260520 14:53:05.764380Z 2255692 INFO  HttpServer::onMessage - Request URL : /metrics from TcpConnection[ fd#26-id#1 ] - HttpServer.cpp:89
20260520 14:54:35.655404Z 2256149 INFO  mysql pool config loaded from /root/projects/CppWebServer/config/mysql.cnf initSize=3 maxSize=32 - ConnectionPool.cpp:67
20260520 14:54:36.317312Z 2256149 INFO  MetricsDbWriter: flush to MySQL every 10s - MetricsDbWriter.cpp:33
20260520 14:54:36.318619Z 2256149 INFO  SessionStore: Redis ok 127.0.0.1:6379 default_ttl_sec=7200 - SessionStore.cpp:103
20260520 14:54:36.318705Z 2256149 INFO  Game protobuf TCP 8081 (HTTP 8080) - http_server.cpp:543
20260520 14:54:36.318809Z 2256149 INFO  HttpServer Listening on [ 0.0.0.0:8080 ] - HttpServer.cpp:35
20260520 14:54:36.318832Z 2256495 INFO  GameTcpGateway listening on 0.0.0.0:8081 (length-prefix + protobuf) - GameTcpGateway.cpp:47
20260520 14:54:36.448298Z 2256499 INFO  MetricsDbWriter: table webserver_metrics ready - MetricsDbWriter.cpp:68
20260520 14:54:36.517506Z 2256499 INFO  MetricsDbWriter: inserted metrics row - MetricsDbWriter.cpp:93
20260520 14:54:37.321009Z 2256149 INFO  HttpServer::OnNewConnection : Add connection [ fd#29-id#1 ] from 58.247.150.86:16333 - HttpServer.cpp:49
20260520 14:54:37.324723Z 2256149 INFO  HttpServer::OnNewConnection : Add connection [ fd#30-id#2 ] from 58.247.150.86:16334 - HttpServer.cpp:49
20260520 14:54:37.324759Z 2256149 INFO  HttpServer::OnNewConnection : Add connection [ fd#31-id#3 ] from 58.247.150.86:16335 - HttpServer.cpp:49
20260520 14:54:37.324991Z 2256496 INFO  HttpServer::onMessage - Request URL : /api/health from TcpConnection[ fd#29-id#1 ] - HttpServer.cpp:89
20260520 14:54:37.326705Z 2256498 INFO  HttpServer::onMessage - Request URL : /api/stats from TcpConnection[ fd#30-id#2 ] - HttpServer.cpp:89
20260520 14:54:37.329977Z 2256496 INFO  HttpServer::onMessage - Request URL : /api/prometheus/query_range from TcpConnection[ fd#31-id#3 ] - HttpServer.cpp:89
20260520 14:54:37.613997Z 2256496 INFO  HttpServer::onMessage - Request URL : /api/game/status from TcpConnection[ fd#29-id#1 ] - HttpServer.cpp:89
20260520 14:54:37.620979Z 2256496 INFO  HttpServer::onMessage - Request URL : /api/prometheus/query_range from TcpConnection[ fd#31-id#3 ] - HttpServer.cpp:89
20260520 14:54:37.629419Z 2256496 INFO  HttpServer::onMessage - Request URL : /api/redis/status from TcpConnection[ fd#29-id#1 ] - HttpServer.cpp:89
20260520 14:54:37.642956Z 2256496 INFO  HttpServer::onMessage - Request URL : /api/prometheus/query_range from TcpConnection[ fd#29-id#1 ] - HttpServer.cpp:89
20260520 14:54:37.646206Z 2256496 INFO  HttpServer::onMessage - Request URL : /api/db/ping from TcpConnection[ fd#31-id#3 ] - HttpServer.cpp:89
20260520 14:54:37.929869Z 2256496 INFO  HttpServer::onMessage - Request URL : /api/prometheus/query_range from TcpConnection[ fd#29-id#1 ] - HttpServer.cpp:89
20260520 14:54:37.949332Z 2256496 INFO  HttpServer::onMessage - Request URL : /api/prometheus/query_range from TcpConnection[ fd#29-id#1 ] - HttpServer.cpp:89
20260520 14:54:37.965584Z 2256496 INFO  HttpServer::onMessage - Request URL : /api/prometheus/query_range from TcpConnection[ fd#29-id#1 ] - HttpServer.cpp:89
20260520 14:54:37.987582Z 2256496 INFO  HttpServer::onMessage - Request URL : /api/prometheus/query_range from TcpConnection[ fd#29-id#1 ] - HttpServer.cpp:89
20260520 14:54:39.178227Z 2256496 INFO  HttpServer::onMessage - Request URL : /api/health from TcpConnection[ fd#29-id#1 ] - HttpServer.cpp:89
20260520 14:54:39.179981Z 2256496 INFO  HttpServer::onMessage - Request URL : /api/prometheus/query_range from TcpConnection[ fd#31-id#3 ] - HttpServer.cpp:89
20260520 14:54:39.181465Z 2256498 INFO  HttpServer::onMessage - Request URL : /api/stats from TcpConnection[ fd#30-id#2 ] - HttpServer.cpp:89
20260520 14:54:39.191953Z 2256496 INFO  HttpServer::onMessage - Request URL : /api/game/status from TcpConnection[ fd#29-id#1 ] - HttpServer.cpp:89
20260520 14:54:39.200751Z 2256496 INFO  HttpServer::onMessage - Request URL : /api/prometheus/query_range from TcpConnection[ fd#31-id#3 ] - HttpServer.cpp:89
20260520 14:54:39.205447Z 2256496 INFO  HttpServer::onMessage - Request URL : /api/redis/status from TcpConnection[ fd#29-id#1 ] - HttpServer.cpp:89
20260520 14:54:39.220733Z 2256496 INFO  HttpServer::onMessage - Request URL : /api/prometheus/query_range from TcpConnection[ fd#29-id#1 ] - HttpServer.cpp:89
20260520 14:54:39.221631Z 2256496 INFO  HttpServer::onMessage - Request URL : /api/db/ping from TcpConnection[ fd#31-id#3 ] - HttpServer.cpp:89
20260520 14:54:39.500024Z 2256496 INFO  HttpServer::onMessage - Request URL : /api/prometheus/query_range from TcpConnection[ fd#31-id#3 ] - HttpServer.cpp:89
20260520 14:54:39.530028Z 2256496 INFO  HttpServer::onMessage - Request URL : /api/prometheus/query_range from TcpConnection[ fd#31-id#3 ] - HttpServer.cpp:89
20260520 14:54:39.551025Z 2256496 INFO  HttpServer::onMessage - Request URL : /api/prometheus/query_range from TcpConnection[ fd#31-id#3 ] - HttpServer.cpp:89
20260520 14:54:39.571780Z 2256496 INFO  HttpServer::onMessage - Request URL : /api/prometheus/query_range from TcpConnection[ fd#31-id#3 ] - HttpServer.cpp:89
20260520 14:54:39.771025Z 2256149 INFO  TcpServer::HandleCloseInLoop - Remove connection [id#1-fd#29] - TcpServer.cpp:69
20260520 14:54:39.771219Z 2256149 INFO  TcpServer::HandleCloseInLoop - Remove connection [id#3-fd#31] - TcpServer.cpp:69
20260520 14:54:39.772208Z 2256149 INFO  TcpServer::HandleCloseInLoop - Remove connection [id#2-fd#30] - TcpServer.cpp:69
20260520 14:54:40.761911Z 2256149 INFO  HttpServer::OnNewConnection : Add connection [ fd#29-id#4 ] from 127.0.0.1:43914 - HttpServer.cpp:49
20260520 14:54:40.763355Z 2256498 INFO  HttpServer::onMessage - Request URL : /metrics from TcpConnection[ fd#29-id#4 ] - HttpServer.cpp:89
20260520 14:54:45.763765Z 2256498 INFO  HttpServer::onMessage - Request URL : /metrics from TcpConnection[ fd#29-id#4 ] - HttpServer.cpp:89
20260520 14:54:46.380365Z 2256534 INFO  MetricsDbWriter: table webserver_metrics ready - MetricsDbWriter.cpp:68
20260520 14:54:46.393194Z 2256534 INFO  MetricsDbWriter: inserted metrics row - MetricsDbWriter.cpp:93
20260520 14:54:50.770051Z 2256498 INFO  HttpServer::onMessage - Request URL : /metrics from TcpConnection[ fd#29-id#4 ] - HttpServer.cpp:89
20260520 14:54:55.762627Z 2256498 INFO  HttpServer::onMessage - Request URL : /metrics from TcpConnection[ fd#29-id#4 ] - HttpServer.cpp:89
20260520 14:54:56.327203Z 2256553 INFO  MetricsDbWriter: table webserver_metrics ready - MetricsDbWriter.cpp:68
20260520 14:54:56.340819Z 2256553 INFO  MetricsDbWriter: inserted metrics row - MetricsDbWriter.cpp:93
20260520 14:55:00.762883Z 2256498 INFO  HttpServer::onMessage - Request URL : /metrics from TcpConnection[ fd#29-id#4 ] - HttpServer.cpp:89
20260520 14:55:03.931711Z 2256149 INFO  HttpServer::OnNewConnection : Add connection [ fd#30-id#5 ] from 58.247.150.86:16370 - HttpServer.cpp:49
20260520 14:55:03.931899Z 2256496 INFO  HttpServer::onMessage - Request URL : /api/health from TcpConnection[ fd#30-id#5 ] - HttpServer.cpp:89
20260520 14:55:03.933196Z 2256149 INFO  HttpServer::OnNewConnection : Add connection [ fd#31-id#6 ] from 58.247.150.86:16369 - HttpServer.cpp:49
20260520 14:55:03.933658Z 2256498 INFO  HttpServer::onMessage - Request URL : /api/prometheus/query_range from TcpConnection[ fd#31-id#6 ] - HttpServer.cpp:89
20260520 14:55:03.935395Z 2256149 INFO  HttpServer::OnNewConnection : Add connection [ fd#33-id#7 ] from 58.247.150.86:16371 - HttpServer.cpp:49
20260520 14:55:03.935450Z 2256496 INFO  HttpServer::onMessage - Request URL : /api/stats from TcpConnection[ fd#33-id#7 ] - HttpServer.cpp:89
20260520 14:55:03.947667Z 2256496 INFO  HttpServer::onMessage - Request URL : /api/game/status from TcpConnection[ fd#30-id#5 ] - HttpServer.cpp:89
20260520 14:55:03.957924Z 2256496 INFO  HttpServer::onMessage - Request URL : /api/prometheus/query_range from TcpConnection[ fd#33-id#7 ] - HttpServer.cpp:89
20260520 14:55:03.962917Z 2256496 INFO  HttpServer::onMessage - Request URL : /api/redis/status from TcpConnection[ fd#30-id#5 ] - HttpServer.cpp:89
20260520 14:55:04.247246Z 2256496 INFO  HttpServer::onMessage - Request URL : /api/prometheus/query_range from TcpConnection[ fd#30-id#5 ] - HttpServer.cpp:89
20260520 14:55:04.249649Z 2256496 INFO  HttpServer::onMessage - Request URL : /api/db/ping from TcpConnection[ fd#33-id#7 ] - HttpServer.cpp:89
20260520 14:55:04.266678Z 2256496 INFO  HttpServer::onMessage - Request URL : /api/prometheus/query_range from TcpConnection[ fd#33-id#7 ] - HttpServer.cpp:89
20260520 14:55:04.287170Z 2256496 INFO  HttpServer::onMessage - Request URL : /api/prometheus/query_range from TcpConnection[ fd#33-id#7 ] - HttpServer.cpp:89
20260520 14:55:04.572655Z 2256496 INFO  HttpServer::onMessage - Request URL : /api/prometheus/query_range from TcpConnection[ fd#33-id#7 ] - HttpServer.cpp:89
20260520 14:55:04.594562Z 2256496 INFO  HttpServer::onMessage - Request URL : /api/prometheus/query_range from TcpConnection[ fd#33-id#7 ] - HttpServer.cpp:89
20260520 14:55:05.760204Z 2256498 INFO  HttpServer::onMessage - Request URL : /metrics from TcpConnection[ fd#29-id#4 ] - HttpServer.cpp:89
20260520 14:55:06.323741Z 2256573 INFO  MetricsDbWriter: table webserver_metrics ready - MetricsDbWriter.cpp:68
20260520 14:55:06.334382Z 2256573 INFO  MetricsDbWriter: inserted metrics row - MetricsDbWriter.cpp:93
20260520 14:55:10.761238Z 2256498 INFO  HttpServer::onMessage - Request URL : /metrics from TcpConnection[ fd#29-id#4 ] - HttpServer.cpp:89
20260520 14:55:15.763922Z 2256498 INFO  HttpServer::onMessage - Request URL : /metrics from TcpConnection[ fd#29-id#4 ] - HttpServer.cpp:89
20260520 14:55:16.325286Z 2256594 INFO  MetricsDbWriter: table webserver_metrics ready - MetricsDbWriter.cpp:68
20260520 14:55:16.335581Z 2256594 INFO  MetricsDbWriter: inserted metrics row - MetricsDbWriter.cpp:93
20260520 14:55:20.762069Z 2256498 INFO  HttpServer::onMessage - Request URL : /metrics from TcpConnection[ fd#29-id#4 ] - HttpServer.cpp:89
20260520 14:55:25.762682Z 2256498 INFO  HttpServer::onMessage - Request URL : /metrics from TcpConnection[ fd#29-id#4 ] - HttpServer.cpp:89
20260520 14:55:26.325572Z 2256612 INFO  MetricsDbWriter: table webserver_metrics ready - MetricsDbWriter.cpp:68
20260520 14:55:26.334806Z 2256612 INFO  MetricsDbWriter: inserted metrics row - MetricsDbWriter.cpp:93
20260520 14:55:30.760471Z 2256498 INFO  HttpServer::onMessage - Request URL : /metrics from TcpConnection[ fd#29-id#4 ] - HttpServer.cpp:89
20260520 14:55:33.984914Z 2256496 INFO  HttpServer::onMessage - Request URL : /api/prometheus/query_range from TcpConnection[ fd#30-id#5 ] - HttpServer.cpp:89
20260520 14:55:33.986077Z 2256496 INFO  HttpServer::onMessage - Request URL : /api/health from TcpConnection[ fd#33-id#7 ] - HttpServer.cpp:89
20260520 14:55:33.986119Z 2256498 INFO  HttpServer::onMessage - Request URL : /api/stats from TcpConnection[ fd#31-id#6 ] - HttpServer.cpp:89
20260520 14:55:34.021408Z 2256496 INFO  HttpServer::onMessage - Request URL : /api/prometheus/query_range from TcpConnection[ fd#33-id#7 ] - HttpServer.cpp:89
20260520 14:55:34.291469Z 2256496 INFO  HttpServer::onMessage - Request URL : /api/game/status from TcpConnection[ fd#30-id#5 ] - HttpServer.cpp:89
20260520 14:55:34.300698Z 2256496 INFO  HttpServer::onMessage - Request URL : /api/prometheus/query_range from TcpConnection[ fd#33-id#7 ] - HttpServer.cpp:89
20260520 14:55:34.305388Z 2256496 INFO  HttpServer::onMessage - Request URL : /api/redis/status from TcpConnection[ fd#30-id#5 ] - HttpServer.cpp:89
20260520 14:55:34.322941Z 2256496 INFO  HttpServer::onMessage - Request URL : /api/prometheus/query_range from TcpConnection[ fd#30-id#5 ] - HttpServer.cpp:89
20260520 14:55:34.324863Z 2256496 INFO  HttpServer::onMessage - Request URL : /api/db/ping from TcpConnection[ fd#33-id#7 ] - HttpServer.cpp:89
20260520 14:55:34.341927Z 2256496 INFO  HttpServer::onMessage - Request URL : /api/prometheus/query_range from TcpConnection[ fd#33-id#7 ] - HttpServer.cpp:89
20260520 14:55:34.644916Z 2256496 INFO  HttpServer::onMessage - Request URL : /api/prometheus/query_range from TcpConnection[ fd#33-id#7 ] - HttpServer.cpp:89
20260520 14:55:34.667921Z 2256496 INFO  HttpServer::onMessage - Request URL : /api/prometheus/query_range from TcpConnection[ fd#33-id#7 ] - HttpServer.cpp:89
20260520 14:55:35.760613Z 2256498 INFO  HttpServer::onMessage - Request URL : /metrics from TcpConnection[ fd#29-id#4 ] - HttpServer.cpp:89
20260520 14:55:36.324014Z 2256634 INFO  MetricsDbWriter: table webserver_metrics ready - MetricsDbWriter.cpp:68
20260520 14:55:36.336330Z 2256634 INFO  MetricsDbWriter: inserted metrics row - MetricsDbWriter.cpp:93
20260520 14:55:40.762301Z 2256498 INFO  HttpServer::onMessage - Request URL : /metrics from TcpConnection[ fd#29-id#4 ] - HttpServer.cpp:89
20260520 14:55:45.763105Z 2256498 INFO  HttpServer::onMessage - Request URL : /metrics from TcpConnection[ fd#29-id#4 ] - HttpServer.cpp:89
20260520 14:55:46.324738Z 2256695 INFO  MetricsDbWriter: table webserver_metrics ready - MetricsDbWriter.cpp:68
20260520 14:55:46.334678Z 2256695 INFO  MetricsDbWriter: inserted metrics row - MetricsDbWriter.cpp:93
20260520 14:55:50.763161Z 2256498 INFO  HttpServer::onMessage - Request URL : /metrics from TcpConnection[ fd#29-id#4 ] - HttpServer.cpp:89
20260520 14:55:55.762348Z 2256498 INFO  HttpServer::onMessage - Request URL : /metrics from TcpConnection[ fd#29-id#4 ] - HttpServer.cpp:89
20260520 14:55:56.324375Z 2256748 INFO  MetricsDbWriter: table webserver_metrics ready - MetricsDbWriter.cpp:68
20260520 14:55:56.332773Z 2256748 INFO  MetricsDbWriter: inserted metrics row - MetricsDbWriter.cpp:93
20260520 14:56:00.761265Z 2256498 INFO  HttpServer::onMessage - Request URL : /metrics from TcpConnection[ fd#29-id#4 ] - HttpServer.cpp:89
20260520 14:56:04.389084Z 2256496 INFO  HttpServer::onMessage - Request URL : /api/prometheus/query_range from TcpConnection[ fd#30-id#5 ] - HttpServer.cpp:89
20260520 14:56:04.390165Z 2256496 INFO  HttpServer::onMessage - Request URL : /api/health from TcpConnection[ fd#33-id#7 ] - HttpServer.cpp:89
20260520 14:56:04.390259Z 2256498 INFO  HttpServer::onMessage - Request URL : /api/stats from TcpConnection[ fd#31-id#6 ] - HttpServer.cpp:89
20260520 14:56:04.418592Z 2256496 INFO  HttpServer::onMessage - Request URL : /api/prometheus/query_range from TcpConnection[ fd#33-id#7 ] - HttpServer.cpp:89
20260520 14:56:04.428510Z 2256498 INFO  HttpServer::onMessage - Request URL : /api/game/status from TcpConnection[ fd#31-id#6 ] - HttpServer.cpp:89
20260520 14:56:04.442269Z 2256496 INFO  HttpServer::onMessage - Request URL : /api/prometheus/query_range from TcpConnection[ fd#33-id#7 ] - HttpServer.cpp:89
20260520 14:56:04.442761Z 2256498 INFO  HttpServer::onMessage - Request URL : /api/redis/status from TcpConnection[ fd#31-id#6 ] - HttpServer.cpp:89
20260520 14:56:04.720799Z 2256496 INFO  HttpServer::onMessage - Request URL : /api/db/ping from TcpConnection[ fd#33-id#7 ] - HttpServer.cpp:89
20260520 14:56:04.722016Z 2256498 INFO  HttpServer::onMessage - Request URL : /api/prometheus/query_range from TcpConnection[ fd#31-id#6 ] - HttpServer.cpp:89
20260520 14:56:04.742759Z 2256496 INFO  HttpServer::onMessage - Request URL : /api/prometheus/query_range from TcpConnection[ fd#33-id#7 ] - HttpServer.cpp:89
20260520 14:56:04.766017Z 2256496 INFO  HttpServer::onMessage - Request URL : /api/prometheus/query_range from TcpConnection[ fd#33-id#7 ] - HttpServer.cpp:89
20260520 14:56:05.041777Z 2256496 INFO  HttpServer::onMessage - Request URL : /api/prometheus/query_range from TcpConnection[ fd#33-id#7 ] - HttpServer.cpp:89
20260520 14:56:05.760284Z 2256498 INFO  HttpServer::onMessage - Request URL : /metrics from TcpConnection[ fd#29-id#4 ] - HttpServer.cpp:89
20260520 14:56:06.325474Z 2256793 INFO  MetricsDbWriter: table webserver_metrics ready - MetricsDbWriter.cpp:68
20260520 14:56:06.335746Z 2256793 INFO  MetricsDbWriter: inserted metrics row - MetricsDbWriter.cpp:93
20260520 14:56:10.763742Z 2256498 INFO  HttpServer::onMessage - Request URL : /metrics from TcpConnection[ fd#29-id#4 ] - HttpServer.cpp:89
20260520 14:56:15.762722Z 2256498 INFO  HttpServer::onMessage - Request URL : /metrics from TcpConnection[ fd#29-id#4 ] - HttpServer.cpp:89
20260520 14:56:16.325513Z 2256868 INFO  MetricsDbWriter: table webserver_metrics ready - MetricsDbWriter.cpp:68
20260520 14:56:16.334137Z 2256868 INFO  MetricsDbWriter: inserted metrics row - MetricsDbWriter.cpp:93
20260520 14:56:20.763641Z 2256498 INFO  HttpServer::onMessage - Request URL : /metrics from TcpConnection[ fd#29-id#4 ] - HttpServer.cpp:89
20260520 14:56:25.760335Z 2256498 INFO  HttpServer::onMessage - Request URL : /metrics from TcpConnection[ fd#29-id#4 ] - HttpServer.cpp:89
20260520 14:56:26.324592Z 2256963 INFO  MetricsDbWriter: table webserver_metrics ready - MetricsDbWriter.cpp:68
20260520 14:56:26.331706Z 2256963 INFO  MetricsDbWriter: inserted metrics row - MetricsDbWriter.cpp:93
20260520 14:56:30.761165Z 2256498 INFO  HttpServer::onMessage - Request URL : /metrics from TcpConnection[ fd#29-id#4 ] - HttpServer.cpp:89
20260520 14:56:35.762469Z 2256498 INFO  HttpServer::onMessage - Request URL : /metrics from TcpConnection[ fd#29-id#4 ] - HttpServer.cpp:89
20260520 14:56:36.324688Z 2256980 INFO  MetricsDbWriter: table webserver_metrics ready - MetricsDbWriter.cpp:68
20260520 14:56:36.331477Z 2256980 INFO  MetricsDbWriter: inserted metrics row - MetricsDbWriter.cpp:93
20260520 14:56:39.254753Z 2256496 INFO  HttpServer::onMessage - Request URL : /api/health from TcpConnection[ fd#33-id#7 ] - HttpServer.cpp:89
20260520 14:56:39.265198Z 2256496 INFO  HttpServer::onMessage - Request URL : /api/stats from TcpConnection[ fd#30-id#5 ] - HttpServer.cpp:89
20260520 14:56:39.265695Z 2256498 INFO  HttpServer::onMessage - Request URL : /api/prometheus/query_range from TcpConnection[ fd#31-id#6 ] - HttpServer.cpp:89
20260520 14:56:39.278400Z 2256496 INFO  HttpServer::onMessage - Request URL : /api/game/status from TcpConnection[ fd#33-id#7 ] - HttpServer.cpp:89
20260520 14:56:39.299253Z 2256496 INFO  HttpServer::onMessage - Request URL : /api/prometheus/query_range from TcpConnection[ fd#33-id#7 ] - HttpServer.cpp:89
20260520 14:56:39.300942Z 2256498 INFO  HttpServer::onMessage - Request URL : /api/redis/status from TcpConnection[ fd#31-id#6 ] - HttpServer.cpp:89
20260520 14:56:39.315439Z 2256498 INFO  HttpServer::onMessage - Request URL : /api/db/ping from TcpConnection[ fd#31-id#6 ] - HttpServer.cpp:89
20260520 14:56:39.324497Z 2256496 INFO  HttpServer::onMessage - Request URL : /api/prometheus/query_range from TcpConnection[ fd#33-id#7 ] - HttpServer.cpp:89
20260520 14:56:39.345206Z 2256496 INFO  HttpServer::onMessage - Request URL : /api/prometheus/query_range from TcpConnection[ fd#33-id#7 ] - HttpServer.cpp:89
20260520 14:56:39.365221Z 2256496 INFO  HttpServer::onMessage - Request URL : /api/prometheus/query_range from TcpConnection[ fd#33-id#7 ] - HttpServer.cpp:89
20260520 14:56:39.388928Z 2256496 INFO  HttpServer::onMessage - Request URL : /api/prometheus/query_range from TcpConnection[ fd#33-id#7 ] - HttpServer.cpp:89
20260520 14:56:39.409172Z 2256496 INFO  HttpServer::onMessage - Request URL : /api/prometheus/query_range from TcpConnection[ fd#33-id#7 ] - HttpServer.cpp:89
20260520 14:56:40.111572Z 2256149 INFO  TcpServer::HandleCloseInLoop - Remove connection [id#5-fd#30] - TcpServer.cpp:69
20260520 14:56:40.114426Z 2256149 INFO  TcpServer::HandleCloseInLoop - Remove connection [id#7-fd#33] - TcpServer.cpp:69
20260520 14:56:40.114696Z 2256149 INFO  TcpServer::HandleCloseInLoop - Remove connection [id#6-fd#31] - TcpServer.cpp:69
20260520 14:56:40.760198Z 2256498 INFO  HttpServer::onMessage - Request URL : /metrics from TcpConnection[ fd#29-id#4 ] - HttpServer.cpp:89
20260520 14:56:45.764525Z 2256498 INFO  HttpServer::onMessage - Request URL : /metrics from TcpConnection[ fd#29-id#4 ] - HttpServer.cpp:89
20260520 14:56:46.325688Z 2257000 INFO  MetricsDbWriter: table webserver_metrics ready - MetricsDbWriter.cpp:68
20260520 14:56:46.335214Z 2257000 INFO  MetricsDbWriter: inserted metrics row - MetricsDbWriter.cpp:93
20260520 14:56:50.760657Z 2256498 INFO  HttpServer::onMessage - Request URL : /metrics from TcpConnection[ fd#29-id#4 ] - HttpServer.cpp:89
20260520 14:56:55.760270Z 2256498 INFO  HttpServer::onMessage - Request URL : /metrics from TcpConnection[ fd#29-id#4 ] - HttpServer.cpp:89
20260520 14:56:56.324892Z 2257020 INFO  MetricsDbWriter: table webserver_metrics ready - MetricsDbWriter.cpp:68
20260520 14:56:56.331655Z 2257020 INFO  MetricsDbWriter: inserted metrics row - MetricsDbWriter.cpp:93
20260520 14:57:00.762165Z 2256498 INFO  HttpServer::onMessage - Request URL : /metrics from TcpConnection[ fd#29-id#4 ] - HttpServer.cpp:89
20260520 14:57:05.760155Z 2256498 INFO  HttpServer::onMessage - Request URL : /metrics from TcpConnection[ fd#29-id#4 ] - HttpServer.cpp:89
20260520 14:57:06.325356Z 2257040 INFO  MetricsDbWriter: table webserver_metrics ready - MetricsDbWriter.cpp:68
20260520 14:57:06.333803Z 2257040 INFO  MetricsDbWriter: inserted metrics row - MetricsDbWriter.cpp:93
20260520 14:57:10.762476Z 2256498 INFO  HttpServer::onMessage - Request URL : /metrics from TcpConnection[ fd#29-id#4 ] - HttpServer.cpp:89
20260520 14:57:15.762237Z 2256498 INFO  HttpServer::onMessage - Request URL : /metrics from TcpConnection[ fd#29-id#4 ] - HttpServer.cpp:89
20260520 14:57:16.326701Z 2257058 INFO  MetricsDbWriter: table webserver_metrics ready - MetricsDbWriter.cpp:68
20260520 14:57:16.334639Z 2257058 INFO  MetricsDbWriter: inserted metrics row - MetricsDbWriter.cpp:93
20260520 14:57:20.763278Z 2256498 INFO  HttpServer::onMessage - Request URL : /metrics from TcpConnection[ fd#29-id#4 ] - HttpServer.cpp:89
20260520 14:57:25.763678Z 2256498 INFO  HttpServer::onMessage - Request URL : /metrics from TcpConnection[ fd#29-id#4 ] - HttpServer.cpp:89
20260520 14:57:26.325942Z 2257077 INFO  MetricsDbWriter: table webserver_metrics ready - MetricsDbWriter.cpp:68
20260520 14:57:26.332078Z 2257077 INFO  MetricsDbWriter: inserted metrics row - MetricsDbWriter.cpp:93
20260520 14:57:30.763760Z 2256498 INFO  HttpServer::onMessage - Request URL : /metrics from TcpConnection[ fd#29-id#4 ] - HttpServer.cpp:89
20260520 14:57:35.761029Z 2256498 INFO  HttpServer::onMessage - Request URL : /metrics from TcpConnection[ fd#29-id#4 ] - HttpServer.cpp:89
20260520 14:57:36.326506Z 2257173 INFO  MetricsDbWriter: table webserver_metrics ready - MetricsDbWriter.cpp:68
20260520 14:57:36.333109Z 2257173 INFO  MetricsDbWriter: inserted metrics row - MetricsDbWriter.cpp:93
20260520 14:57:39.272468Z 2256149 INFO  HttpServer::OnNewConnection : Add connection [ fd#30-id#8 ] from 58.247.150.86:16533 - HttpServer.cpp:49
20260520 14:57:39.276698Z 2256498 INFO  HttpServer::onMessage - Request URL : /api/health from TcpConnection[ fd#30-id#8 ] - HttpServer.cpp:89
20260520 14:57:39.277623Z 2256149 INFO  HttpServer::OnNewConnection : Add connection [ fd#31-id#9 ] from 58.247.150.86:16534 - HttpServer.cpp:49
20260520 14:57:39.277932Z 2256496 INFO  HttpServer::onMessage - Request URL : /api/prometheus/query_range from TcpConnection[ fd#31-id#9 ] - HttpServer.cpp:89
20260520 14:57:39.278423Z 2256149 INFO  HttpServer::OnNewConnection : Add connection [ fd#33-id#10 ] from 58.247.150.86:16532 - HttpServer.cpp:49
20260520 14:57:39.278688Z 2256498 INFO  HttpServer::onMessage - Request URL : /api/stats from TcpConnection[ fd#33-id#10 ] - HttpServer.cpp:89
20260520 14:57:39.293614Z 2256498 INFO  HttpServer::onMessage - Request URL : /api/game/status from TcpConnection[ fd#30-id#8 ] - HttpServer.cpp:89
20260520 14:57:39.299134Z 2256498 INFO  HttpServer::onMessage - Request URL : /api/prometheus/query_range from TcpConnection[ fd#33-id#10 ] - HttpServer.cpp:89
20260520 14:57:39.309616Z 2256498 INFO  HttpServer::onMessage - Request URL : /api/redis/status from TcpConnection[ fd#30-id#8 ] - HttpServer.cpp:89
20260520 14:57:39.321864Z 2256498 INFO  HttpServer::onMessage - Request URL : /api/db/ping from TcpConnection[ fd#30-id#8 ] - HttpServer.cpp:89
20260520 14:57:39.323627Z 2256498 INFO  HttpServer::onMessage - Request URL : /api/prometheus/query_range from TcpConnection[ fd#33-id#10 ] - HttpServer.cpp:89
20260520 14:57:39.345907Z 2256498 INFO  HttpServer::onMessage - Request URL : /api/prometheus/query_range from TcpConnection[ fd#33-id#10 ] - HttpServer.cpp:89
20260520 14:57:39.368193Z 2256498 INFO  HttpServer::onMessage - Request URL : /api/prometheus/query_range from TcpConnection[ fd#33-id#10 ] - HttpServer.cpp:89
20260520 14:57:39.392951Z 2256498 INFO  HttpServer::onMessage - Request URL : /api/prometheus/query_range from TcpConnection[ fd#33-id#10 ] - HttpServer.cpp:89
20260520 14:57:39.413713Z 2256498 INFO  HttpServer::onMessage - Request URL : /api/prometheus/query_range from TcpConnection[ fd#33-id#10 ] - HttpServer.cpp:89
20260520 14:57:40.761181Z 2256498 INFO  HttpServer::onMessage - Request URL : /metrics from TcpConnection[ fd#29-id#4 ] - HttpServer.cpp:89
20260520 14:57:45.762386Z 2256498 INFO  HttpServer::onMessage - Request URL : /metrics from TcpConnection[ fd#29-id#4 ] - HttpServer.cpp:89
20260520 14:57:46.326133Z 2257194 INFO  MetricsDbWriter: table webserver_metrics ready - MetricsDbWriter.cpp:68
20260520 14:57:46.332820Z 2257194 INFO  MetricsDbWriter: inserted metrics row - MetricsDbWriter.cpp:93
20260520 14:57:50.761864Z 2256498 INFO  HttpServer::onMessage - Request URL : /metrics from TcpConnection[ fd#29-id#4 ] - HttpServer.cpp:89
20260520 14:57:55.762680Z 2256498 INFO  HttpServer::onMessage - Request URL : /metrics from TcpConnection[ fd#29-id#4 ] - HttpServer.cpp:89
20260520 14:57:56.325947Z 2257286 INFO  MetricsDbWriter: table webserver_metrics ready - MetricsDbWriter.cpp:68
20260520 14:57:56.332484Z 2257286 INFO  MetricsDbWriter: inserted metrics row - MetricsDbWriter.cpp:93
20260520 14:58:00.762929Z 2256498 INFO  HttpServer::onMessage - Request URL : /metrics from TcpConnection[ fd#29-id#4 ] - HttpServer.cpp:89
20260520 14:58:05.761122Z 2256498 INFO  HttpServer::onMessage - Request URL : /metrics from TcpConnection[ fd#29-id#4 ] - HttpServer.cpp:89
20260520 14:58:06.326769Z 2257306 INFO  MetricsDbWriter: table webserver_metrics ready - MetricsDbWriter.cpp:68
20260520 14:58:06.335344Z 2257306 INFO  MetricsDbWriter: inserted metrics row - MetricsDbWriter.cpp:93
20260520 14:58:10.762124Z 2256498 INFO  HttpServer::onMessage - Request URL : /metrics from TcpConnection[ fd#29-id#4 ] - HttpServer.cpp:89
20260520 14:58:15.763297Z 2256498 INFO  HttpServer::onMessage - Request URL : /metrics from TcpConnection[ fd#29-id#4 ] - HttpServer.cpp:89
20260520 14:58:16.325797Z 2257403 INFO  MetricsDbWriter: table webserver_metrics ready - MetricsDbWriter.cpp:68
20260520 14:58:16.332277Z 2257403 INFO  MetricsDbWriter: inserted metrics row - MetricsDbWriter.cpp:93
20260520 14:58:20.762798Z 2256498 INFO  HttpServer::onMessage - Request URL : /metrics from TcpConnection[ fd#29-id#4 ] - HttpServer.cpp:89
20260520 14:58:25.762320Z 2256498 INFO  HttpServer::onMessage - Request URL : /metrics from TcpConnection[ fd#29-id#4 ] - HttpServer.cpp:89
20260520 14:58:26.326057Z 2257424 INFO  MetricsDbWriter: table webserver_metrics ready - MetricsDbWriter.cpp:68
20260520 14:58:26.332331Z 2257424 INFO  MetricsDbWriter: inserted metrics row - MetricsDbWriter.cpp:93
20260520 14:58:30.763314Z 2256498 INFO  HttpServer::onMessage - Request URL : /metrics from TcpConnection[ fd#29-id#4 ] - HttpServer.cpp:89
20260520 14:58:35.760992Z 2256498 INFO  HttpServer::onMessage - Request URL : /metrics from TcpConnection[ fd#29-id#4 ] - HttpServer.cpp:89
20260520 14:58:36.327021Z 2257441 INFO  MetricsDbWriter: table webserver_metrics ready - MetricsDbWriter.cpp:68
20260520 14:58:36.333555Z 2257441 INFO  MetricsDbWriter: inserted metrics row - MetricsDbWriter.cpp:93
20260520 14:58:39.260124Z 2256498 INFO  HttpServer::onMessage - Request URL : /api/prometheus/query_range from TcpConnection[ fd#30-id#8 ] - HttpServer.cpp:89
20260520 14:58:39.261545Z 2256496 INFO  HttpServer::onMessage - Request URL : /api/stats from TcpConnection[ fd#31-id#9 ] - HttpServer.cpp:89
20260520 14:58:39.268714Z 2256498 INFO  HttpServer::onMessage - Request URL : /api/health from TcpConnection[ fd#33-id#10 ] - HttpServer.cpp:89
20260520 14:58:39.311049Z 2256498 INFO  HttpServer::onMessage - Request URL : /api/game/status from TcpConnection[ fd#30-id#8 ] - HttpServer.cpp:89
20260520 14:58:39.316813Z 2256498 INFO  HttpServer::onMessage - Request URL : /api/prometheus/query_range from TcpConnection[ fd#33-id#10 ] - HttpServer.cpp:89
20260520 14:58:39.323500Z 2256498 INFO  HttpServer::onMessage - Request URL : /api/redis/status from TcpConnection[ fd#30-id#8 ] - HttpServer.cpp:89
20260520 14:58:39.335502Z 2256498 INFO  HttpServer::onMessage - Request URL : /api/prometheus/query_range from TcpConnection[ fd#30-id#8 ] - HttpServer.cpp:89
20260520 14:58:39.338031Z 2256498 INFO  HttpServer::onMessage - Request URL : /api/db/ping from TcpConnection[ fd#33-id#10 ] - HttpServer.cpp:89
20260520 14:58:39.355786Z 2256498 INFO  HttpServer::onMessage - Request URL : /api/prometheus/query_range from TcpConnection[ fd#33-id#10 ] - HttpServer.cpp:89
20260520 14:58:39.374504Z 2256498 INFO  HttpServer::onMessage - Request URL : /api/prometheus/query_range from TcpConnection[ fd#33-id#10 ] - HttpServer.cpp:89
20260520 14:58:39.393761Z 2256498 INFO  HttpServer::onMessage - Request URL : /api/prometheus/query_range from TcpConnection[ fd#33-id#10 ] - HttpServer.cpp:89
20260520 14:58:39.413759Z 2256498 INFO  HttpServer::onMessage - Request URL : /api/prometheus/query_range from TcpConnection[ fd#33-id#10 ] - HttpServer.cpp:89
20260520 14:58:40.555082Z 2256149 INFO  TcpServer::HandleCloseInLoop - Remove connection [id#8-fd#30] - TcpServer.cpp:69
20260520 14:58:40.555955Z 2256149 INFO  TcpServer::HandleCloseInLoop - Remove connection [id#9-fd#31] - TcpServer.cpp:69
20260520 14:58:40.557758Z 2256149 INFO  TcpServer::HandleCloseInLoop - Remove connection [id#10-fd#33] - TcpServer.cpp:69
20260520 14:58:40.760150Z 2256498 INFO  HttpServer::onMessage - Request URL : /metrics from TcpConnection[ fd#29-id#4 ] - HttpServer.cpp:89
20260520 14:58:45.761561Z 2256498 INFO  HttpServer::onMessage - Request URL : /metrics from TcpConnection[ fd#29-id#4 ] - HttpServer.cpp:89
20260520 14:58:46.326935Z 2257461 INFO  MetricsDbWriter: table webserver_metrics ready - MetricsDbWriter.cpp:68
20260520 14:58:46.334901Z 2257461 INFO  MetricsDbWriter: inserted metrics row - MetricsDbWriter.cpp:93
20260520 14:58:50.763746Z 2256498 INFO  HttpServer::onMessage - Request URL : /metrics from TcpConnection[ fd#29-id#4 ] - HttpServer.cpp:89
20260520 14:58:55.763246Z 2256498 INFO  HttpServer::onMessage - Request URL : /metrics from TcpConnection[ fd#29-id#4 ] - HttpServer.cpp:89
20260520 14:58:56.327276Z 2257521 INFO  MetricsDbWriter: table webserver_metrics ready - MetricsDbWriter.cpp:68
20260520 14:58:56.334717Z 2257521 INFO  MetricsDbWriter: inserted metrics row - MetricsDbWriter.cpp:93
20260520 14:59:00.763334Z 2256498 INFO  HttpServer::onMessage - Request URL : /metrics from TcpConnection[ fd#29-id#4 ] - HttpServer.cpp:89
20260520 14:59:05.762096Z 2256498 INFO  HttpServer::onMessage - Request URL : /metrics from TcpConnection[ fd#29-id#4 ] - HttpServer.cpp:89
20260520 14:59:06.327210Z 2257576 INFO  MetricsDbWriter: table webserver_metrics ready - MetricsDbWriter.cpp:68
20260520 14:59:06.334485Z 2257576 INFO  MetricsDbWriter: inserted metrics row - MetricsDbWriter.cpp:93
20260520 14:59:10.761579Z 2256498 INFO  HttpServer::onMessage - Request URL : /metrics from TcpConnection[ fd#29-id#4 ] - HttpServer.cpp:89
20260520 14:59:15.761869Z 2256498 INFO  HttpServer::onMessage - Request URL : /metrics from TcpConnection[ fd#29-id#4 ] - HttpServer.cpp:89
20260520 14:59:16.328851Z 2257595 INFO  MetricsDbWriter: table webserver_metrics ready - MetricsDbWriter.cpp:68
20260520 14:59:16.335766Z 2257595 INFO  MetricsDbWriter: inserted metrics row - MetricsDbWriter.cpp:93
20260520 14:59:20.763244Z 2256498 INFO  HttpServer::onMessage - Request URL : /metrics from TcpConnection[ fd#29-id#4 ] - HttpServer.cpp:89
20260520 14:59:25.763269Z 2256498 INFO  HttpServer::onMessage - Request URL : /metrics from TcpConnection[ fd#29-id#4 ] - HttpServer.cpp:89
20260520 14:59:26.327373Z 2257639 INFO  MetricsDbWriter: table webserver_metrics ready - MetricsDbWriter.cpp:68
20260520 14:59:26.334240Z 2257639 INFO  MetricsDbWriter: inserted metrics row - MetricsDbWriter.cpp:93
20260520 14:59:30.763254Z 2256498 INFO  HttpServer::onMessage - Request URL : /metrics from TcpConnection[ fd#29-id#4 ] - HttpServer.cpp:89
20260520 14:59:35.761285Z 2256498 INFO  HttpServer::onMessage - Request URL : /metrics from TcpConnection[ fd#29-id#4 ] - HttpServer.cpp:89
20260520 14:59:36.327708Z 2257710 INFO  MetricsDbWriter: table webserver_metrics ready - MetricsDbWriter.cpp:68
20260520 14:59:36.335019Z 2257710 INFO  MetricsDbWriter: inserted metrics row - MetricsDbWriter.cpp:93
20260520 14:59:39.270082Z 2256149 INFO  HttpServer::OnNewConnection : Add connection [ fd#30-id#11 ] from 58.247.150.86:16635 - HttpServer.cpp:49
20260520 14:59:39.270216Z 2256149 INFO  HttpServer::OnNewConnection : Add connection [ fd#31-id#12 ] from 58.247.150.86:16634 - HttpServer.cpp:49
20260520 14:59:39.270602Z 2256149 INFO  HttpServer::OnNewConnection : Add connection [ fd#32-id#13 ] from 58.247.150.86:16633 - HttpServer.cpp:49
20260520 14:59:39.272024Z 2256498 INFO  HttpServer::onMessage - Request URL : /api/prometheus/query_range from TcpConnection[ fd#31-id#12 ] - HttpServer.cpp:89
20260520 14:59:39.272038Z 2256496 INFO  HttpServer::onMessage - Request URL : /api/stats from TcpConnection[ fd#30-id#11 ] - HttpServer.cpp:89
20260520 14:59:39.272714Z 2256496 INFO  HttpServer::onMessage - Request URL : /api/health from TcpConnection[ fd#32-id#13 ] - HttpServer.cpp:89
20260520 14:59:39.291248Z 2256498 INFO  HttpServer::onMessage - Request URL : /api/game/status from TcpConnection[ fd#31-id#12 ] - HttpServer.cpp:89
20260520 14:59:39.311272Z 2256496 INFO  HttpServer::onMessage - Request URL : /api/redis/status from TcpConnection[ fd#30-id#11 ] - HttpServer.cpp:89
20260520 14:59:39.311475Z 2256498 INFO  HttpServer::onMessage - Request URL : /api/prometheus/query_range from TcpConnection[ fd#31-id#12 ] - HttpServer.cpp:89
20260520 14:59:39.330797Z 2256498 INFO  HttpServer::onMessage - Request URL : /api/db/ping from TcpConnection[ fd#31-id#12 ] - HttpServer.cpp:89
20260520 14:59:39.330810Z 2256496 INFO  HttpServer::onMessage - Request URL : /api/prometheus/query_range from TcpConnection[ fd#30-id#11 ] - HttpServer.cpp:89
20260520 14:59:39.354253Z 2256496 INFO  HttpServer::onMessage - Request URL : /api/prometheus/query_range from TcpConnection[ fd#30-id#11 ] - HttpServer.cpp:89
20260520 14:59:39.374475Z 2256496 INFO  HttpServer::onMessage - Request URL : /api/prometheus/query_range from TcpConnection[ fd#30-id#11 ] - HttpServer.cpp:89
20260520 14:59:39.393211Z 2256496 INFO  HttpServer::onMessage - Request URL : /api/prometheus/query_range from TcpConnection[ fd#30-id#11 ] - HttpServer.cpp:89
20260520 14:59:39.413217Z 2256496 INFO  HttpServer::onMessage - Request URL : /api/prometheus/query_range from TcpConnection[ fd#30-id#11 ] - HttpServer.cpp:89
20260520 14:59:40.760224Z 2256498 INFO  HttpServer::onMessage - Request URL : /metrics from TcpConnection[ fd#29-id#4 ] - HttpServer.cpp:89
20260520 14:59:45.762728Z 2256498 INFO  HttpServer::onMessage - Request URL : /metrics from TcpConnection[ fd#29-id#4 ] - HttpServer.cpp:89
20260520 14:59:46.328366Z 2257730 INFO  MetricsDbWriter: table webserver_metrics ready - MetricsDbWriter.cpp:68
20260520 14:59:46.335625Z 2257730 INFO  MetricsDbWriter: inserted metrics row - MetricsDbWriter.cpp:93
20260520 14:59:50.760260Z 2256498 INFO  HttpServer::onMessage - Request URL : /metrics from TcpConnection[ fd#29-id#4 ] - HttpServer.cpp:89
20260520 14:59:55.762981Z 2256498 INFO  HttpServer::onMessage - Request URL : /metrics from TcpConnection[ fd#29-id#4 ] - HttpServer.cpp:89
20260520 14:59:56.327527Z 2257746 INFO  MetricsDbWriter: table webserver_metrics ready - MetricsDbWriter.cpp:68
20260520 14:59:56.334801Z 2257746 INFO  MetricsDbWriter: inserted metrics row - MetricsDbWriter.cpp:93
20260520 15:09:06.514252Z 2260130 INFO  mysql pool config loaded from /root/projects/CppWebServer/config/mysql.cnf initSize=3 maxSize=32 - ConnectionPool.cpp:67
20260520 15:09:06.720332Z 2260130 INFO  MetricsDbWriter: flush to MySQL every 10s - MetricsDbWriter.cpp:33
20260520 15:09:06.733048Z 2260130 INFO  SessionStore: Redis ok 127.0.0.1:6379 default_ttl_sec=7200 - SessionStore.cpp:103
20260520 15:09:06.733145Z 2260130 INFO  Game protobuf TCP 8081 (HTTP 8080) - http_server.cpp:562
20260520 15:09:06.733266Z 2260130 INFO  HttpServer Listening on [ 0.0.0.0:8080 ] - HttpServer.cpp:35
20260520 15:09:06.733276Z 2260134 INFO  GameTcpGateway listening on 0.0.0.0:8081 (length-prefix + protobuf) - GameTcpGateway.cpp:47
20260520 15:09:06.807915Z 2260138 INFO  MetricsDbWriter: table webserver_metrics ready - MetricsDbWriter.cpp:70
20260520 15:09:06.858585Z 2260138 INFO  MetricsDbWriter: inserted metrics row ts=1779260946 - MetricsDbWriter.cpp:96
20260520 15:09:10.763171Z 2260130 INFO  HttpServer::OnNewConnection : Add connection [ fd#41-id#1 ] from 127.0.0.1:33860 - HttpServer.cpp:49
20260520 15:09:10.770161Z 2260135 INFO  HttpServer::onMessage - Request URL : /metrics from TcpConnection[ fd#41-id#1 ] - HttpServer.cpp:89
20260520 15:09:15.762810Z 2260135 INFO  HttpServer::onMessage - Request URL : /metrics from TcpConnection[ fd#41-id#1 ] - HttpServer.cpp:89
20260520 15:09:16.788576Z 2260159 INFO  MetricsDbWriter: inserted metrics row ts=1779260956 - MetricsDbWriter.cpp:96
20260520 15:09:18.382303Z 2260130 INFO  HttpServer::OnNewConnection : Add connection [ fd#42-id#2 ] from 127.0.0.1:43912 - HttpServer.cpp:49
20260520 15:09:18.382362Z 2260137 INFO  HttpServer::onMessage - Request URL : /api/db/ping from TcpConnection[ fd#42-id#2 ] - HttpServer.cpp:89
20260520 15:09:18.386694Z 2260130 INFO  TcpServer::HandleCloseInLoop - Remove connection [id#2-fd#42] - TcpServer.cpp:69
20260520 15:09:20.762165Z 2260135 INFO  HttpServer::onMessage - Request URL : /metrics from TcpConnection[ fd#41-id#1 ] - HttpServer.cpp:89
20260520 15:09:25.763319Z 2260135 INFO  HttpServer::onMessage - Request URL : /metrics from TcpConnection[ fd#41-id#1 ] - HttpServer.cpp:89
20260520 15:09:26.745979Z 2260216 INFO  MetricsDbWriter: inserted metrics row ts=1779260966 - MetricsDbWriter.cpp:96
20260520 15:09:30.762418Z 2260135 INFO  HttpServer::onMessage - Request URL : /metrics from TcpConnection[ fd#41-id#1 ] - HttpServer.cpp:89
20260520 15:09:35.761302Z 2260135 INFO  HttpServer::onMessage - Request URL : /metrics from TcpConnection[ fd#41-id#1 ] - HttpServer.cpp:89
20260520 15:09:36.755152Z 2260236 INFO  MetricsDbWriter: inserted metrics row ts=1779260976 - MetricsDbWriter.cpp:96
20260520 15:09:39.275834Z 2260130 INFO  HttpServer::OnNewConnection : Add connection [ fd#42-id#3 ] from 58.247.150.86:16582 - HttpServer.cpp:49
20260520 15:09:39.276258Z 2260135 INFO  HttpServer::onMessage - Request URL : /api/health from TcpConnection[ fd#42-id#3 ] - HttpServer.cpp:89
20260520 15:09:39.278091Z 2260130 INFO  HttpServer::OnNewConnection : Add connection [ fd#44-id#4 ] from 58.247.150.86:16586 - HttpServer.cpp:49
20260520 15:09:39.278487Z 2260130 INFO  HttpServer::OnNewConnection : Add connection [ fd#45-id#5 ] from 58.247.150.86:16585 - HttpServer.cpp:49
20260520 15:09:39.279122Z 2260137 INFO  HttpServer::onMessage - Request URL : /api/stats from TcpConnection[ fd#44-id#4 ] - HttpServer.cpp:89
20260520 15:09:39.279250Z 2260135 INFO  HttpServer::onMessage - Request URL : /api/prometheus/query_range from TcpConnection[ fd#45-id#5 ] - HttpServer.cpp:89
20260520 15:09:39.341432Z 2260135 INFO  HttpServer::onMessage - Request URL : /api/game/status from TcpConnection[ fd#42-id#3 ] - HttpServer.cpp:89
20260520 15:09:39.366593Z 2260135 INFO  HttpServer::onMessage - Request URL : /api/redis/status from TcpConnection[ fd#45-id#5 ] - HttpServer.cpp:89
20260520 15:09:39.369011Z 2260135 INFO  HttpServer::onMessage - Request URL : /api/prometheus/query_range from TcpConnection[ fd#42-id#3 ] - HttpServer.cpp:89
20260520 15:09:39.385536Z 2260135 INFO  HttpServer::onMessage - Request URL : /api/db/ping from TcpConnection[ fd#45-id#5 ] - HttpServer.cpp:89
20260520 15:09:39.394467Z 2260135 INFO  HttpServer::onMessage - Request URL : /api/prometheus/query_range from TcpConnection[ fd#42-id#3 ] - HttpServer.cpp:89
20260520 15:09:39.416753Z 2260135 INFO  HttpServer::onMessage - Request URL : /api/prometheus/query_range from TcpConnection[ fd#42-id#3 ] - HttpServer.cpp:89
20260520 15:09:39.436993Z 2260135 INFO  HttpServer::onMessage - Request URL : /api/prometheus/query_range from TcpConnection[ fd#42-id#3 ] - HttpServer.cpp:89
20260520 15:09:39.456224Z 2260135 INFO  HttpServer::onMessage - Request URL : /api/prometheus/query_range from TcpConnection[ fd#42-id#3 ] - HttpServer.cpp:89
20260520 15:09:39.477726Z 2260135 INFO  HttpServer::onMessage - Request URL : /api/prometheus/query_range from TcpConnection[ fd#42-id#3 ] - HttpServer.cpp:89
20260520 15:09:40.760355Z 2260135 INFO  HttpServer::onMessage - Request URL : /metrics from TcpConnection[ fd#41-id#1 ] - HttpServer.cpp:89
20260520 15:09:45.761777Z 2260135 INFO  HttpServer::onMessage - Request URL : /metrics from TcpConnection[ fd#41-id#1 ] - HttpServer.cpp:89
20260520 15:09:46.745796Z 2260271 INFO  MetricsDbWriter: inserted metrics row ts=1779260986 - MetricsDbWriter.cpp:96
20260520 15:09:50.762796Z 2260135 INFO  HttpServer::onMessage - Request URL : /metrics from TcpConnection[ fd#41-id#1 ] - HttpServer.cpp:89
20260520 15:09:55.762425Z 2260135 INFO  HttpServer::onMessage - Request URL : /metrics from TcpConnection[ fd#41-id#1 ] - HttpServer.cpp:89
20260520 15:09:56.745811Z 2260324 INFO  MetricsDbWriter: inserted metrics row ts=1779260996 - MetricsDbWriter.cpp:96
20260520 15:10:00.760873Z 2260135 INFO  HttpServer::onMessage - Request URL : /metrics from TcpConnection[ fd#41-id#1 ] - HttpServer.cpp:89
20260520 15:10:05.761765Z 2260135 INFO  HttpServer::onMessage - Request URL : /metrics from TcpConnection[ fd#41-id#1 ] - HttpServer.cpp:89
20260520 15:10:06.747448Z 2260344 INFO  MetricsDbWriter: inserted metrics row ts=1779261006 - MetricsDbWriter.cpp:96
20260520 15:10:10.766041Z 2260135 INFO  HttpServer::onMessage - Request URL : /metrics from TcpConnection[ fd#41-id#1 ] - HttpServer.cpp:89
20260520 15:10:15.763474Z 2260135 INFO  HttpServer::onMessage - Request URL : /metrics from TcpConnection[ fd#41-id#1 ] - HttpServer.cpp:89
20260520 15:10:16.749080Z 2260377 INFO  MetricsDbWriter: inserted metrics row ts=1779261016 - MetricsDbWriter.cpp:96
20260520 15:10:20.762282Z 2260135 INFO  HttpServer::onMessage - Request URL : /metrics from TcpConnection[ fd#41-id#1 ] - HttpServer.cpp:89
20260520 15:10:25.763308Z 2260135 INFO  HttpServer::onMessage - Request URL : /metrics from TcpConnection[ fd#41-id#1 ] - HttpServer.cpp:89
20260520 15:10:26.748319Z 2260402 INFO  MetricsDbWriter: inserted metrics row ts=1779261026 - MetricsDbWriter.cpp:96
20260520 15:10:30.762486Z 2260135 INFO  HttpServer::onMessage - Request URL : /metrics from TcpConnection[ fd#41-id#1 ] - HttpServer.cpp:89
20260520 15:10:35.762669Z 2260135 INFO  HttpServer::onMessage - Request URL : /metrics from TcpConnection[ fd#41-id#1 ] - HttpServer.cpp:89
20260520 15:10:36.745668Z 2260434 INFO  MetricsDbWriter: inserted metrics row ts=1779261036 - MetricsDbWriter.cpp:96
20260520 15:10:39.339367Z 2260137 INFO  HttpServer::onMessage - Request URL : /api/stats from TcpConnection[ fd#44-id#4 ] - HttpServer.cpp:89
20260520 15:10:39.339612Z 2260135 INFO  HttpServer::onMessage - Request URL : /api/prometheus/query_range from TcpConnection[ fd#45-id#5 ] - HttpServer.cpp:89
20260520 15:10:39.355309Z 2260135 INFO  HttpServer::onMessage - Request URL : /api/health from TcpConnection[ fd#42-id#3 ] - HttpServer.cpp:89
20260520 15:10:39.379574Z 2260135 INFO  HttpServer::onMessage - Request URL : /api/prometheus/query_range from TcpConnection[ fd#42-id#3 ] - HttpServer.cpp:89
20260520 15:10:39.381096Z 2260135 INFO  HttpServer::onMessage - Request URL : /api/game/status from TcpConnection[ fd#45-id#5 ] - HttpServer.cpp:89
20260520 15:10:39.662994Z 2260135 INFO  HttpServer::onMessage - Request URL : /api/prometheus/query_range from TcpConnection[ fd#45-id#5 ] - HttpServer.cpp:89
20260520 15:10:39.664027Z 2260135 INFO  HttpServer::onMessage - Request URL : /api/redis/status from TcpConnection[ fd#42-id#3 ] - HttpServer.cpp:89
20260520 15:10:39.680374Z 2260135 INFO  HttpServer::onMessage - Request URL : /api/db/ping from TcpConnection[ fd#45-id#5 ] - HttpServer.cpp:89
20260520 15:10:39.684030Z 2260135 INFO  HttpServer::onMessage - Request URL : /api/prometheus/query_range from TcpConnection[ fd#42-id#3 ] - HttpServer.cpp:89
20260520 15:10:39.702561Z 2260135 INFO  HttpServer::onMessage - Request URL : /api/prometheus/query_range from TcpConnection[ fd#42-id#3 ] - HttpServer.cpp:89
20260520 15:10:39.987022Z 2260135 INFO  HttpServer::onMessage - Request URL : /api/prometheus/query_range from TcpConnection[ fd#42-id#3 ] - HttpServer.cpp:89
20260520 15:10:40.014787Z 2260135 INFO  HttpServer::onMessage - Request URL : /api/prometheus/query_range from TcpConnection[ fd#42-id#3 ] - HttpServer.cpp:89
20260520 15:10:40.760392Z 2260135 INFO  HttpServer::onMessage - Request URL : /metrics from TcpConnection[ fd#41-id#1 ] - HttpServer.cpp:89
20260520 15:10:42.459679Z 2260130 INFO  TcpServer::HandleCloseInLoop - Remove connection [id#4-fd#44] - TcpServer.cpp:69
20260520 15:10:42.460020Z 2260130 INFO  TcpServer::HandleCloseInLoop - Remove connection [id#5-fd#45] - TcpServer.cpp:69
20260520 15:10:42.460177Z 2260130 INFO  TcpServer::HandleCloseInLoop - Remove connection [id#3-fd#42] - TcpServer.cpp:69
20260520 15:10:45.762679Z 2260135 INFO  HttpServer::onMessage - Request URL : /metrics from TcpConnection[ fd#41-id#1 ] - HttpServer.cpp:89
20260520 15:10:46.751194Z 2260454 INFO  MetricsDbWriter: inserted metrics row ts=1779261046 - MetricsDbWriter.cpp:96
20260520 15:10:50.763573Z 2260135 INFO  HttpServer::onMessage - Request URL : /metrics from TcpConnection[ fd#41-id#1 ] - HttpServer.cpp:89
20260520 15:10:55.762578Z 2260135 INFO  HttpServer::onMessage - Request URL : /metrics from TcpConnection[ fd#41-id#1 ] - HttpServer.cpp:89
20260520 15:10:56.746737Z 2260473 INFO  MetricsDbWriter: inserted metrics row ts=1779261056 - MetricsDbWriter.cpp:96
20260520 15:11:00.763313Z 2260135 INFO  HttpServer::onMessage - Request URL : /metrics from TcpConnection[ fd#41-id#1 ] - HttpServer.cpp:89
20260520 15:11:05.760795Z 2260135 INFO  HttpServer::onMessage - Request URL : /metrics from TcpConnection[ fd#41-id#1 ] - HttpServer.cpp:89
20260520 15:11:06.749812Z 2260493 INFO  MetricsDbWriter: inserted metrics row ts=1779261066 - MetricsDbWriter.cpp:96
20260520 15:11:10.763469Z 2260135 INFO  HttpServer::onMessage - Request URL : /metrics from TcpConnection[ fd#41-id#1 ] - HttpServer.cpp:89
20260520 15:11:15.763269Z 2260135 INFO  HttpServer::onMessage - Request URL : /metrics from TcpConnection[ fd#41-id#1 ] - HttpServer.cpp:89
20260520 15:11:16.749488Z 2260511 INFO  MetricsDbWriter: inserted metrics row ts=1779261076 - MetricsDbWriter.cpp:96
20260520 15:11:21.840073Z 2260524 INFO  mysql pool config loaded from /root/projects/CppWebServer/config/mysql.cnf initSize=3 maxSize=32 - ConnectionPool.cpp:67
20260520 15:11:22.021227Z 2260524 INFO  MetricsDbWriter: flush to MySQL every 10s - MetricsDbWriter.cpp:33
20260520 15:11:22.023029Z 2260524 INFO  SessionStore: Redis ok 127.0.0.1:6379 default_ttl_sec=7200 - SessionStore.cpp:103
20260520 15:11:22.023117Z 2260524 INFO  Game protobuf TCP 8081 (HTTP 8080) - http_server.cpp:562
20260520 15:11:22.023196Z 2260524 ERROR Failed to Bind [0.0.0.0:8080] - Acceptor.cpp:49
20260520 15:11:22.023230Z 2260524 INFO  HttpServer Listening on [ 0.0.0.0:8080 ] - HttpServer.cpp:35
20260520 15:11:22.023251Z 2260553 ERROR Failed to Bind [0.0.0.0:8081] - Acceptor.cpp:49
20260520 15:11:22.023285Z 2260553 INFO  GameTcpGateway listening on 0.0.0.0:8081 (length-prefix + protobuf) - GameTcpGateway.cpp:47
20260520 15:11:22.037479Z 2260557 INFO  MetricsDbWriter: table webserver_metrics ready - MetricsDbWriter.cpp:70
20260520 15:11:22.073159Z 2260557 INFO  MetricsDbWriter: inserted metrics row ts=1779261082 - MetricsDbWriter.cpp:96
20260520 15:11:20.761359Z 2260135 INFO  HttpServer::onMessage - Request URL : /metrics from TcpConnection[ fd#41-id#1 ] - HttpServer.cpp:89
20260520 15:11:25.762292Z 2260135 INFO  HttpServer::onMessage - Request URL : /metrics from TcpConnection[ fd#41-id#1 ] - HttpServer.cpp:89
20260520 15:11:26.749993Z 2260592 INFO  MetricsDbWriter: inserted metrics row ts=1779261086 - MetricsDbWriter.cpp:96
20260520 15:11:30.761526Z 2260135 INFO  HttpServer::onMessage - Request URL : /metrics from TcpConnection[ fd#41-id#1 ] - HttpServer.cpp:89
20260520 15:11:32.051452Z 2260659 INFO  MetricsDbWriter: inserted metrics row ts=1779261092 - MetricsDbWriter.cpp:96
20260520 15:11:35.761432Z 2260135 INFO  HttpServer::onMessage - Request URL : /metrics from TcpConnection[ fd#41-id#1 ] - HttpServer.cpp:89
20260520 15:11:36.747229Z 2260751 INFO  MetricsDbWriter: inserted metrics row ts=1779261096 - MetricsDbWriter.cpp:96
20260520 15:11:39.305394Z 2260130 INFO  HttpServer::OnNewConnection : Add connection [ fd#42-id#6 ] from 58.247.150.86:16821 - HttpServer.cpp:49
20260520 15:11:39.305874Z 2260137 INFO  HttpServer::onMessage - Request URL : /api/health from TcpConnection[ fd#42-id#6 ] - HttpServer.cpp:89
20260520 15:11:39.309361Z 2260130 INFO  HttpServer::OnNewConnection : Add connection [ fd#44-id#7 ] from 58.247.150.86:16823 - HttpServer.cpp:49
20260520 15:11:39.310496Z 2260130 INFO  HttpServer::OnNewConnection : Add connection [ fd#45-id#8 ] from 58.247.150.86:16820 - HttpServer.cpp:49
20260520 15:11:39.310547Z 2260137 INFO  HttpServer::onMessage - Request URL : /api/stats from TcpConnection[ fd#45-id#8 ] - HttpServer.cpp:89
20260520 15:11:39.311847Z 2260135 INFO  HttpServer::onMessage - Request URL : /api/prometheus/query_range from TcpConnection[ fd#44-id#7 ] - HttpServer.cpp:89
20260520 15:11:39.325927Z 2260137 INFO  HttpServer::onMessage - Request URL : /api/game/status from TcpConnection[ fd#42-id#6 ] - HttpServer.cpp:89
20260520 15:11:39.346162Z 2260137 INFO  HttpServer::onMessage - Request URL : /api/prometheus/query_range from TcpConnection[ fd#42-id#6 ] - HttpServer.cpp:89
20260520 15:11:39.348623Z 2260135 INFO  HttpServer::onMessage - Request URL : /api/redis/status from TcpConnection[ fd#44-id#7 ] - HttpServer.cpp:89
20260520 15:11:42.069560Z 2260855 INFO  MetricsDbWriter: inserted metrics row ts=1779261102 - MetricsDbWriter.cpp:96
20260520 15:11:39.604663Z 2260137 INFO  HttpServer::onMessage - Request URL : /api/db/ping from TcpConnection[ fd#42-id#6 ] - HttpServer.cpp:89
20260520 15:11:39.605363Z 2260135 INFO  HttpServer::onMessage - Request URL : /api/prometheus/query_range from TcpConnection[ fd#44-id#7 ] - HttpServer.cpp:89
20260520 15:11:39.624869Z 2260135 INFO  HttpServer::onMessage - Request URL : /api/prometheus/query_range from TcpConnection[ fd#44-id#7 ] - HttpServer.cpp:89
20260520 15:11:39.643871Z 2260135 INFO  HttpServer::onMessage - Request URL : /api/prometheus/query_range from TcpConnection[ fd#44-id#7 ] - HttpServer.cpp:89
20260520 15:11:39.925753Z 2260135 INFO  HttpServer::onMessage - Request URL : /api/prometheus/query_range from TcpConnection[ fd#44-id#7 ] - HttpServer.cpp:89
20260520 15:11:39.957515Z 2260135 INFO  HttpServer::onMessage - Request URL : /api/prometheus/query_range from TcpConnection[ fd#44-id#7 ] - HttpServer.cpp:89
20260520 15:11:40.761123Z 2260135 INFO  HttpServer::onMessage - Request URL : /metrics from TcpConnection[ fd#41-id#1 ] - HttpServer.cpp:89
20260520 15:11:45.763656Z 2260135 INFO  HttpServer::onMessage - Request URL : /metrics from TcpConnection[ fd#41-id#1 ] - HttpServer.cpp:89
20260520 15:11:46.748270Z 2260864 INFO  MetricsDbWriter: inserted metrics row ts=1779261106 - MetricsDbWriter.cpp:96
20260520 15:11:52.037754Z 2260878 INFO  MetricsDbWriter: inserted metrics row ts=1779261112 - MetricsDbWriter.cpp:96
20260520 15:11:50.763510Z 2260135 INFO  HttpServer::onMessage - Request URL : /metrics from TcpConnection[ fd#41-id#1 ] - HttpServer.cpp:89
20260520 15:11:55.763398Z 2260135 INFO  HttpServer::onMessage - Request URL : /metrics from TcpConnection[ fd#41-id#1 ] - HttpServer.cpp:89
20260520 15:11:56.747219Z 2260885 INFO  MetricsDbWriter: inserted metrics row ts=1779261116 - MetricsDbWriter.cpp:96
20260520 15:12:00.763415Z 2260135 INFO  HttpServer::onMessage - Request URL : /metrics from TcpConnection[ fd#41-id#1 ] - HttpServer.cpp:89
20260520 15:12:02.036932Z 2260899 INFO  MetricsDbWriter: inserted metrics row ts=1779261122 - MetricsDbWriter.cpp:96
20260520 15:12:05.761947Z 2260135 INFO  HttpServer::onMessage - Request URL : /metrics from TcpConnection[ fd#41-id#1 ] - HttpServer.cpp:89
20260520 15:12:06.747983Z 2260906 INFO  MetricsDbWriter: inserted metrics row ts=1779261126 - MetricsDbWriter.cpp:96
20260520 15:12:12.043470Z 2260916 INFO  MetricsDbWriter: inserted metrics row ts=1779261132 - MetricsDbWriter.cpp:96
20260520 15:12:10.761418Z 2260135 INFO  HttpServer::onMessage - Request URL : /metrics from TcpConnection[ fd#41-id#1 ] - HttpServer.cpp:89
20260520 15:12:15.764017Z 2260135 INFO  HttpServer::onMessage - Request URL : /metrics from TcpConnection[ fd#41-id#1 ] - HttpServer.cpp:89
20260520 15:12:16.747492Z 2260928 INFO  MetricsDbWriter: inserted metrics row ts=1779261136 - MetricsDbWriter.cpp:96
20260520 15:12:22.038293Z 2260940 INFO  MetricsDbWriter: inserted metrics row ts=1779261142 - MetricsDbWriter.cpp:96
20260520 15:12:20.761271Z 2260135 INFO  HttpServer::onMessage - Request URL : /metrics from TcpConnection[ fd#41-id#1 ] - HttpServer.cpp:89
20260520 15:12:25.762804Z 2260135 INFO  HttpServer::onMessage - Request URL : /metrics from TcpConnection[ fd#41-id#1 ] - HttpServer.cpp:89
20260520 15:12:26.747923Z 2260947 INFO  MetricsDbWriter: inserted metrics row ts=1779261146 - MetricsDbWriter.cpp:96
20260520 15:12:30.763879Z 2260135 INFO  HttpServer::onMessage - Request URL : /metrics from TcpConnection[ fd#41-id#1 ] - HttpServer.cpp:89
20260520 15:12:32.039112Z 2260961 INFO  MetricsDbWriter: inserted metrics row ts=1779261152 - MetricsDbWriter.cpp:96
20260520 15:12:35.761006Z 2260135 INFO  HttpServer::onMessage - Request URL : /metrics from TcpConnection[ fd#41-id#1 ] - HttpServer.cpp:89
20260520 15:12:36.747403Z 2260968 INFO  MetricsDbWriter: inserted metrics row ts=1779261156 - MetricsDbWriter.cpp:96
20260520 15:12:39.259567Z 2260137 INFO  HttpServer::onMessage - Request URL : /api/stats from TcpConnection[ fd#45-id#8 ] - HttpServer.cpp:89
20260520 15:12:39.259951Z 2260137 INFO  HttpServer::onMessage - Request URL : /api/prometheus/query_range from TcpConnection[ fd#42-id#6 ] - HttpServer.cpp:89
20260520 15:12:39.260314Z 2260135 INFO  HttpServer::onMessage - Request URL : /api/health from TcpConnection[ fd#44-id#7 ] - HttpServer.cpp:89
20260520 15:12:39.278490Z 2260137 INFO  HttpServer::onMessage - Request URL : /api/game/status from TcpConnection[ fd#45-id#8 ] - HttpServer.cpp:89
20260520 15:12:39.284865Z 2260137 INFO  HttpServer::onMessage - Request URL : /api/prometheus/query_range from TcpConnection[ fd#42-id#6 ] - HttpServer.cpp:89
20260520 15:12:39.307868Z 2260137 INFO  HttpServer::onMessage - Request URL : /api/redis/status from TcpConnection[ fd#42-id#6 ] - HttpServer.cpp:89
20260520 15:12:39.313245Z 2260137 INFO  HttpServer::onMessage - Request URL : /api/prometheus/query_range from TcpConnection[ fd#45-id#8 ] - HttpServer.cpp:89
20260520 15:12:39.322337Z 2260137 INFO  HttpServer::onMessage - Request URL : /api/db/ping from TcpConnection[ fd#42-id#6 ] - HttpServer.cpp:89
20260520 15:12:39.337099Z 2260137 INFO  HttpServer::onMessage - Request URL : /api/prometheus/query_range from TcpConnection[ fd#42-id#6 ] - HttpServer.cpp:89
20260520 15:12:39.357607Z 2260137 INFO  HttpServer::onMessage - Request URL : /api/prometheus/query_range from TcpConnection[ fd#42-id#6 ] - HttpServer.cpp:89
20260520 15:12:39.377852Z 2260137 INFO  HttpServer::onMessage - Request URL : /api/prometheus/query_range from TcpConnection[ fd#42-id#6 ] - HttpServer.cpp:89
20260520 15:12:39.397865Z 2260137 INFO  HttpServer::onMessage - Request URL : /api/prometheus/query_range from TcpConnection[ fd#42-id#6 ] - HttpServer.cpp:89
20260520 15:12:42.038805Z 2260981 INFO  MetricsDbWriter: inserted metrics row ts=1779261162 - MetricsDbWriter.cpp:96
20260520 15:12:40.760669Z 2260135 INFO  HttpServer::onMessage - Request URL : /metrics from TcpConnection[ fd#41-id#1 ] - HttpServer.cpp:89
20260520 15:12:42.784719Z 2260130 INFO  TcpServer::HandleCloseInLoop - Remove connection [id#8-fd#45] - TcpServer.cpp:69
20260520 15:12:42.797036Z 2260130 INFO  TcpServer::HandleCloseInLoop - Remove connection [id#6-fd#42] - TcpServer.cpp:69
20260520 15:12:42.797055Z 2260130 INFO  TcpServer::HandleCloseInLoop - Remove connection [id#7-fd#44] - TcpServer.cpp:69
20260520 15:12:45.763317Z 2260135 INFO  HttpServer::onMessage - Request URL : /metrics from TcpConnection[ fd#41-id#1 ] - HttpServer.cpp:89
20260520 15:12:46.747543Z 2260991 INFO  MetricsDbWriter: inserted metrics row ts=1779261166 - MetricsDbWriter.cpp:96
20260520 15:12:50.763475Z 2260135 INFO  HttpServer::onMessage - Request URL : /metrics from TcpConnection[ fd#41-id#1 ] - HttpServer.cpp:89
20260520 15:12:52.038023Z 2261001 INFO  MetricsDbWriter: inserted metrics row ts=1779261172 - MetricsDbWriter.cpp:96
20260520 15:12:55.764236Z 2260135 INFO  HttpServer::onMessage - Request URL : /metrics from TcpConnection[ fd#41-id#1 ] - HttpServer.cpp:89
20260520 15:12:56.749542Z 2261011 INFO  MetricsDbWriter: inserted metrics row ts=1779261176 - MetricsDbWriter.cpp:96
20260520 15:13:00.761373Z 2260135 INFO  HttpServer::onMessage - Request URL : /metrics from TcpConnection[ fd#41-id#1 ] - HttpServer.cpp:89
20260520 15:13:05.760141Z 2260135 INFO  HttpServer::onMessage - Request URL : /metrics from TcpConnection[ fd#41-id#1 ] - HttpServer.cpp:89
20260520 15:13:06.749834Z 2261041 INFO  MetricsDbWriter: inserted metrics row ts=1779261186 - MetricsDbWriter.cpp:96
20260520 15:13:10.763282Z 2260135 INFO  HttpServer::onMessage - Request URL : /metrics from TcpConnection[ fd#41-id#1 ] - HttpServer.cpp:89
20260520 15:13:15.764461Z 2260135 INFO  HttpServer::onMessage - Request URL : /metrics from TcpConnection[ fd#41-id#1 ] - HttpServer.cpp:89
20260520 15:13:16.750143Z 2261079 INFO  MetricsDbWriter: inserted metrics row ts=1779261196 - MetricsDbWriter.cpp:96
20260520 15:13:20.761113Z 2260135 INFO  HttpServer::onMessage - Request URL : /metrics from TcpConnection[ fd#41-id#1 ] - HttpServer.cpp:89
20260520 15:13:25.763488Z 2260135 INFO  HttpServer::onMessage - Request URL : /metrics from TcpConnection[ fd#41-id#1 ] - HttpServer.cpp:89
20260520 15:13:26.749415Z 2261121 INFO  MetricsDbWriter: inserted metrics row ts=1779261206 - MetricsDbWriter.cpp:96
20260520 15:13:30.762487Z 2260135 INFO  HttpServer::onMessage - Request URL : /metrics from TcpConnection[ fd#41-id#1 ] - HttpServer.cpp:89
20260520 15:13:35.761768Z 2260135 INFO  HttpServer::onMessage - Request URL : /metrics from TcpConnection[ fd#41-id#1 ] - HttpServer.cpp:89
20260520 15:13:36.748701Z 2261142 INFO  MetricsDbWriter: inserted metrics row ts=1779261216 - MetricsDbWriter.cpp:96
20260520 15:13:39.282279Z 2260130 INFO  HttpServer::OnNewConnection : Add connection [ fd#42-id#9 ] from 58.247.150.86:17295 - HttpServer.cpp:49
20260520 15:13:39.291996Z 2260135 INFO  HttpServer::onMessage - Request URL : /api/health from TcpConnection[ fd#42-id#9 ] - HttpServer.cpp:89
20260520 15:13:39.292266Z 2260130 INFO  HttpServer::OnNewConnection : Add connection [ fd#44-id#10 ] from 58.247.150.86:17296 - HttpServer.cpp:49
20260520 15:13:39.293562Z 2260130 INFO  HttpServer::OnNewConnection : Add connection [ fd#45-id#11 ] from 58.247.150.86:17297 - HttpServer.cpp:49
20260520 15:13:39.293817Z 2260137 INFO  HttpServer::onMessage - Request URL : /api/prometheus/query_range from TcpConnection[ fd#44-id#10 ] - HttpServer.cpp:89
20260520 15:13:39.294066Z 2260135 INFO  HttpServer::onMessage - Request URL : /api/stats from TcpConnection[ fd#45-id#11 ] - HttpServer.cpp:89
20260520 15:13:39.308499Z 2260135 INFO  HttpServer::onMessage - Request URL : /api/game/status from TcpConnection[ fd#42-id#9 ] - HttpServer.cpp:89
20260520 15:13:39.334994Z 2260135 INFO  HttpServer::onMessage - Request URL : /api/prometheus/query_range from TcpConnection[ fd#42-id#9 ] - HttpServer.cpp:89
20260520 15:13:39.335268Z 2260137 INFO  HttpServer::onMessage - Request URL : /api/redis/status from TcpConnection[ fd#44-id#10 ] - HttpServer.cpp:89
20260520 15:13:39.355862Z 2260137 INFO  HttpServer::onMessage - Request URL : /api/prometheus/query_range from TcpConnection[ fd#44-id#10 ] - HttpServer.cpp:89
20260520 15:13:39.356476Z 2260135 INFO  HttpServer::onMessage - Request URL : /api/db/ping from TcpConnection[ fd#42-id#9 ] - HttpServer.cpp:89
20260520 15:13:39.378069Z 2260137 INFO  HttpServer::onMessage - Request URL : /api/prometheus/query_range from TcpConnection[ fd#44-id#10 ] - HttpServer.cpp:89
20260520 15:13:39.403313Z 2260137 INFO  HttpServer::onMessage - Request URL : /api/prometheus/query_range from TcpConnection[ fd#44-id#10 ] - HttpServer.cpp:89
20260520 15:13:39.425065Z 2260137 INFO  HttpServer::onMessage - Request URL : /api/prometheus/query_range from TcpConnection[ fd#44-id#10 ] - HttpServer.cpp:89
20260520 15:13:39.448084Z 2260137 INFO  HttpServer::onMessage - Request URL : /api/prometheus/query_range from TcpConnection[ fd#44-id#10 ] - HttpServer.cpp:89
20260520 15:13:40.760915Z 2260135 INFO  HttpServer::onMessage - Request URL : /metrics from TcpConnection[ fd#41-id#1 ] - HttpServer.cpp:89
20260520 15:13:42.471871Z 2260130 INFO  TcpServer::HandleCloseInLoop - Remove connection [id#11-fd#45] - TcpServer.cpp:69
20260520 15:13:42.472484Z 2260130 INFO  TcpServer::HandleCloseInLoop - Remove connection [id#10-fd#44] - TcpServer.cpp:69
20260520 15:13:42.472687Z 2260130 INFO  TcpServer::HandleCloseInLoop - Remove connection [id#9-fd#42] - TcpServer.cpp:69
20260520 15:13:45.763314Z 2260135 INFO  HttpServer::onMessage - Request URL : /metrics from TcpConnection[ fd#41-id#1 ] - HttpServer.cpp:89
20260520 15:13:46.753366Z 2261159 INFO  MetricsDbWriter: inserted metrics row ts=1779261226 - MetricsDbWriter.cpp:96
20260520 15:13:50.760470Z 2260135 INFO  HttpServer::onMessage - Request URL : /metrics from TcpConnection[ fd#41-id#1 ] - HttpServer.cpp:89
20260520 15:13:55.761904Z 2260135 INFO  HttpServer::onMessage - Request URL : /metrics from TcpConnection[ fd#41-id#1 ] - HttpServer.cpp:89
20260520 15:13:56.748557Z 2261178 INFO  MetricsDbWriter: inserted metrics row ts=1779261236 - MetricsDbWriter.cpp:96
20260520 15:14:00.761059Z 2260135 INFO  HttpServer::onMessage - Request URL : /metrics from TcpConnection[ fd#41-id#1 ] - HttpServer.cpp:89
20260520 15:14:05.761885Z 2260135 INFO  HttpServer::onMessage - Request URL : /metrics from TcpConnection[ fd#41-id#1 ] - HttpServer.cpp:89
20260520 15:14:06.749280Z 2261269 INFO  MetricsDbWriter: inserted metrics row ts=1779261246 - MetricsDbWriter.cpp:96
20260520 15:14:10.763704Z 2260135 INFO  HttpServer::onMessage - Request URL : /metrics from TcpConnection[ fd#41-id#1 ] - HttpServer.cpp:89
20260520 15:14:15.761248Z 2260135 INFO  HttpServer::onMessage - Request URL : /metrics from TcpConnection[ fd#41-id#1 ] - HttpServer.cpp:89
20260520 15:14:16.749685Z 2261301 INFO  MetricsDbWriter: inserted metrics row ts=1779261256 - MetricsDbWriter.cpp:96
20260520 15:14:20.762462Z 2260135 INFO  HttpServer::onMessage - Request URL : /metrics from TcpConnection[ fd#41-id#1 ] - HttpServer.cpp:89
20260520 15:14:25.762535Z 2260135 INFO  HttpServer::onMessage - Request URL : /metrics from TcpConnection[ fd#41-id#1 ] - HttpServer.cpp:89
20260520 15:14:26.750578Z 2261318 INFO  MetricsDbWriter: inserted metrics row ts=1779261266 - MetricsDbWriter.cpp:96
20260520 15:14:30.763614Z 2260135 INFO  HttpServer::onMessage - Request URL : /metrics from TcpConnection[ fd#41-id#1 ] - HttpServer.cpp:89
20260520 15:14:35.762519Z 2260135 INFO  HttpServer::onMessage - Request URL : /metrics from TcpConnection[ fd#41-id#1 ] - HttpServer.cpp:89
20260520 15:14:36.749330Z 2261340 INFO  MetricsDbWriter: inserted metrics row ts=1779261276 - MetricsDbWriter.cpp:96
20260520 15:14:39.285638Z 2260130 INFO  HttpServer::OnNewConnection : Add connection [ fd#42-id#12 ] from 58.247.150.86:15500 - HttpServer.cpp:49
20260520 15:14:39.286345Z 2260137 INFO  HttpServer::onMessage - Request URL : /api/health from TcpConnection[ fd#42-id#12 ] - HttpServer.cpp:89
20260520 15:14:39.288315Z 2260130 INFO  HttpServer::OnNewConnection : Add connection [ fd#44-id#13 ] from 58.247.150.86:15502 - HttpServer.cpp:49
20260520 15:14:39.290835Z 2260135 INFO  HttpServer::onMessage - Request URL : /api/prometheus/query_range from TcpConnection[ fd#44-id#13 ] - HttpServer.cpp:89
20260520 15:14:39.291076Z 2260130 INFO  HttpServer::OnNewConnection : Add connection [ fd#46-id#14 ] from 58.247.150.86:15501 - HttpServer.cpp:49
20260520 15:14:39.295527Z 2260137 INFO  HttpServer::onMessage - Request URL : /api/stats from TcpConnection[ fd#46-id#14 ] - HttpServer.cpp:89
20260520 15:14:39.301319Z 2260137 INFO  HttpServer::onMessage - Request URL : /api/game/status from TcpConnection[ fd#42-id#12 ] - HttpServer.cpp:89
20260520 15:14:39.312585Z 2260135 INFO  HttpServer::onMessage - Request URL : /api/prometheus/query_range from TcpConnection[ fd#44-id#13 ] - HttpServer.cpp:89
20260520 15:14:39.340067Z 2260135 INFO  HttpServer::onMessage - Request URL : /api/redis/status from TcpConnection[ fd#44-id#13 ] - HttpServer.cpp:89
20260520 15:14:39.344804Z 2260137 INFO  HttpServer::onMessage - Request URL : /api/prometheus/query_range from TcpConnection[ fd#42-id#12 ] - HttpServer.cpp:89
20260520 15:14:39.358532Z 2260135 INFO  HttpServer::onMessage - Request URL : /api/db/ping from TcpConnection[ fd#44-id#13 ] - HttpServer.cpp:89
20260520 15:14:39.365567Z 2260137 INFO  HttpServer::onMessage - Request URL : /api/prometheus/query_range from TcpConnection[ fd#42-id#12 ] - HttpServer.cpp:89
20260520 15:14:39.394803Z 2260137 INFO  HttpServer::onMessage - Request URL : /api/prometheus/query_range from TcpConnection[ fd#42-id#12 ] - HttpServer.cpp:89
20260520 15:14:39.419841Z 2260137 INFO  HttpServer::onMessage - Request URL : /api/prometheus/query_range from TcpConnection[ fd#42-id#12 ] - HttpServer.cpp:89
20260520 15:14:39.439564Z 2260137 INFO  HttpServer::onMessage - Request URL : /api/prometheus/query_range from TcpConnection[ fd#42-id#12 ] - HttpServer.cpp:89
20260520 15:14:40.760342Z 2260135 INFO  HttpServer::onMessage - Request URL : /metrics from TcpConnection[ fd#41-id#1 ] - HttpServer.cpp:89
20260520 15:14:43.116433Z 2260130 INFO  TcpServer::HandleCloseInLoop - Remove connection [id#12-fd#42] - TcpServer.cpp:69
20260520 15:14:43.129071Z 2260130 INFO  TcpServer::HandleCloseInLoop - Remove connection [id#14-fd#46] - TcpServer.cpp:69
20260520 15:14:43.129092Z 2260130 INFO  TcpServer::HandleCloseInLoop - Remove connection [id#13-fd#44] - TcpServer.cpp:69
20260520 15:14:45.764208Z 2260135 INFO  HttpServer::onMessage - Request URL : /metrics from TcpConnection[ fd#41-id#1 ] - HttpServer.cpp:89
20260520 15:14:46.749405Z 2261360 INFO  MetricsDbWriter: inserted metrics row ts=1779261286 - MetricsDbWriter.cpp:96
20260520 15:14:50.763316Z 2260135 INFO  HttpServer::onMessage - Request URL : /metrics from TcpConnection[ fd#41-id#1 ] - HttpServer.cpp:89
20260520 15:14:49.063064Z 2261373 INFO  mysql pool config loaded from /root/projects/CppWebServer/config/mysql.cnf initSize=3 maxSize=32 - ConnectionPool.cpp:67
20260520 15:14:49.128234Z 2261373 INFO  MetricsDbWriter: flush to MySQL every 10s - MetricsDbWriter.cpp:59
20260520 15:14:49.129525Z 2261373 INFO  SessionStore: Redis ok 127.0.0.1:6379 default_ttl_sec=7200 - SessionStore.cpp:103
20260520 15:14:49.129614Z 2261373 INFO  Game protobuf TCP 8081 (HTTP 8080) - http_server.cpp:562
20260520 15:14:49.129686Z 2261373 ERROR Failed to Bind [0.0.0.0:8080] - Acceptor.cpp:49
20260520 15:14:49.129717Z 2261373 INFO  HttpServer Listening on [ 0.0.0.0:8080 ] - HttpServer.cpp:35
20260520 15:14:49.129726Z 2261402 ERROR Failed to Bind [0.0.0.0:8081] - Acceptor.cpp:49
20260520 15:14:49.129767Z 2261402 INFO  GameTcpGateway listening on 0.0.0.0:8081 (length-prefix + protobuf) - GameTcpGateway.cpp:47
20260520 15:14:49.150100Z 2261406 INFO  MetricsDbWriter: table webserver_metrics ready - MetricsDbWriter.cpp:96
20260520 15:14:49.163623Z 2261406 INFO  MetricsDbWriter: inserted metrics row ts=1779261289 - MetricsDbWriter.cpp:131
20260520 15:14:55.763874Z 2260135 INFO  HttpServer::onMessage - Request URL : /metrics from TcpConnection[ fd#41-id#1 ] - HttpServer.cpp:89
20260520 15:14:56.748913Z 2261458 INFO  MetricsDbWriter: inserted metrics row ts=1779261296 - MetricsDbWriter.cpp:96
20260520 15:14:59.154048Z 2261511 INFO  MetricsDbWriter: inserted metrics row ts=1779261299 - MetricsDbWriter.cpp:131
20260520 15:15:00.763287Z 2260135 INFO  HttpServer::onMessage - Request URL : /metrics from TcpConnection[ fd#41-id#1 ] - HttpServer.cpp:89
20260520 15:15:05.762152Z 2260135 INFO  HttpServer::onMessage - Request URL : /metrics from TcpConnection[ fd#41-id#1 ] - HttpServer.cpp:89
20260520 15:15:06.749613Z 2261601 INFO  MetricsDbWriter: inserted metrics row ts=1779261306 - MetricsDbWriter.cpp:96
20260520 15:15:09.164823Z 2261632 INFO  MetricsDbWriter: inserted metrics row ts=1779261309 - MetricsDbWriter.cpp:131
20260520 15:15:10.762514Z 2260135 INFO  HttpServer::onMessage - Request URL : /metrics from TcpConnection[ fd#41-id#1 ] - HttpServer.cpp:89
20260520 15:15:15.765074Z 2260135 INFO  HttpServer::onMessage - Request URL : /metrics from TcpConnection[ fd#41-id#1 ] - HttpServer.cpp:89
20260520 15:15:16.750153Z 2261673 INFO  MetricsDbWriter: inserted metrics row ts=1779261316 - MetricsDbWriter.cpp:96
20260520 15:15:19.142879Z 2261728 INFO  MetricsDbWriter: inserted metrics row ts=1779261319 - MetricsDbWriter.cpp:131
20260520 15:15:20.762631Z 2260135 INFO  HttpServer::onMessage - Request URL : /metrics from TcpConnection[ fd#41-id#1 ] - HttpServer.cpp:89
20260520 15:15:25.760196Z 2260135 INFO  HttpServer::onMessage - Request URL : /metrics from TcpConnection[ fd#41-id#1 ] - HttpServer.cpp:89
20260520 15:15:26.758433Z 2261744 INFO  MetricsDbWriter: inserted metrics row ts=1779261326 - MetricsDbWriter.cpp:96
20260520 15:15:29.149826Z 2261750 INFO  MetricsDbWriter: inserted metrics row ts=1779261329 - MetricsDbWriter.cpp:131
20260520 15:15:30.763580Z 2260135 INFO  HttpServer::onMessage - Request URL : /metrics from TcpConnection[ fd#41-id#1 ] - HttpServer.cpp:89
20260520 15:15:35.761079Z 2260135 INFO  HttpServer::onMessage - Request URL : /metrics from TcpConnection[ fd#41-id#1 ] - HttpServer.cpp:89
20260520 15:15:36.749027Z 2261767 INFO  MetricsDbWriter: inserted metrics row ts=1779261336 - MetricsDbWriter.cpp:96
20260520 15:15:39.279621Z 2260130 INFO  HttpServer::OnNewConnection : Add connection [ fd#42-id#15 ] from 58.247.150.86:15563 - HttpServer.cpp:49
20260520 15:15:39.280279Z 2260135 INFO  HttpServer::onMessage - Request URL : /api/health from TcpConnection[ fd#42-id#15 ] - HttpServer.cpp:89
20260520 15:15:39.282762Z 2260130 INFO  HttpServer::OnNewConnection : Add connection [ fd#44-id#16 ] from 58.247.150.86:15564 - HttpServer.cpp:49
20260520 15:15:39.283219Z 2260137 INFO  HttpServer::onMessage - Request URL : /api/stats from TcpConnection[ fd#44-id#16 ] - HttpServer.cpp:89
20260520 15:15:39.283344Z 2260130 INFO  HttpServer::OnNewConnection : Add connection [ fd#45-id#17 ] from 58.247.150.86:15565 - HttpServer.cpp:49
20260520 15:15:39.284652Z 2260135 INFO  HttpServer::onMessage - Request URL : /api/prometheus/query_range from TcpConnection[ fd#45-id#17 ] - HttpServer.cpp:89
20260520 15:15:39.299043Z 2260135 INFO  HttpServer::onMessage - Request URL : /api/game/status from TcpConnection[ fd#42-id#15 ] - HttpServer.cpp:89
20260520 15:15:39.323592Z 2260135 INFO  HttpServer::onMessage - Request URL : /api/prometheus/query_range from TcpConnection[ fd#42-id#15 ] - HttpServer.cpp:89
20260520 15:15:39.341004Z 2260137 INFO  HttpServer::onMessage - Request URL : /api/redis/status from TcpConnection[ fd#44-id#16 ] - HttpServer.cpp:89
20260520 15:15:39.347406Z 2260135 INFO  HttpServer::onMessage - Request URL : /api/prometheus/query_range from TcpConnection[ fd#42-id#15 ] - HttpServer.cpp:89
20260520 15:15:39.360992Z 2260137 INFO  HttpServer::onMessage - Request URL : /api/db/ping from TcpConnection[ fd#44-id#16 ] - HttpServer.cpp:89
20260520 15:15:39.369807Z 2260135 INFO  HttpServer::onMessage - Request URL : /api/prometheus/query_range from TcpConnection[ fd#42-id#15 ] - HttpServer.cpp:89
20260520 15:15:39.394340Z 2260135 INFO  HttpServer::onMessage - Request URL : /api/prometheus/query_range from TcpConnection[ fd#42-id#15 ] - HttpServer.cpp:89
20260520 15:15:39.421363Z 2260135 INFO  HttpServer::onMessage - Request URL : /api/prometheus/query_range from TcpConnection[ fd#42-id#15 ] - HttpServer.cpp:89
20260520 15:15:39.445308Z 2260135 INFO  HttpServer::onMessage - Request URL : /api/prometheus/query_range from TcpConnection[ fd#42-id#15 ] - HttpServer.cpp:89
20260520 15:15:39.148579Z 2261773 INFO  MetricsDbWriter: inserted metrics row ts=1779261339 - MetricsDbWriter.cpp:131
20260520 15:15:40.760856Z 2260135 INFO  HttpServer::onMessage - Request URL : /metrics from TcpConnection[ fd#41-id#1 ] - HttpServer.cpp:89
20260520 15:15:45.763272Z 2260135 INFO  HttpServer::onMessage - Request URL : /metrics from TcpConnection[ fd#41-id#1 ] - HttpServer.cpp:89
20260520 15:15:46.749484Z 2261786 INFO  MetricsDbWriter: inserted metrics row ts=1779261346 - MetricsDbWriter.cpp:96
20260520 15:15:49.162142Z 2261833 INFO  MetricsDbWriter: inserted metrics row ts=1779261349 - MetricsDbWriter.cpp:131
20260520 15:15:50.762187Z 2260135 INFO  HttpServer::onMessage - Request URL : /metrics from TcpConnection[ fd#41-id#1 ] - HttpServer.cpp:89
20260520 15:15:55.763546Z 2260135 INFO  HttpServer::onMessage - Request URL : /metrics from TcpConnection[ fd#41-id#1 ] - HttpServer.cpp:89
20260520 15:15:56.749488Z 2261884 INFO  MetricsDbWriter: inserted metrics row ts=1779261356 - MetricsDbWriter.cpp:96
20260520 15:15:59.168410Z 2261956 INFO  MetricsDbWriter: inserted metrics row ts=1779261359 - MetricsDbWriter.cpp:131
20260520 15:16:00.763134Z 2260135 INFO  HttpServer::onMessage - Request URL : /metrics from TcpConnection[ fd#41-id#1 ] - HttpServer.cpp:89
20260520 15:16:05.760910Z 2260135 INFO  HttpServer::onMessage - Request URL : /metrics from TcpConnection[ fd#41-id#1 ] - HttpServer.cpp:89
20260520 15:16:06.751877Z 2262031 INFO  MetricsDbWriter: inserted metrics row ts=1779261366 - MetricsDbWriter.cpp:96
20260520 15:16:09.143157Z 2262036 INFO  MetricsDbWriter: inserted metrics row ts=1779261369 - MetricsDbWriter.cpp:131
20260520 15:16:10.762702Z 2260135 INFO  HttpServer::onMessage - Request URL : /metrics from TcpConnection[ fd#41-id#1 ] - HttpServer.cpp:89
20260520 15:16:15.760255Z 2260135 INFO  HttpServer::onMessage - Request URL : /metrics from TcpConnection[ fd#41-id#1 ] - HttpServer.cpp:89
20260520 15:16:16.751372Z 2262050 INFO  MetricsDbWriter: inserted metrics row ts=1779261376 - MetricsDbWriter.cpp:96
20260520 15:16:19.148568Z 2262055 INFO  MetricsDbWriter: inserted metrics row ts=1779261379 - MetricsDbWriter.cpp:131
20260520 15:16:20.762816Z 2260135 INFO  HttpServer::onMessage - Request URL : /metrics from TcpConnection[ fd#41-id#1 ] - HttpServer.cpp:89
20260520 15:16:25.763110Z 2260135 INFO  HttpServer::onMessage - Request URL : /metrics from TcpConnection[ fd#41-id#1 ] - HttpServer.cpp:89
20260520 15:16:26.750335Z 2262123 INFO  MetricsDbWriter: inserted metrics row ts=1779261386 - MetricsDbWriter.cpp:96
20260520 15:16:29.142955Z 2262153 INFO  MetricsDbWriter: inserted metrics row ts=1779261389 - MetricsDbWriter.cpp:131
20260520 15:16:30.760160Z 2260135 INFO  HttpServer::onMessage - Request URL : /metrics from TcpConnection[ fd#41-id#1 ] - HttpServer.cpp:89
20260520 15:16:35.761586Z 2260135 INFO  HttpServer::onMessage - Request URL : /metrics from TcpConnection[ fd#41-id#1 ] - HttpServer.cpp:89
20260520 15:16:36.749468Z 2262217 INFO  MetricsDbWriter: inserted metrics row ts=1779261396 - MetricsDbWriter.cpp:96
20260520 15:16:39.266352Z 2260135 INFO  HttpServer::onMessage - Request URL : /api/health from TcpConnection[ fd#42-id#15 ] - HttpServer.cpp:89
20260520 15:16:39.269227Z 2260137 INFO  HttpServer::onMessage - Request URL : /api/prometheus/query_range from TcpConnection[ fd#44-id#16 ] - HttpServer.cpp:89
20260520 15:16:39.271007Z 2260135 INFO  HttpServer::onMessage - Request URL : /api/stats from TcpConnection[ fd#45-id#17 ] - HttpServer.cpp:89
20260520 15:16:39.286800Z 2260135 INFO  HttpServer::onMessage - Request URL : /api/game/status from TcpConnection[ fd#42-id#15 ] - HttpServer.cpp:89
20260520 15:16:39.315627Z 2260135 INFO  HttpServer::onMessage - Request URL : /api/prometheus/query_range from TcpConnection[ fd#42-id#15 ] - HttpServer.cpp:89
20260520 15:16:39.319970Z 2260137 INFO  HttpServer::onMessage - Request URL : /api/redis/status from TcpConnection[ fd#44-id#16 ] - HttpServer.cpp:89
20260520 15:16:39.339987Z 2260137 INFO  HttpServer::onMessage - Request URL : /api/prometheus/query_range from TcpConnection[ fd#44-id#16 ] - HttpServer.cpp:89
20260520 15:16:39.342523Z 2260135 INFO  HttpServer::onMessage - Request URL : /api/db/ping from TcpConnection[ fd#42-id#15 ] - HttpServer.cpp:89
20260520 15:16:39.366273Z 2260135 INFO  HttpServer::onMessage - Request URL : /api/prometheus/query_range from TcpConnection[ fd#42-id#15 ] - HttpServer.cpp:89
20260520 15:16:39.395107Z 2260135 INFO  HttpServer::onMessage - Request URL : /api/prometheus/query_range from TcpConnection[ fd#42-id#15 ] - HttpServer.cpp:89
20260520 15:16:39.423570Z 2260135 INFO  HttpServer::onMessage - Request URL : /api/prometheus/query_range from TcpConnection[ fd#42-id#15 ] - HttpServer.cpp:89
20260520 15:16:39.447335Z 2260135 INFO  HttpServer::onMessage - Request URL : /api/prometheus/query_range from TcpConnection[ fd#42-id#15 ] - HttpServer.cpp:89
20260520 15:16:39.143807Z 2262250 INFO  MetricsDbWriter: inserted metrics row ts=1779261399 - MetricsDbWriter.cpp:131
20260520 15:16:40.760583Z 2260135 INFO  HttpServer::onMessage - Request URL : /metrics from TcpConnection[ fd#41-id#1 ] - HttpServer.cpp:89
20260520 15:16:43.561649Z 2260130 INFO  TcpServer::HandleCloseInLoop - Remove connection [id#15-fd#42] - TcpServer.cpp:69
20260520 15:16:43.561712Z 2260130 INFO  TcpServer::HandleCloseInLoop - Remove connection [id#16-fd#44] - TcpServer.cpp:69
20260520 15:16:43.562914Z 2260130 INFO  TcpServer::HandleCloseInLoop - Remove connection [id#17-fd#45] - TcpServer.cpp:69
20260520 15:16:45.763808Z 2260135 INFO  HttpServer::onMessage - Request URL : /metrics from TcpConnection[ fd#41-id#1 ] - HttpServer.cpp:89
20260520 15:16:46.752157Z 2262267 INFO  MetricsDbWriter: inserted metrics row ts=1779261406 - MetricsDbWriter.cpp:96
20260520 15:16:50.763808Z 2260135 INFO  HttpServer::onMessage - Request URL : /metrics from TcpConnection[ fd#41-id#1 ] - HttpServer.cpp:89
20260520 15:16:49.142602Z 2262272 INFO  MetricsDbWriter: inserted metrics row ts=1779261409 - MetricsDbWriter.cpp:131
20260520 15:16:55.760343Z 2260135 INFO  HttpServer::onMessage - Request URL : /metrics from TcpConnection[ fd#41-id#1 ] - HttpServer.cpp:89
20260520 15:16:56.752152Z 2262407 INFO  MetricsDbWriter: inserted metrics row ts=1779261416 - MetricsDbWriter.cpp:96
20260520 15:16:59.144749Z 2262439 INFO  MetricsDbWriter: inserted metrics row ts=1779261419 - MetricsDbWriter.cpp:131
20260520 15:17:00.763327Z 2260135 INFO  HttpServer::onMessage - Request URL : /metrics from TcpConnection[ fd#41-id#1 ] - HttpServer.cpp:89
20260520 15:17:05.760986Z 2260135 INFO  HttpServer::onMessage - Request URL : /metrics from TcpConnection[ fd#41-id#1 ] - HttpServer.cpp:89
20260520 15:17:06.752048Z 2262504 INFO  MetricsDbWriter: inserted metrics row ts=1779261426 - MetricsDbWriter.cpp:96
20260520 15:17:09.143754Z 2262535 INFO  MetricsDbWriter: inserted metrics row ts=1779261429 - MetricsDbWriter.cpp:131
20260520 15:17:10.763312Z 2260135 INFO  HttpServer::onMessage - Request URL : /metrics from TcpConnection[ fd#41-id#1 ] - HttpServer.cpp:89
20260520 15:17:15.763856Z 2260135 INFO  HttpServer::onMessage - Request URL : /metrics from TcpConnection[ fd#41-id#1 ] - HttpServer.cpp:89
20260520 15:17:16.752450Z 2262553 INFO  MetricsDbWriter: inserted metrics row ts=1779261436 - MetricsDbWriter.cpp:96
20260520 15:17:19.144365Z 2262558 INFO  MetricsDbWriter: inserted metrics row ts=1779261439 - MetricsDbWriter.cpp:131
20260520 15:17:20.763788Z 2260135 INFO  HttpServer::onMessage - Request URL : /metrics from TcpConnection[ fd#41-id#1 ] - HttpServer.cpp:89
20260520 15:17:25.760325Z 2260135 INFO  HttpServer::onMessage - Request URL : /metrics from TcpConnection[ fd#41-id#1 ] - HttpServer.cpp:89
20260520 15:17:26.752545Z 2262572 INFO  MetricsDbWriter: inserted metrics row ts=1779261446 - MetricsDbWriter.cpp:96
20260520 15:17:29.144959Z 2262580 INFO  MetricsDbWriter: inserted metrics row ts=1779261449 - MetricsDbWriter.cpp:131
20260520 15:17:30.760286Z 2260135 INFO  HttpServer::onMessage - Request URL : /metrics from TcpConnection[ fd#41-id#1 ] - HttpServer.cpp:89
20260520 15:17:35.760225Z 2260135 INFO  HttpServer::onMessage - Request URL : /metrics from TcpConnection[ fd#41-id#1 ] - HttpServer.cpp:89
20260520 15:17:36.752502Z 2262593 INFO  MetricsDbWriter: inserted metrics row ts=1779261456 - MetricsDbWriter.cpp:96
20260520 15:17:39.281438Z 2260130 INFO  HttpServer::OnNewConnection : Add connection [ fd#42-id#18 ] from 58.247.150.86:15699 - HttpServer.cpp:49
20260520 15:17:39.282165Z 2260137 INFO  HttpServer::onMessage - Request URL : /api/health from TcpConnection[ fd#42-id#18 ] - HttpServer.cpp:89
20260520 15:17:39.283788Z 2260130 INFO  HttpServer::OnNewConnection : Add connection [ fd#44-id#19 ] from 58.247.150.86:15701 - HttpServer.cpp:49
20260520 15:17:39.284903Z 2260130 INFO  HttpServer::OnNewConnection : Add connection [ fd#45-id#20 ] from 58.247.150.86:15702 - HttpServer.cpp:49
20260520 15:17:39.288825Z 2260135 INFO  HttpServer::onMessage - Request URL : /api/prometheus/query_range from TcpConnection[ fd#44-id#19 ] - HttpServer.cpp:89
20260520 15:17:39.289432Z 2260137 INFO  HttpServer::onMessage - Request URL : /api/stats from TcpConnection[ fd#45-id#20 ] - HttpServer.cpp:89
20260520 15:17:39.296397Z 2260137 INFO  HttpServer::onMessage - Request URL : /api/game/status from TcpConnection[ fd#42-id#18 ] - HttpServer.cpp:89
20260520 15:17:39.327983Z 2260137 INFO  HttpServer::onMessage - Request URL : /api/prometheus/query_range from TcpConnection[ fd#42-id#18 ] - HttpServer.cpp:89
20260520 15:17:39.351635Z 2260137 INFO  HttpServer::onMessage - Request URL : /api/redis/status from TcpConnection[ fd#42-id#18 ] - HttpServer.cpp:89
20260520 15:17:39.362176Z 2260137 INFO  HttpServer::onMessage - Request URL : /api/prometheus/query_range from TcpConnection[ fd#45-id#20 ] - HttpServer.cpp:89
20260520 15:17:39.373885Z 2260137 INFO  HttpServer::onMessage - Request URL : /api/db/ping from TcpConnection[ fd#42-id#18 ] - HttpServer.cpp:89
20260520 15:17:39.386168Z 2260137 INFO  HttpServer::onMessage - Request URL : /api/prometheus/query_range from TcpConnection[ fd#45-id#20 ] - HttpServer.cpp:89
20260520 15:17:39.418187Z 2260137 INFO  HttpServer::onMessage - Request URL : /api/prometheus/query_range from TcpConnection[ fd#45-id#20 ] - HttpServer.cpp:89
20260520 15:17:39.441146Z 2260137 INFO  HttpServer::onMessage - Request URL : /api/prometheus/query_range from TcpConnection[ fd#45-id#20 ] - HttpServer.cpp:89
20260520 15:17:39.463425Z 2260137 INFO  HttpServer::onMessage - Request URL : /api/prometheus/query_range from TcpConnection[ fd#45-id#20 ] - HttpServer.cpp:89
20260520 15:17:39.146000Z 2262598 INFO  MetricsDbWriter: inserted metrics row ts=1779261459 - MetricsDbWriter.cpp:131
20260520 15:17:40.760155Z 2260135 INFO  HttpServer::onMessage - Request URL : /metrics from TcpConnection[ fd#41-id#1 ] - HttpServer.cpp:89
20260520 15:17:45.763012Z 2260135 INFO  HttpServer::onMessage - Request URL : /metrics from TcpConnection[ fd#41-id#1 ] - HttpServer.cpp:89
20260520 15:17:46.750076Z 2262614 INFO  MetricsDbWriter: inserted metrics row ts=1779261466 - MetricsDbWriter.cpp:96
20260520 15:17:49.145939Z 2262619 INFO  MetricsDbWriter: inserted metrics row ts=1779261469 - MetricsDbWriter.cpp:131
20260520 15:17:50.763310Z 2260135 INFO  HttpServer::onMessage - Request URL : /metrics from TcpConnection[ fd#41-id#1 ] - HttpServer.cpp:89
20260520 15:17:55.763429Z 2260135 INFO  HttpServer::onMessage - Request URL : /metrics from TcpConnection[ fd#41-id#1 ] - HttpServer.cpp:89
20260520 15:17:56.749541Z 2262634 INFO  MetricsDbWriter: inserted metrics row ts=1779261476 - MetricsDbWriter.cpp:96
20260520 15:17:59.143980Z 2262639 INFO  MetricsDbWriter: inserted metrics row ts=1779261479 - MetricsDbWriter.cpp:131
20260520 15:18:00.764025Z 2260135 INFO  HttpServer::onMessage - Request URL : /metrics from TcpConnection[ fd#41-id#1 ] - HttpServer.cpp:89
20260520 15:18:05.760917Z 2260135 INFO  HttpServer::onMessage - Request URL : /metrics from TcpConnection[ fd#41-id#1 ] - HttpServer.cpp:89
20260520 15:18:06.749444Z 2262652 INFO  MetricsDbWriter: inserted metrics row ts=1779261486 - MetricsDbWriter.cpp:96
20260520 15:18:09.144096Z 2262709 INFO  MetricsDbWriter: inserted metrics row ts=1779261489 - MetricsDbWriter.cpp:131
20260520 15:18:10.760822Z 2260135 INFO  HttpServer::onMessage - Request URL : /metrics from TcpConnection[ fd#41-id#1 ] - HttpServer.cpp:89
20260520 15:18:15.760506Z 2260135 INFO  HttpServer::onMessage - Request URL : /metrics from TcpConnection[ fd#41-id#1 ] - HttpServer.cpp:89
20260520 15:18:16.752232Z 2262749 INFO  MetricsDbWriter: inserted metrics row ts=1779261496 - MetricsDbWriter.cpp:96
20260520 15:18:19.144824Z 2262754 INFO  MetricsDbWriter: inserted metrics row ts=1779261499 - MetricsDbWriter.cpp:131
20260520 15:18:20.763562Z 2260135 INFO  HttpServer::onMessage - Request URL : /metrics from TcpConnection[ fd#41-id#1 ] - HttpServer.cpp:89
20260520 15:18:25.764125Z 2260135 INFO  HttpServer::onMessage - Request URL : /metrics from TcpConnection[ fd#41-id#1 ] - HttpServer.cpp:89
20260520 15:18:26.751332Z 2262769 INFO  MetricsDbWriter: inserted metrics row ts=1779261506 - MetricsDbWriter.cpp:96
20260520 15:18:29.144734Z 2262774 INFO  MetricsDbWriter: inserted metrics row ts=1779261509 - MetricsDbWriter.cpp:131
20260520 15:18:30.763224Z 2260135 INFO  HttpServer::onMessage - Request URL : /metrics from TcpConnection[ fd#41-id#1 ] - HttpServer.cpp:89
20260520 15:18:35.761343Z 2260135 INFO  HttpServer::onMessage - Request URL : /metrics from TcpConnection[ fd#41-id#1 ] - HttpServer.cpp:89
20260520 15:18:36.753305Z 2262787 INFO  MetricsDbWriter: inserted metrics row ts=1779261516 - MetricsDbWriter.cpp:96
20260520 15:18:39.266435Z 2260137 INFO  HttpServer::onMessage - Request URL : /api/prometheus/query_range from TcpConnection[ fd#42-id#18 ] - HttpServer.cpp:89
20260520 15:18:39.267079Z 2260135 INFO  HttpServer::onMessage - Request URL : /api/stats from TcpConnection[ fd#44-id#19 ] - HttpServer.cpp:89
20260520 15:18:39.267976Z 2260137 INFO  HttpServer::onMessage - Request URL : /api/health from TcpConnection[ fd#45-id#20 ] - HttpServer.cpp:89
20260520 15:18:39.290915Z 2260137 INFO  HttpServer::onMessage - Request URL : /api/prometheus/query_range from TcpConnection[ fd#45-id#20 ] - HttpServer.cpp:89
20260520 15:18:39.318997Z 2260137 INFO  HttpServer::onMessage - Request URL : /api/game/status from TcpConnection[ fd#45-id#20 ] - HttpServer.cpp:89
20260520 15:18:39.324550Z 2260135 INFO  HttpServer::onMessage - Request URL : /api/prometheus/query_range from TcpConnection[ fd#44-id#19 ] - HttpServer.cpp:89
20260520 15:18:39.341452Z 2260137 INFO  HttpServer::onMessage - Request URL : /api/redis/status from TcpConnection[ fd#45-id#20 ] - HttpServer.cpp:89
20260520 15:18:39.351531Z 2260135 INFO  HttpServer::onMessage - Request URL : /api/prometheus/query_range from TcpConnection[ fd#44-id#19 ] - HttpServer.cpp:89
20260520 15:18:39.365683Z 2260137 INFO  HttpServer::onMessage - Request URL : /api/db/ping from TcpConnection[ fd#45-id#20 ] - HttpServer.cpp:89
20260520 15:18:39.380779Z 2260135 INFO  HttpServer::onMessage - Request URL : /api/prometheus/query_range from TcpConnection[ fd#44-id#19 ] - HttpServer.cpp:89
20260520 15:18:39.403762Z 2260135 INFO  HttpServer::onMessage - Request URL : /api/prometheus/query_range from TcpConnection[ fd#44-id#19 ] - HttpServer.cpp:89
20260520 15:18:39.429264Z 2260135 INFO  HttpServer::onMessage - Request URL : /api/prometheus/query_range from TcpConnection[ fd#44-id#19 ] - HttpServer.cpp:89
20260520 15:18:39.144083Z 2262795 INFO  MetricsDbWriter: inserted metrics row ts=1779261519 - MetricsDbWriter.cpp:131
20260520 15:18:40.760175Z 2260135 INFO  HttpServer::onMessage - Request URL : /metrics from TcpConnection[ fd#41-id#1 ] - HttpServer.cpp:89
20260520 15:18:43.825001Z 2260130 INFO  TcpServer::HandleCloseInLoop - Remove connection [id#18-fd#42] - TcpServer.cpp:69
20260520 15:18:43.825524Z 2260130 INFO  TcpServer::HandleCloseInLoop - Remove connection [id#19-fd#44] - TcpServer.cpp:69
20260520 15:18:43.825904Z 2260130 INFO  TcpServer::HandleCloseInLoop - Remove connection [id#20-fd#45] - TcpServer.cpp:69
20260520 15:18:49.147054Z 2262813 INFO  MetricsDbWriter: inserted metrics row ts=1779261529 - MetricsDbWriter.cpp:131
20260520 15:18:45.762361Z 2260135 INFO  HttpServer::onMessage - Request URL : /metrics from TcpConnection[ fd#41-id#1 ] - HttpServer.cpp:89
20260520 15:18:46.752365Z 2262808 INFO  MetricsDbWriter: inserted metrics row ts=1779261526 - MetricsDbWriter.cpp:96
20260520 15:18:50.762402Z 2260135 INFO  HttpServer::onMessage - Request URL : /metrics from TcpConnection[ fd#41-id#1 ] - HttpServer.cpp:89
20260520 15:18:55.763160Z 2260135 INFO  HttpServer::onMessage - Request URL : /metrics from TcpConnection[ fd#41-id#1 ] - HttpServer.cpp:89
20260520 15:18:56.751812Z 2262829 INFO  MetricsDbWriter: inserted metrics row ts=1779261536 - MetricsDbWriter.cpp:96
20260520 15:18:59.146224Z 2262834 INFO  MetricsDbWriter: inserted metrics row ts=1779261539 - MetricsDbWriter.cpp:131
20260520 15:19:00.761892Z 2260135 INFO  HttpServer::onMessage - Request URL : /metrics from TcpConnection[ fd#41-id#1 ] - HttpServer.cpp:89
20260520 15:19:05.760157Z 2260135 INFO  HttpServer::onMessage - Request URL : /metrics from TcpConnection[ fd#41-id#1 ] - HttpServer.cpp:89
20260520 15:19:06.751566Z 2262850 INFO  MetricsDbWriter: inserted metrics row ts=1779261546 - MetricsDbWriter.cpp:96
20260520 15:19:09.144340Z 2262855 INFO  MetricsDbWriter: inserted metrics row ts=1779261549 - MetricsDbWriter.cpp:131
20260520 15:19:10.760156Z 2260135 INFO  HttpServer::onMessage - Request URL : /metrics from TcpConnection[ fd#41-id#1 ] - HttpServer.cpp:89
20260520 15:19:15.762734Z 2260135 INFO  HttpServer::onMessage - Request URL : /metrics from TcpConnection[ fd#41-id#1 ] - HttpServer.cpp:89
20260520 15:19:16.753783Z 2262871 INFO  MetricsDbWriter: inserted metrics row ts=1779261556 - MetricsDbWriter.cpp:96
20260520 15:19:19.145692Z 2262879 INFO  MetricsDbWriter: inserted metrics row ts=1779261559 - MetricsDbWriter.cpp:131
20260520 15:19:20.763563Z 2260135 INFO  HttpServer::onMessage - Request URL : /metrics from TcpConnection[ fd#41-id#1 ] - HttpServer.cpp:89
20260520 15:19:25.764001Z 2260135 INFO  HttpServer::onMessage - Request URL : /metrics from TcpConnection[ fd#41-id#1 ] - HttpServer.cpp:89
20260520 15:19:26.751913Z 2262891 INFO  MetricsDbWriter: inserted metrics row ts=1779261566 - MetricsDbWriter.cpp:96
20260520 15:19:30.763047Z 2260135 INFO  HttpServer::onMessage - Request URL : /metrics from TcpConnection[ fd#41-id#1 ] - HttpServer.cpp:89
20260520 15:19:35.760341Z 2260135 INFO  HttpServer::onMessage - Request URL : /metrics from TcpConnection[ fd#41-id#1 ] - HttpServer.cpp:89
20260520 15:19:36.752959Z 2262940 INFO  MetricsDbWriter: inserted metrics row ts=1779261576 - MetricsDbWriter.cpp:96
20260520 15:19:39.369642Z 2260130 INFO  HttpServer::OnNewConnection : Add connection [ fd#42-id#21 ] from 58.247.150.86:15843 - HttpServer.cpp:49
20260520 15:19:39.370865Z 2260135 INFO  HttpServer::onMessage - Request URL : /api/health from TcpConnection[ fd#42-id#21 ] - HttpServer.cpp:89
20260520 15:19:39.371766Z 2260130 INFO  HttpServer::OnNewConnection : Add connection [ fd#44-id#22 ] from 58.247.150.86:15844 - HttpServer.cpp:49
20260520 15:19:39.372280Z 2260137 INFO  HttpServer::onMessage - Request URL : /api/prometheus/query_range from TcpConnection[ fd#44-id#22 ] - HttpServer.cpp:89
20260520 15:19:39.373478Z 2260130 INFO  HttpServer::OnNewConnection : Add connection [ fd#46-id#23 ] from 58.247.150.86:15845 - HttpServer.cpp:49
20260520 15:19:39.374242Z 2260135 INFO  HttpServer::onMessage - Request URL : /api/stats from TcpConnection[ fd#46-id#23 ] - HttpServer.cpp:89
20260520 15:19:39.395369Z 2260135 INFO  HttpServer::onMessage - Request URL : /api/game/status from TcpConnection[ fd#42-id#21 ] - HttpServer.cpp:89
20260520 15:19:39.404258Z 2260135 INFO  HttpServer::onMessage - Request URL : /api/prometheus/query_range from TcpConnection[ fd#46-id#23 ] - HttpServer.cpp:89
20260520 15:19:39.645879Z 2260135 INFO  HttpServer::onMessage - Request URL : /api/redis/status from TcpConnection[ fd#42-id#21 ] - HttpServer.cpp:89
20260520 15:19:39.653023Z 2260135 INFO  HttpServer::onMessage - Request URL : /api/prometheus/query_range from TcpConnection[ fd#46-id#23 ] - HttpServer.cpp:89
20260520 15:19:39.665102Z 2260135 INFO  HttpServer::onMessage - Request URL : /api/db/ping from TcpConnection[ fd#42-id#21 ] - HttpServer.cpp:89
20260520 15:19:39.686498Z 2260135 INFO  HttpServer::onMessage - Request URL : /api/prometheus/query_range from TcpConnection[ fd#46-id#23 ] - HttpServer.cpp:89
20260520 15:19:39.985924Z 2260135 INFO  HttpServer::onMessage - Request URL : /api/prometheus/query_range from TcpConnection[ fd#46-id#23 ] - HttpServer.cpp:89
20260520 15:19:40.013154Z 2260135 INFO  HttpServer::onMessage - Request URL : /api/prometheus/query_range from TcpConnection[ fd#46-id#23 ] - HttpServer.cpp:89
20260520 15:19:40.308887Z 2260135 INFO  HttpServer::onMessage - Request URL : /api/prometheus/query_range from TcpConnection[ fd#46-id#23 ] - HttpServer.cpp:89
20260520 15:19:40.767232Z 2260135 INFO  HttpServer::onMessage - Request URL : /metrics from TcpConnection[ fd#41-id#1 ] - HttpServer.cpp:89
20260520 15:19:45.761579Z 2260135 INFO  HttpServer::onMessage - Request URL : /metrics from TcpConnection[ fd#41-id#1 ] - HttpServer.cpp:89
20260520 15:19:46.758221Z 2262957 INFO  MetricsDbWriter: inserted metrics row ts=1779261586 - MetricsDbWriter.cpp:96
20260520 15:19:50.763689Z 2260135 INFO  HttpServer::onMessage - Request URL : /metrics from TcpConnection[ fd#41-id#1 ] - HttpServer.cpp:89
20260520 15:19:55.764031Z 2260135 INFO  HttpServer::onMessage - Request URL : /metrics from TcpConnection[ fd#41-id#1 ] - HttpServer.cpp:89
20260520 15:19:56.752791Z 2262977 INFO  MetricsDbWriter: inserted metrics row ts=1779261596 - MetricsDbWriter.cpp:96
20260520 15:20:00.763421Z 2260135 INFO  HttpServer::onMessage - Request URL : /metrics from TcpConnection[ fd#41-id#1 ] - HttpServer.cpp:89
20260520 15:20:05.760782Z 2260135 INFO  HttpServer::onMessage - Request URL : /metrics from TcpConnection[ fd#41-id#1 ] - HttpServer.cpp:89
20260520 15:20:06.751311Z 2262997 INFO  MetricsDbWriter: inserted metrics row ts=1779261606 - MetricsDbWriter.cpp:96
20260520 15:20:10.763156Z 2260135 INFO  HttpServer::onMessage - Request URL : /metrics from TcpConnection[ fd#41-id#1 ] - HttpServer.cpp:89
20260520 15:20:15.763405Z 2260135 INFO  HttpServer::onMessage - Request URL : /metrics from TcpConnection[ fd#41-id#1 ] - HttpServer.cpp:89
20260520 15:20:16.762213Z 2263018 INFO  MetricsDbWriter: inserted metrics row ts=1779261616 - MetricsDbWriter.cpp:96
20260520 15:20:20.763458Z 2260135 INFO  HttpServer::onMessage - Request URL : /metrics from TcpConnection[ fd#41-id#1 ] - HttpServer.cpp:89
20260520 15:20:25.763114Z 2260135 INFO  HttpServer::onMessage - Request URL : /metrics from TcpConnection[ fd#41-id#1 ] - HttpServer.cpp:89
20260520 15:20:26.769810Z 2263037 INFO  MetricsDbWriter: inserted metrics row ts=1779261626 - MetricsDbWriter.cpp:96
20260520 15:20:30.761239Z 2260135 INFO  HttpServer::onMessage - Request URL : /metrics from TcpConnection[ fd#41-id#1 ] - HttpServer.cpp:89
20260520 15:20:35.762039Z 2260135 INFO  HttpServer::onMessage - Request URL : /metrics from TcpConnection[ fd#41-id#1 ] - HttpServer.cpp:89
20260520 15:20:36.762922Z 2263057 INFO  MetricsDbWriter: inserted metrics row ts=1779261636 - MetricsDbWriter.cpp:96
20260520 15:20:39.257601Z 2260135 INFO  HttpServer::onMessage - Request URL : /api/prometheus/query_range from TcpConnection[ fd#42-id#21 ] - HttpServer.cpp:89
20260520 15:20:39.258680Z 2260137 INFO  HttpServer::onMessage - Request URL : /api/stats from TcpConnection[ fd#44-id#22 ] - HttpServer.cpp:89
20260520 15:20:39.259593Z 2260135 INFO  HttpServer::onMessage - Request URL : /api/health from TcpConnection[ fd#46-id#23 ] - HttpServer.cpp:89
20260520 15:20:39.309802Z 2260135 INFO  HttpServer::onMessage - Request URL : /api/game/status from TcpConnection[ fd#42-id#21 ] - HttpServer.cpp:89
20260520 15:20:39.311676Z 2260135 INFO  HttpServer::onMessage - Request URL : /api/prometheus/query_range from TcpConnection[ fd#46-id#23 ] - HttpServer.cpp:89
20260520 15:20:39.324999Z 2260135 INFO  HttpServer::onMessage - Request URL : /api/redis/status from TcpConnection[ fd#42-id#21 ] - HttpServer.cpp:89
20260520 15:20:39.337353Z 2260135 INFO  HttpServer::onMessage - Request URL : /api/prometheus/query_range from TcpConnection[ fd#46-id#23 ] - HttpServer.cpp:89
20260520 15:20:39.339685Z 2260135 INFO  HttpServer::onMessage - Request URL : /api/db/ping from TcpConnection[ fd#42-id#21 ] - HttpServer.cpp:89
20260520 15:20:39.370518Z 2260135 INFO  HttpServer::onMessage - Request URL : /api/prometheus/query_range from TcpConnection[ fd#42-id#21 ] - HttpServer.cpp:89
20260520 15:20:39.391236Z 2260135 INFO  HttpServer::onMessage - Request URL : /api/prometheus/query_range from TcpConnection[ fd#42-id#21 ] - HttpServer.cpp:89
20260520 15:20:39.412012Z 2260135 INFO  HttpServer::onMessage - Request URL : /api/prometheus/query_range from TcpConnection[ fd#42-id#21 ] - HttpServer.cpp:89
20260520 15:20:39.433072Z 2260135 INFO  HttpServer::onMessage - Request URL : /api/prometheus/query_range from TcpConnection[ fd#42-id#21 ] - HttpServer.cpp:89
20260520 15:20:40.760783Z 2260135 INFO  HttpServer::onMessage - Request URL : /metrics from TcpConnection[ fd#41-id#1 ] - HttpServer.cpp:89
20260520 15:20:44.093435Z 2260130 INFO  TcpServer::HandleCloseInLoop - Remove connection [id#21-fd#42] - TcpServer.cpp:69
20260520 15:20:44.095074Z 2260130 INFO  TcpServer::HandleCloseInLoop - Remove connection [id#22-fd#44] - TcpServer.cpp:69
20260520 15:20:44.096500Z 2260130 INFO  TcpServer::HandleCloseInLoop - Remove connection [id#23-fd#46] - TcpServer.cpp:69
20260520 15:20:45.760933Z 2260135 INFO  HttpServer::onMessage - Request URL : /metrics from TcpConnection[ fd#41-id#1 ] - HttpServer.cpp:89
20260520 15:20:46.765687Z 2263077 INFO  MetricsDbWriter: inserted metrics row ts=1779261646 - MetricsDbWriter.cpp:96
20260520 15:20:50.763221Z 2260135 INFO  HttpServer::onMessage - Request URL : /metrics from TcpConnection[ fd#41-id#1 ] - HttpServer.cpp:89
20260520 15:20:55.761309Z 2260135 INFO  HttpServer::onMessage - Request URL : /metrics from TcpConnection[ fd#41-id#1 ] - HttpServer.cpp:89
20260520 15:20:56.766595Z 2263099 INFO  MetricsDbWriter: inserted metrics row ts=1779261656 - MetricsDbWriter.cpp:96
20260520 15:21:00.761640Z 2260135 INFO  HttpServer::onMessage - Request URL : /metrics from TcpConnection[ fd#41-id#1 ] - HttpServer.cpp:89
20260520 15:21:05.761010Z 2260135 INFO  HttpServer::onMessage - Request URL : /metrics from TcpConnection[ fd#41-id#1 ] - HttpServer.cpp:89
20260520 15:21:06.764072Z 2263116 INFO  MetricsDbWriter: inserted metrics row ts=1779261666 - MetricsDbWriter.cpp:96
20260520 15:21:10.760313Z 2260135 INFO  HttpServer::onMessage - Request URL : /metrics from TcpConnection[ fd#41-id#1 ] - HttpServer.cpp:89
20260520 15:21:15.763500Z 2260135 INFO  HttpServer::onMessage - Request URL : /metrics from TcpConnection[ fd#41-id#1 ] - HttpServer.cpp:89
20260520 15:21:16.764140Z 2263189 INFO  MetricsDbWriter: inserted metrics row ts=1779261676 - MetricsDbWriter.cpp:96
20260520 15:21:20.763503Z 2260135 INFO  HttpServer::onMessage - Request URL : /metrics from TcpConnection[ fd#41-id#1 ] - HttpServer.cpp:89
20260520 15:21:21.445920Z 2260130 INFO  HttpServer::OnNewConnection : Add connection [ fd#42-id#24 ] from 94.232.42.93:55202 - HttpServer.cpp:49
20260520 15:21:21.446029Z 2260137 INFO  HttpServer::onMessage - Request URL : /login from TcpConnection[ fd#42-id#24 ] - HttpServer.cpp:89
20260520 15:21:21.446866Z 2260130 INFO  TcpServer::HandleCloseInLoop - Remove connection [id#24-fd#42] - TcpServer.cpp:69
20260520 15:21:25.761849Z 2260135 INFO  HttpServer::onMessage - Request URL : /metrics from TcpConnection[ fd#41-id#1 ] - HttpServer.cpp:89
20260520 15:21:26.764398Z 2263211 INFO  MetricsDbWriter: inserted metrics row ts=1779261686 - MetricsDbWriter.cpp:96
20260520 15:21:30.761875Z 2260135 INFO  HttpServer::onMessage - Request URL : /metrics from TcpConnection[ fd#41-id#1 ] - HttpServer.cpp:89
20260520 15:21:35.761129Z 2260135 INFO  HttpServer::onMessage - Request URL : /metrics from TcpConnection[ fd#41-id#1 ] - HttpServer.cpp:89
20260520 15:21:36.764596Z 2263228 INFO  MetricsDbWriter: inserted metrics row ts=1779261696 - MetricsDbWriter.cpp:96
20260520 15:21:39.271222Z 2260130 INFO  HttpServer::OnNewConnection : Add connection [ fd#42-id#25 ] from 58.247.150.86:16409 - HttpServer.cpp:49
20260520 15:21:39.275998Z 2260135 INFO  HttpServer::onMessage - Request URL : /api/health from TcpConnection[ fd#42-id#25 ] - HttpServer.cpp:89
20260520 15:21:39.276905Z 2260130 INFO  HttpServer::OnNewConnection : Add connection [ fd#44-id#26 ] from 58.247.150.86:16410 - HttpServer.cpp:49
20260520 15:21:39.278242Z 2260137 INFO  HttpServer::onMessage - Request URL : /api/prometheus/query_range from TcpConnection[ fd#44-id#26 ] - HttpServer.cpp:89
20260520 15:21:39.279023Z 2260130 INFO  HttpServer::OnNewConnection : Add connection [ fd#46-id#27 ] from 58.247.150.86:16411 - HttpServer.cpp:49
20260520 15:21:39.279251Z 2260135 INFO  HttpServer::onMessage - Request URL : /api/stats from TcpConnection[ fd#46-id#27 ] - HttpServer.cpp:89
20260520 15:21:39.296464Z 2260135 INFO  HttpServer::onMessage - Request URL : /api/game/status from TcpConnection[ fd#42-id#25 ] - HttpServer.cpp:89
20260520 15:21:39.298566Z 2260135 INFO  HttpServer::onMessage - Request URL : /api/prometheus/query_range from TcpConnection[ fd#46-id#27 ] - HttpServer.cpp:89
20260520 15:21:39.324951Z 2260135 INFO  HttpServer::onMessage - Request URL : /api/redis/status from TcpConnection[ fd#42-id#25 ] - HttpServer.cpp:89
20260520 15:21:39.345953Z 2260135 INFO  HttpServer::onMessage - Request URL : /api/prometheus/query_range from TcpConnection[ fd#42-id#25 ] - HttpServer.cpp:89
20260520 15:21:39.346942Z 2260135 INFO  HttpServer::onMessage - Request URL : /api/db/ping from TcpConnection[ fd#46-id#27 ] - HttpServer.cpp:89
20260520 15:21:39.366794Z 2260135 INFO  HttpServer::onMessage - Request URL : /api/prometheus/query_range from TcpConnection[ fd#46-id#27 ] - HttpServer.cpp:89
20260520 15:21:39.390780Z 2260135 INFO  HttpServer::onMessage - Request URL : /api/prometheus/query_range from TcpConnection[ fd#46-id#27 ] - HttpServer.cpp:89
20260520 15:21:39.413770Z 2260135 INFO  HttpServer::onMessage - Request URL : /api/prometheus/query_range from TcpConnection[ fd#46-id#27 ] - HttpServer.cpp:89
20260520 15:21:39.438269Z 2260135 INFO  HttpServer::onMessage - Request URL : /api/prometheus/query_range from TcpConnection[ fd#46-id#27 ] - HttpServer.cpp:89
20260520 15:21:40.760215Z 2260135 INFO  HttpServer::onMessage - Request URL : /metrics from TcpConnection[ fd#41-id#1 ] - HttpServer.cpp:89
20260520 15:21:42.916937Z 2260130 INFO  TcpServer::HandleCloseInLoop - Remove connection [id#26-fd#44] - TcpServer.cpp:69
20260520 15:21:42.917304Z 2260130 INFO  TcpServer::HandleCloseInLoop - Remove connection [id#25-fd#42] - TcpServer.cpp:69
20260520 15:21:42.918142Z 2260130 INFO  TcpServer::HandleCloseInLoop - Remove connection [id#27-fd#46] - TcpServer.cpp:69
20260520 15:21:45.762806Z 2260135 INFO  HttpServer::onMessage - Request URL : /metrics from TcpConnection[ fd#41-id#1 ] - HttpServer.cpp:89
20260520 15:21:46.764068Z 2263248 INFO  MetricsDbWriter: inserted metrics row ts=1779261706 - MetricsDbWriter.cpp:96
20260520 15:21:50.763369Z 2260135 INFO  HttpServer::onMessage - Request URL : /metrics from TcpConnection[ fd#41-id#1 ] - HttpServer.cpp:89
20260520 15:21:55.763884Z 2260135 INFO  HttpServer::onMessage - Request URL : /metrics from TcpConnection[ fd#41-id#1 ] - HttpServer.cpp:89
20260520 15:21:56.763519Z 2263319 INFO  MetricsDbWriter: inserted metrics row ts=1779261716 - MetricsDbWriter.cpp:96
20260520 15:22:00.763770Z 2260135 INFO  HttpServer::onMessage - Request URL : /metrics from TcpConnection[ fd#41-id#1 ] - HttpServer.cpp:89
20260520 15:22:05.761627Z 2260135 INFO  HttpServer::onMessage - Request URL : /metrics from TcpConnection[ fd#41-id#1 ] - HttpServer.cpp:89
20260520 15:22:06.765481Z 2263340 INFO  MetricsDbWriter: inserted metrics row ts=1779261726 - MetricsDbWriter.cpp:96
20260520 15:22:10.763291Z 2260135 INFO  HttpServer::onMessage - Request URL : /metrics from TcpConnection[ fd#41-id#1 ] - HttpServer.cpp:89
20260520 15:22:15.760257Z 2260135 INFO  HttpServer::onMessage - Request URL : /metrics from TcpConnection[ fd#41-id#1 ] - HttpServer.cpp:89
20260520 15:22:16.764361Z 2263358 INFO  MetricsDbWriter: inserted metrics row ts=1779261736 - MetricsDbWriter.cpp:96
20260520 15:22:20.760358Z 2260135 INFO  HttpServer::onMessage - Request URL : /metrics from TcpConnection[ fd#41-id#1 ] - HttpServer.cpp:89
20260520 15:22:25.763390Z 2260135 INFO  HttpServer::onMessage - Request URL : /metrics from TcpConnection[ fd#41-id#1 ] - HttpServer.cpp:89
20260520 15:22:26.764622Z 2263377 INFO  MetricsDbWriter: inserted metrics row ts=1779261746 - MetricsDbWriter.cpp:96
20260520 15:22:30.762292Z 2260135 INFO  HttpServer::onMessage - Request URL : /metrics from TcpConnection[ fd#41-id#1 ] - HttpServer.cpp:89
20260520 15:22:35.762336Z 2260135 INFO  HttpServer::onMessage - Request URL : /metrics from TcpConnection[ fd#41-id#1 ] - HttpServer.cpp:89
20260520 15:22:36.764432Z 2263404 INFO  MetricsDbWriter: inserted metrics row ts=1779261756 - MetricsDbWriter.cpp:96
20260520 15:22:39.268864Z 2260130 INFO  HttpServer::OnNewConnection : Add connection [ fd#42-id#28 ] from 58.247.150.86:16776 - HttpServer.cpp:49
20260520 15:22:39.270080Z 2260137 INFO  HttpServer::onMessage - Request URL : /api/health from TcpConnection[ fd#42-id#28 ] - HttpServer.cpp:89
20260520 15:22:39.270507Z 2260130 INFO  HttpServer::OnNewConnection : Add connection [ fd#44-id#29 ] from 58.247.150.86:16778 - HttpServer.cpp:49
20260520 15:22:39.271767Z 2260135 INFO  HttpServer::onMessage - Request URL : /api/prometheus/query_range from TcpConnection[ fd#44-id#29 ] - HttpServer.cpp:89
20260520 15:22:39.273836Z 2260130 INFO  HttpServer::OnNewConnection : Add connection [ fd#45-id#30 ] from 58.247.150.86:16777 - HttpServer.cpp:49
20260520 15:22:39.273872Z 2260137 INFO  HttpServer::onMessage - Request URL : /api/stats from TcpConnection[ fd#45-id#30 ] - HttpServer.cpp:89
20260520 15:22:39.306605Z 2260137 INFO  HttpServer::onMessage - Request URL : /api/game/status from TcpConnection[ fd#42-id#28 ] - HttpServer.cpp:89
20260520 15:22:39.309102Z 2260137 INFO  HttpServer::onMessage - Request URL : /api/prometheus/query_range from TcpConnection[ fd#45-id#30 ] - HttpServer.cpp:89
20260520 15:22:39.336331Z 2260137 INFO  HttpServer::onMessage - Request URL : /api/redis/status from TcpConnection[ fd#42-id#28 ] - HttpServer.cpp:89
20260520 15:22:39.344863Z 2260137 INFO  HttpServer::onMessage - Request URL : /api/prometheus/query_range from TcpConnection[ fd#45-id#30 ] - HttpServer.cpp:89
20260520 15:22:39.353348Z 2260137 INFO  HttpServer::onMessage - Request URL : /api/db/ping from TcpConnection[ fd#42-id#28 ] - HttpServer.cpp:89
20260520 15:22:39.368120Z 2260137 INFO  HttpServer::onMessage - Request URL : /api/prometheus/query_range from TcpConnection[ fd#45-id#30 ] - HttpServer.cpp:89
20260520 15:22:39.405922Z 2260137 INFO  HttpServer::onMessage - Request URL : /api/prometheus/query_range from TcpConnection[ fd#45-id#30 ] - HttpServer.cpp:89
20260520 15:22:39.430136Z 2260137 INFO  HttpServer::onMessage - Request URL : /api/prometheus/query_range from TcpConnection[ fd#45-id#30 ] - HttpServer.cpp:89
20260520 15:22:39.454891Z 2260137 INFO  HttpServer::onMessage - Request URL : /api/prometheus/query_range from TcpConnection[ fd#45-id#30 ] - HttpServer.cpp:89
20260520 15:22:40.764056Z 2260135 INFO  HttpServer::onMessage - Request URL : /metrics from TcpConnection[ fd#41-id#1 ] - HttpServer.cpp:89
20260520 15:22:44.435326Z 2260130 INFO  TcpServer::HandleCloseInLoop - Remove connection [id#28-fd#42] - TcpServer.cpp:69
20260520 15:22:44.435480Z 2260130 INFO  TcpServer::HandleCloseInLoop - Remove connection [id#29-fd#44] - TcpServer.cpp:69
20260520 15:22:44.436050Z 2260130 INFO  TcpServer::HandleCloseInLoop - Remove connection [id#30-fd#45] - TcpServer.cpp:69
20260520 15:22:45.788898Z 2260135 INFO  HttpServer::onMessage - Request URL : /metrics from TcpConnection[ fd#41-id#1 ] - HttpServer.cpp:89
20260520 15:22:46.935653Z 2263506 INFO  MetricsDbWriter: inserted metrics row ts=1779261766 - MetricsDbWriter.cpp:96
20260520 15:22:50.762800Z 2260135 INFO  HttpServer::onMessage - Request URL : /metrics from TcpConnection[ fd#41-id#1 ] - HttpServer.cpp:89
20260520 15:22:55.768159Z 2260135 INFO  HttpServer::onMessage - Request URL : /metrics from TcpConnection[ fd#41-id#1 ] - HttpServer.cpp:89
20260520 15:22:56.774707Z 2263553 INFO  MetricsDbWriter: inserted metrics row ts=1779261776 - MetricsDbWriter.cpp:96
20260520 15:22:57.392041Z 2260134 INFO  TcpServer::HandleCloseInLoop - Remove connection [id#1-fd#42] - TcpServer.cpp:69
20260520 15:22:55.412566Z 2263540 INFO  mysql pool config loaded from /root/projects/CppWebServer/config/mysql.cnf initSize=3 maxSize=32 - ConnectionPool.cpp:67
20260520 15:22:55.699698Z 2263540 INFO  MetricsDbWriter: flush to MySQL every 10s - MetricsDbWriter.cpp:59
20260520 15:22:55.701725Z 2263540 INFO  SessionStore: Redis ok 127.0.0.1:6379 default_ttl_sec=7200 - SessionStore.cpp:103
20260520 15:22:55.701809Z 2263540 INFO  Game protobuf TCP 8081 (HTTP 8080) - http_server.cpp:562
20260520 15:22:55.701892Z 2263540 ERROR Failed to Bind [0.0.0.0:8080] - Acceptor.cpp:49
20260520 15:22:55.701909Z 2263548 ERROR Failed to Bind [0.0.0.0:8081] - Acceptor.cpp:49
20260520 15:22:55.701920Z 2263540 INFO  HttpServer Listening on [ 0.0.0.0:8080 ] - HttpServer.cpp:35
20260520 15:22:55.701936Z 2263548 INFO  GameTcpGateway listening on 0.0.0.0:8081 (length-prefix + protobuf) - GameTcpGateway.cpp:47
20260520 15:22:55.717287Z 2263552 INFO  MetricsDbWriter: table webserver_metrics ready - MetricsDbWriter.cpp:96
20260520 15:22:55.735440Z 2263552 INFO  MetricsDbWriter: inserted metrics row ts=1779261775 - MetricsDbWriter.cpp:131
20260520 15:23:00.760370Z 2260135 INFO  HttpServer::onMessage - Request URL : /metrics from TcpConnection[ fd#41-id#1 ] - HttpServer.cpp:89
20260520 15:23:05.760487Z 2260135 INFO  HttpServer::onMessage - Request URL : /metrics from TcpConnection[ fd#41-id#1 ] - HttpServer.cpp:89
20260520 15:23:06.776580Z 2263609 INFO  MetricsDbWriter: inserted metrics row ts=1779261786 - MetricsDbWriter.cpp:96
20260520 15:23:05.741321Z 2263605 INFO  MetricsDbWriter: inserted metrics row ts=1779261785 - MetricsDbWriter.cpp:131
20260520 15:23:10.762510Z 2260135 INFO  HttpServer::onMessage - Request URL : /metrics from TcpConnection[ fd#41-id#1 ] - HttpServer.cpp:89
20260520 15:23:15.741970Z 2263627 INFO  MetricsDbWriter: inserted metrics row ts=1779261795 - MetricsDbWriter.cpp:131
20260520 15:23:15.764469Z 2260135 INFO  HttpServer::onMessage - Request URL : /metrics from TcpConnection[ fd#41-id#1 ] - HttpServer.cpp:89
20260520 15:23:16.777087Z 2263631 INFO  MetricsDbWriter: inserted metrics row ts=1779261796 - MetricsDbWriter.cpp:96
20260520 15:23:20.769058Z 2260135 INFO  HttpServer::onMessage - Request URL : /metrics from TcpConnection[ fd#41-id#1 ] - HttpServer.cpp:89
20260520 15:23:25.763553Z 2260135 INFO  HttpServer::onMessage - Request URL : /metrics from TcpConnection[ fd#41-id#1 ] - HttpServer.cpp:89
20260520 15:23:26.775183Z 2263676 INFO  MetricsDbWriter: inserted metrics row ts=1779261806 - MetricsDbWriter.cpp:96
20260520 15:23:25.718918Z 2263675 INFO  MetricsDbWriter: inserted metrics row ts=1779261805 - MetricsDbWriter.cpp:131
20260520 15:23:29.518593Z 2260130 INFO  HttpServer::OnNewConnection : Add connection [ fd#42-id#31 ] from 5.61.209.224:38190 - HttpServer.cpp:49
20260520 15:23:29.518670Z 2260135 INFO  HttpServer::onMessage - Request URL : /..%2F..%2F..%2F..%2F..%2F..%2Fetc%2Fpasswd from TcpConnection[ fd#42-id#31 ] - HttpServer.cpp:89
20260520 15:23:29.518828Z 2260130 INFO  TcpServer::HandleCloseInLoop - Remove connection [id#31-fd#42] - TcpServer.cpp:69
20260520 15:23:30.761081Z 2260135 INFO  HttpServer::onMessage - Request URL : /metrics from TcpConnection[ fd#41-id#1 ] - HttpServer.cpp:89
20260520 15:23:35.760893Z 2260135 INFO  HttpServer::onMessage - Request URL : /metrics from TcpConnection[ fd#41-id#1 ] - HttpServer.cpp:89
20260520 15:23:36.776322Z 2263698 INFO  MetricsDbWriter: inserted metrics row ts=1779261816 - MetricsDbWriter.cpp:96
20260520 15:23:35.723769Z 2263697 INFO  MetricsDbWriter: inserted metrics row ts=1779261815 - MetricsDbWriter.cpp:131
20260520 15:23:39.270438Z 2260130 INFO  HttpServer::OnNewConnection : Add connection [ fd#42-id#32 ] from 58.247.150.86:16993 - HttpServer.cpp:49
20260520 15:23:39.271170Z 2260130 INFO  HttpServer::OnNewConnection : Add connection [ fd#44-id#33 ] from 58.247.150.86:16992 - HttpServer.cpp:49
20260520 15:23:39.272193Z 2260135 INFO  HttpServer::onMessage - Request URL : /api/prometheus/query_range from TcpConnection[ fd#44-id#33 ] - HttpServer.cpp:89
20260520 15:23:39.272626Z 2260137 INFO  HttpServer::onMessage - Request URL : /api/health from TcpConnection[ fd#42-id#32 ] - HttpServer.cpp:89
20260520 15:23:39.272848Z 2260130 INFO  HttpServer::OnNewConnection : Add connection [ fd#46-id#34 ] from 58.247.150.86:16991 - HttpServer.cpp:49
20260520 15:23:39.276368Z 2260137 INFO  HttpServer::onMessage - Request URL : /api/stats from TcpConnection[ fd#46-id#34 ] - HttpServer.cpp:89
20260520 15:23:39.290636Z 2260137 INFO  HttpServer::onMessage - Request URL : /api/game/status from TcpConnection[ fd#42-id#32 ] - HttpServer.cpp:89
20260520 15:23:39.320878Z 2260137 INFO  HttpServer::onMessage - Request URL : /api/redis/status from TcpConnection[ fd#42-id#32 ] - HttpServer.cpp:89
20260520 15:23:39.341884Z 2260137 INFO  HttpServer::onMessage - Request URL : /api/prometheus/query_range from TcpConnection[ fd#42-id#32 ] - HttpServer.cpp:89
20260520 15:23:39.343426Z 2260135 INFO  HttpServer::onMessage - Request URL : /api/db/ping from TcpConnection[ fd#44-id#33 ] - HttpServer.cpp:89
20260520 15:23:39.374885Z 2260137 INFO  HttpServer::onMessage - Request URL : /api/prometheus/query_range from TcpConnection[ fd#42-id#32 ] - HttpServer.cpp:89
20260520 15:23:39.400239Z 2260137 INFO  HttpServer::onMessage - Request URL : /api/prometheus/query_range from TcpConnection[ fd#42-id#32 ] - HttpServer.cpp:89
20260520 15:23:39.424628Z 2260137 INFO  HttpServer::onMessage - Request URL : /api/prometheus/query_range from TcpConnection[ fd#42-id#32 ] - HttpServer.cpp:89
20260520 15:23:39.449664Z 2260137 INFO  HttpServer::onMessage - Request URL : /api/prometheus/query_range from TcpConnection[ fd#42-id#32 ] - HttpServer.cpp:89
20260520 15:23:39.470624Z 2260137 INFO  HttpServer::onMessage - Request URL : /api/prometheus/query_range from TcpConnection[ fd#42-id#32 ] - HttpServer.cpp:89
20260520 15:23:40.760333Z 2260135 INFO  HttpServer::onMessage - Request URL : /metrics from TcpConnection[ fd#41-id#1 ] - HttpServer.cpp:89
20260520 15:23:45.717434Z 2263716 INFO  MetricsDbWriter: inserted metrics row ts=1779261825 - MetricsDbWriter.cpp:131
20260520 15:23:45.764445Z 2260135 INFO  HttpServer::onMessage - Request URL : /metrics from TcpConnection[ fd#41-id#1 ] - HttpServer.cpp:89
20260520 15:23:46.776090Z 2263720 INFO  MetricsDbWriter: inserted metrics row ts=1779261826 - MetricsDbWriter.cpp:96
20260520 15:23:50.763399Z 2260135 INFO  HttpServer::onMessage - Request URL : /metrics from TcpConnection[ fd#41-id#1 ] - HttpServer.cpp:89
20260520 15:23:55.764444Z 2260135 INFO  HttpServer::onMessage - Request URL : /metrics from TcpConnection[ fd#41-id#1 ] - HttpServer.cpp:89
20260520 15:23:56.779697Z 2263740 INFO  MetricsDbWriter: inserted metrics row ts=1779261836 - MetricsDbWriter.cpp:96
20260520 15:23:55.717895Z 2263736 INFO  MetricsDbWriter: inserted metrics row ts=1779261835 - MetricsDbWriter.cpp:131
20260520 15:24:00.763606Z 2260135 INFO  HttpServer::onMessage - Request URL : /metrics from TcpConnection[ fd#41-id#1 ] - HttpServer.cpp:89
20260520 15:24:05.760447Z 2260135 INFO  HttpServer::onMessage - Request URL : /metrics from TcpConnection[ fd#41-id#1 ] - HttpServer.cpp:89
20260520 15:24:05.912015Z 2260130 INFO  TcpServer::HandleCloseInLoop - Remove connection [id#34-fd#46] - TcpServer.cpp:69
20260520 15:24:05.912230Z 2260130 INFO  TcpServer::HandleCloseInLoop - Remove connection [id#33-fd#44] - TcpServer.cpp:69
20260520 15:24:05.913438Z 2260130 INFO  TcpServer::HandleCloseInLoop - Remove connection [id#32-fd#42] - TcpServer.cpp:69
20260520 15:24:06.777746Z 2263758 INFO  MetricsDbWriter: inserted metrics row ts=1779261846 - MetricsDbWriter.cpp:96
20260520 15:24:05.719148Z 2263757 INFO  MetricsDbWriter: inserted metrics row ts=1779261845 - MetricsDbWriter.cpp:131
20260520 15:24:10.764582Z 2260135 INFO  HttpServer::onMessage - Request URL : /metrics from TcpConnection[ fd#41-id#1 ] - HttpServer.cpp:89
20260520 15:24:15.716654Z 2263780 INFO  MetricsDbWriter: inserted metrics row ts=1779261855 - MetricsDbWriter.cpp:131
20260520 15:24:15.762999Z 2260135 INFO  HttpServer::onMessage - Request URL : /metrics from TcpConnection[ fd#41-id#1 ] - HttpServer.cpp:89
20260520 15:24:16.775655Z 2263783 INFO  MetricsDbWriter: inserted metrics row ts=1779261856 - MetricsDbWriter.cpp:96
20260520 15:24:20.779894Z 2260135 INFO  HttpServer::onMessage - Request URL : /metrics from TcpConnection[ fd#41-id#1 ] - HttpServer.cpp:89
20260520 15:24:25.763001Z 2260135 INFO  HttpServer::onMessage - Request URL : /metrics from TcpConnection[ fd#41-id#1 ] - HttpServer.cpp:89
20260520 15:24:26.774975Z 2263806 INFO  MetricsDbWriter: inserted metrics row ts=1779261866 - MetricsDbWriter.cpp:96
20260520 15:24:25.715353Z 2263801 INFO  MetricsDbWriter: inserted metrics row ts=1779261865 - MetricsDbWriter.cpp:131
20260520 15:24:30.763366Z 2260135 INFO  HttpServer::onMessage - Request URL : /metrics from TcpConnection[ fd#41-id#1 ] - HttpServer.cpp:89
20260520 15:24:35.762041Z 2260135 INFO  HttpServer::onMessage - Request URL : /metrics from TcpConnection[ fd#41-id#1 ] - HttpServer.cpp:89
20260520 15:24:36.779233Z 2263826 INFO  MetricsDbWriter: inserted metrics row ts=1779261876 - MetricsDbWriter.cpp:96
20260520 15:24:35.715858Z 2263824 INFO  MetricsDbWriter: inserted metrics row ts=1779261875 - MetricsDbWriter.cpp:131
20260520 15:24:39.281848Z 2260130 INFO  HttpServer::OnNewConnection : Add connection [ fd#42-id#35 ] from 58.247.150.86:17088 - HttpServer.cpp:49
20260520 15:24:39.281906Z 2260130 INFO  HttpServer::OnNewConnection : Add connection [ fd#44-id#36 ] from 58.247.150.86:17086 - HttpServer.cpp:49
20260520 15:24:39.282358Z 2260130 INFO  HttpServer::OnNewConnection : Add connection [ fd#45-id#37 ] from 58.247.150.86:17087 - HttpServer.cpp:49
20260520 15:24:39.282787Z 2260137 INFO  HttpServer::onMessage - Request URL : /api/health from TcpConnection[ fd#44-id#36 ] - HttpServer.cpp:89
20260520 15:24:39.283574Z 2260135 INFO  HttpServer::onMessage - Request URL : /api/prometheus/query_range from TcpConnection[ fd#42-id#35 ] - HttpServer.cpp:89
20260520 15:24:39.284592Z 2260135 INFO  HttpServer::onMessage - Request URL : /api/stats from TcpConnection[ fd#45-id#37 ] - HttpServer.cpp:89
20260520 15:24:39.337166Z 2260135 INFO  HttpServer::onMessage - Request URL : /api/game/status from TcpConnection[ fd#42-id#35 ] - HttpServer.cpp:89
20260520 15:24:39.337843Z 2260137 INFO  HttpServer::onMessage - Request URL : /api/prometheus/query_range from TcpConnection[ fd#44-id#36 ] - HttpServer.cpp:89
20260520 15:24:39.356803Z 2260137 INFO  HttpServer::onMessage - Request URL : /api/redis/status from TcpConnection[ fd#44-id#36 ] - HttpServer.cpp:89
20260520 15:24:39.360819Z 2260135 INFO  HttpServer::onMessage - Request URL : /api/prometheus/query_range from TcpConnection[ fd#42-id#35 ] - HttpServer.cpp:89
20260520 15:24:39.373794Z 2260137 INFO  HttpServer::onMessage - Request URL : /api/db/ping from TcpConnection[ fd#44-id#36 ] - HttpServer.cpp:89
20260520 15:24:39.383816Z 2260135 INFO  HttpServer::onMessage - Request URL : /api/prometheus/query_range from TcpConnection[ fd#42-id#35 ] - HttpServer.cpp:89
20260520 15:24:39.408089Z 2260135 INFO  HttpServer::onMessage - Request URL : /api/prometheus/query_range from TcpConnection[ fd#42-id#35 ] - HttpServer.cpp:89
20260520 15:24:39.428593Z 2260135 INFO  HttpServer::onMessage - Request URL : /api/prometheus/query_range from TcpConnection[ fd#42-id#35 ] - HttpServer.cpp:89
20260520 15:24:39.448566Z 2260135 INFO  HttpServer::onMessage - Request URL : /api/prometheus/query_range from TcpConnection[ fd#42-id#35 ] - HttpServer.cpp:89
20260520 15:24:40.760710Z 2260135 INFO  HttpServer::onMessage - Request URL : /metrics from TcpConnection[ fd#41-id#1 ] - HttpServer.cpp:89
20260520 15:24:45.718204Z 2263846 INFO  MetricsDbWriter: inserted metrics row ts=1779261885 - MetricsDbWriter.cpp:131
20260520 15:24:44.791778Z 2260130 INFO  TcpServer::HandleCloseInLoop - Remove connection [id#35-fd#42] - TcpServer.cpp:69
20260520 15:24:44.791821Z 2260130 INFO  TcpServer::HandleCloseInLoop - Remove connection [id#37-fd#45] - TcpServer.cpp:69
20260520 15:24:44.791977Z 2260130 INFO  TcpServer::HandleCloseInLoop - Remove connection [id#36-fd#44] - TcpServer.cpp:69
20260520 15:24:45.762318Z 2260135 INFO  HttpServer::onMessage - Request URL : /metrics from TcpConnection[ fd#41-id#1 ] - HttpServer.cpp:89
20260520 15:24:46.777307Z 2263848 INFO  MetricsDbWriter: inserted metrics row ts=1779261886 - MetricsDbWriter.cpp:96
20260520 15:24:50.762852Z 2260135 INFO  HttpServer::onMessage - Request URL : /metrics from TcpConnection[ fd#41-id#1 ] - HttpServer.cpp:89
20260520 15:24:55.763584Z 2260135 INFO  HttpServer::onMessage - Request URL : /metrics from TcpConnection[ fd#41-id#1 ] - HttpServer.cpp:89
20260520 15:24:56.776619Z 2263868 INFO  MetricsDbWriter: inserted metrics row ts=1779261896 - MetricsDbWriter.cpp:96
20260520 15:24:55.718028Z 2263864 INFO  MetricsDbWriter: inserted metrics row ts=1779261895 - MetricsDbWriter.cpp:131
20260520 15:25:00.764493Z 2260135 INFO  HttpServer::onMessage - Request URL : /metrics from TcpConnection[ fd#41-id#1 ] - HttpServer.cpp:89
20260520 15:25:05.761837Z 2260135 INFO  HttpServer::onMessage - Request URL : /metrics from TcpConnection[ fd#41-id#1 ] - HttpServer.cpp:89
20260520 15:25:06.782775Z 2263889 INFO  MetricsDbWriter: inserted metrics row ts=1779261906 - MetricsDbWriter.cpp:96
20260520 15:25:05.717473Z 2263885 INFO  MetricsDbWriter: inserted metrics row ts=1779261905 - MetricsDbWriter.cpp:131
20260520 15:25:10.762458Z 2260135 INFO  HttpServer::onMessage - Request URL : /metrics from TcpConnection[ fd#41-id#1 ] - HttpServer.cpp:89
20260520 15:25:15.716765Z 2263907 INFO  MetricsDbWriter: inserted metrics row ts=1779261915 - MetricsDbWriter.cpp:131
20260520 15:25:15.763290Z 2260135 INFO  HttpServer::onMessage - Request URL : /metrics from TcpConnection[ fd#41-id#1 ] - HttpServer.cpp:89
20260520 15:25:16.777723Z 2263909 INFO  MetricsDbWriter: inserted metrics row ts=1779261916 - MetricsDbWriter.cpp:96
20260520 15:25:20.762570Z 2260135 INFO  HttpServer::onMessage - Request URL : /metrics from TcpConnection[ fd#41-id#1 ] - HttpServer.cpp:89
20260520 15:25:25.763326Z 2260135 INFO  HttpServer::onMessage - Request URL : /metrics from TcpConnection[ fd#41-id#1 ] - HttpServer.cpp:89
20260520 15:25:26.777023Z 2263935 INFO  MetricsDbWriter: inserted metrics row ts=1779261926 - MetricsDbWriter.cpp:96
20260520 15:25:25.720579Z 2263928 INFO  MetricsDbWriter: inserted metrics row ts=1779261925 - MetricsDbWriter.cpp:131
20260520 15:25:30.762987Z 2260135 INFO  HttpServer::onMessage - Request URL : /metrics from TcpConnection[ fd#41-id#1 ] - HttpServer.cpp:89
20260520 15:25:35.761916Z 2260135 INFO  HttpServer::onMessage - Request URL : /metrics from TcpConnection[ fd#41-id#1 ] - HttpServer.cpp:89
20260520 15:25:36.779166Z 2264036 INFO  MetricsDbWriter: inserted metrics row ts=1779261936 - MetricsDbWriter.cpp:96
20260520 15:25:35.718414Z 2264032 INFO  MetricsDbWriter: inserted metrics row ts=1779261935 - MetricsDbWriter.cpp:131
20260520 15:25:39.370937Z 2260130 INFO  HttpServer::OnNewConnection : Add connection [ fd#42-id#38 ] from 58.247.150.86:17334 - HttpServer.cpp:49
20260520 15:25:39.371656Z 2260137 INFO  HttpServer::onMessage - Request URL : /api/health from TcpConnection[ fd#42-id#38 ] - HttpServer.cpp:89
20260520 15:25:39.375233Z 2260130 INFO  HttpServer::OnNewConnection : Add connection [ fd#44-id#39 ] from 58.247.150.86:17335 - HttpServer.cpp:49
20260520 15:25:39.376231Z 2260130 INFO  HttpServer::OnNewConnection : Add connection [ fd#45-id#40 ] from 58.247.150.86:17333 - HttpServer.cpp:49
20260520 15:25:39.376263Z 2260135 INFO  HttpServer::onMessage - Request URL : /api/stats from TcpConnection[ fd#44-id#39 ] - HttpServer.cpp:89
20260520 15:25:39.376988Z 2260137 INFO  HttpServer::onMessage - Request URL : /api/prometheus/query_range from TcpConnection[ fd#45-id#40 ] - HttpServer.cpp:89
20260520 15:25:39.385641Z 2260137 INFO  HttpServer::onMessage - Request URL : /api/game/status from TcpConnection[ fd#42-id#38 ] - HttpServer.cpp:89
20260520 15:25:39.652721Z 2260137 INFO  HttpServer::onMessage - Request URL : /api/prometheus/query_range from TcpConnection[ fd#42-id#38 ] - HttpServer.cpp:89
20260520 15:25:39.660453Z 2260137 INFO  HttpServer::onMessage - Request URL : /api/redis/status from TcpConnection[ fd#45-id#40 ] - HttpServer.cpp:89
20260520 15:25:39.679990Z 2260137 INFO  HttpServer::onMessage - Request URL : /api/prometheus/query_range from TcpConnection[ fd#45-id#40 ] - HttpServer.cpp:89
20260520 15:25:39.682365Z 2260137 INFO  HttpServer::onMessage - Request URL : /api/db/ping from TcpConnection[ fd#42-id#38 ] - HttpServer.cpp:89
20260520 15:25:39.707060Z 2260137 INFO  HttpServer::onMessage - Request URL : /api/prometheus/query_range from TcpConnection[ fd#45-id#40 ] - HttpServer.cpp:89
20260520 15:25:39.945240Z 2260137 INFO  HttpServer::onMessage - Request URL : /api/prometheus/query_range from TcpConnection[ fd#45-id#40 ] - HttpServer.cpp:89
20260520 15:25:39.968126Z 2260137 INFO  HttpServer::onMessage - Request URL : /api/prometheus/query_range from TcpConnection[ fd#45-id#40 ] - HttpServer.cpp:89
20260520 15:25:39.992422Z 2260137 INFO  HttpServer::onMessage - Request URL : /api/prometheus/query_range from TcpConnection[ fd#45-id#40 ] - HttpServer.cpp:89
20260520 15:25:40.760521Z 2260135 INFO  HttpServer::onMessage - Request URL : /metrics from TcpConnection[ fd#41-id#1 ] - HttpServer.cpp:89
20260520 15:25:45.717129Z 2264178 INFO  MetricsDbWriter: inserted metrics row ts=1779261945 - MetricsDbWriter.cpp:131
20260520 15:25:45.760372Z 2260135 INFO  HttpServer::onMessage - Request URL : /metrics from TcpConnection[ fd#41-id#1 ] - HttpServer.cpp:89
20260520 15:25:46.779973Z 2264205 INFO  MetricsDbWriter: inserted metrics row ts=1779261946 - MetricsDbWriter.cpp:96
20260520 15:25:50.762526Z 2260135 INFO  HttpServer::onMessage - Request URL : /metrics from TcpConnection[ fd#41-id#1 ] - HttpServer.cpp:89
20260520 15:25:55.763029Z 2260135 INFO  HttpServer::onMessage - Request URL : /metrics from TcpConnection[ fd#41-id#1 ] - HttpServer.cpp:89
20260520 15:25:56.777696Z 2264226 INFO  MetricsDbWriter: inserted metrics row ts=1779261956 - MetricsDbWriter.cpp:96
20260520 15:25:55.719008Z 2264225 INFO  MetricsDbWriter: inserted metrics row ts=1779261955 - MetricsDbWriter.cpp:131
20260520 15:26:00.764136Z 2260135 INFO  HttpServer::onMessage - Request URL : /metrics from TcpConnection[ fd#41-id#1 ] - HttpServer.cpp:89
20260520 15:26:05.761659Z 2260135 INFO  HttpServer::onMessage - Request URL : /metrics from TcpConnection[ fd#41-id#1 ] - HttpServer.cpp:89
20260520 15:26:06.778216Z 2264247 INFO  MetricsDbWriter: inserted metrics row ts=1779261966 - MetricsDbWriter.cpp:96
20260520 15:26:05.719168Z 2264243 INFO  MetricsDbWriter: inserted metrics row ts=1779261965 - MetricsDbWriter.cpp:131
20260520 15:26:10.763340Z 2260135 INFO  HttpServer::onMessage - Request URL : /metrics from TcpConnection[ fd#41-id#1 ] - HttpServer.cpp:89
20260520 15:26:15.717556Z 2264270 INFO  MetricsDbWriter: inserted metrics row ts=1779261975 - MetricsDbWriter.cpp:131
20260520 15:26:15.763376Z 2260135 INFO  HttpServer::onMessage - Request URL : /metrics from TcpConnection[ fd#41-id#1 ] - HttpServer.cpp:89
20260520 15:26:16.776881Z 2264275 INFO  MetricsDbWriter: inserted metrics row ts=1779261976 - MetricsDbWriter.cpp:96
20260520 15:26:20.762855Z 2260135 INFO  HttpServer::onMessage - Request URL : /metrics from TcpConnection[ fd#41-id#1 ] - HttpServer.cpp:89
20260520 15:26:25.760345Z 2260135 INFO  HttpServer::onMessage - Request URL : /metrics from TcpConnection[ fd#41-id#1 ] - HttpServer.cpp:89
20260520 15:26:26.779138Z 2264293 INFO  MetricsDbWriter: inserted metrics row ts=1779261986 - MetricsDbWriter.cpp:96
20260520 15:26:27.806802Z 2260130 INFO  TcpServer::HandleCloseInLoop - Remove connection [id#39-fd#44] - TcpServer.cpp:69
20260520 15:26:27.806918Z 2260130 INFO  TcpServer::HandleCloseInLoop - Remove connection [id#38-fd#42] - TcpServer.cpp:69
20260520 15:26:27.808196Z 2260130 INFO  TcpServer::HandleCloseInLoop - Remove connection [id#40-fd#45] - TcpServer.cpp:69
20260520 15:26:25.717677Z 2264291 INFO  MetricsDbWriter: inserted metrics row ts=1779261985 - MetricsDbWriter.cpp:131
20260520 15:26:30.762948Z 2260135 INFO  HttpServer::onMessage - Request URL : /metrics from TcpConnection[ fd#41-id#1 ] - HttpServer.cpp:89
20260520 15:26:35.761731Z 2260135 INFO  HttpServer::onMessage - Request URL : /metrics from TcpConnection[ fd#41-id#1 ] - HttpServer.cpp:89
20260520 15:26:36.787319Z 2264315 INFO  MetricsDbWriter: inserted metrics row ts=1779261996 - MetricsDbWriter.cpp:96
20260520 15:26:35.717946Z 2264311 INFO  MetricsDbWriter: inserted metrics row ts=1779261995 - MetricsDbWriter.cpp:131
20260520 15:26:39.274582Z 2260130 INFO  HttpServer::OnNewConnection : Add connection [ fd#42-id#41 ] from 58.247.150.86:15533 - HttpServer.cpp:49
20260520 15:26:39.275022Z 2260135 INFO  HttpServer::onMessage - Request URL : /api/health from TcpConnection[ fd#42-id#41 ] - HttpServer.cpp:89
20260520 15:26:39.286714Z 2260130 INFO  HttpServer::OnNewConnection : Add connection [ fd#44-id#42 ] from 58.247.150.86:15534 - HttpServer.cpp:49
20260520 15:26:39.286842Z 2260130 INFO  HttpServer::OnNewConnection : Add connection [ fd#45-id#43 ] from 58.247.150.86:15535 - HttpServer.cpp:49
20260520 15:26:39.287697Z 2260137 INFO  HttpServer::onMessage - Request URL : /api/prometheus/query_range from TcpConnection[ fd#44-id#42 ] - HttpServer.cpp:89
20260520 15:26:39.289106Z 2260135 INFO  HttpServer::onMessage - Request URL : /api/stats from TcpConnection[ fd#45-id#43 ] - HttpServer.cpp:89
20260520 15:26:39.290253Z 2260135 INFO  HttpServer::onMessage - Request URL : /api/game/status from TcpConnection[ fd#42-id#41 ] - HttpServer.cpp:89
20260520 15:26:39.315058Z 2260135 INFO  HttpServer::onMessage - Request URL : /api/prometheus/query_range from TcpConnection[ fd#42-id#41 ] - HttpServer.cpp:89
20260520 15:26:39.337528Z 2260135 INFO  HttpServer::onMessage - Request URL : /api/redis/status from TcpConnection[ fd#42-id#41 ] - HttpServer.cpp:89
20260520 15:26:39.339852Z 2260135 INFO  HttpServer::onMessage - Request URL : /api/prometheus/query_range from TcpConnection[ fd#45-id#43 ] - HttpServer.cpp:89
20260520 15:26:39.356369Z 2260135 INFO  HttpServer::onMessage - Request URL : /api/db/ping from TcpConnection[ fd#45-id#43 ] - HttpServer.cpp:89
20260520 15:26:39.359822Z 2260135 INFO  HttpServer::onMessage - Request URL : /api/prometheus/query_range from TcpConnection[ fd#42-id#41 ] - HttpServer.cpp:89
20260520 15:26:39.385790Z 2260135 INFO  HttpServer::onMessage - Request URL : /api/prometheus/query_range from TcpConnection[ fd#42-id#41 ] - HttpServer.cpp:89
20260520 15:26:39.416277Z 2260135 INFO  HttpServer::onMessage - Request URL : /api/prometheus/query_range from TcpConnection[ fd#42-id#41 ] - HttpServer.cpp:89
20260520 15:26:39.440767Z 2260135 INFO  HttpServer::onMessage - Request URL : /api/prometheus/query_range from TcpConnection[ fd#42-id#41 ] - HttpServer.cpp:89
20260520 15:26:40.760520Z 2260135 INFO  HttpServer::onMessage - Request URL : /metrics from TcpConnection[ fd#41-id#1 ] - HttpServer.cpp:89
20260520 15:26:45.721318Z 2264331 INFO  MetricsDbWriter: inserted metrics row ts=1779262005 - MetricsDbWriter.cpp:131
20260520 15:26:45.151330Z 2260130 INFO  TcpServer::HandleCloseInLoop - Remove connection [id#42-fd#44] - TcpServer.cpp:69
20260520 15:26:45.151795Z 2260130 INFO  TcpServer::HandleCloseInLoop - Remove connection [id#41-fd#42] - TcpServer.cpp:69
20260520 15:26:45.151900Z 2260130 INFO  TcpServer::HandleCloseInLoop - Remove connection [id#43-fd#45] - TcpServer.cpp:69
20260520 15:26:45.762474Z 2260135 INFO  HttpServer::onMessage - Request URL : /metrics from TcpConnection[ fd#41-id#1 ] - HttpServer.cpp:89
20260520 15:26:46.778469Z 2264336 INFO  MetricsDbWriter: inserted metrics row ts=1779262006 - MetricsDbWriter.cpp:96
20260520 15:26:50.763382Z 2260135 INFO  HttpServer::onMessage - Request URL : /metrics from TcpConnection[ fd#41-id#1 ] - HttpServer.cpp:89
20260520 15:26:55.763864Z 2260135 INFO  HttpServer::onMessage - Request URL : /metrics from TcpConnection[ fd#41-id#1 ] - HttpServer.cpp:89
20260520 15:26:56.779818Z 2264358 INFO  MetricsDbWriter: inserted metrics row ts=1779262016 - MetricsDbWriter.cpp:96
20260520 15:26:55.718040Z 2264356 INFO  MetricsDbWriter: inserted metrics row ts=1779262015 - MetricsDbWriter.cpp:131
20260520 15:27:00.762904Z 2260135 INFO  HttpServer::onMessage - Request URL : /metrics from TcpConnection[ fd#41-id#1 ] - HttpServer.cpp:89
20260520 15:27:05.762082Z 2260135 INFO  HttpServer::onMessage - Request URL : /metrics from TcpConnection[ fd#41-id#1 ] - HttpServer.cpp:89
20260520 15:27:06.778173Z 2264379 INFO  MetricsDbWriter: inserted metrics row ts=1779262026 - MetricsDbWriter.cpp:96
20260520 15:27:05.720444Z 2264378 INFO  MetricsDbWriter: inserted metrics row ts=1779262025 - MetricsDbWriter.cpp:131
20260520 15:27:10.763588Z 2260135 INFO  HttpServer::onMessage - Request URL : /metrics from TcpConnection[ fd#41-id#1 ] - HttpServer.cpp:89
20260520 15:27:15.717986Z 2264396 INFO  MetricsDbWriter: inserted metrics row ts=1779262035 - MetricsDbWriter.cpp:131
20260520 15:27:15.763903Z 2260135 INFO  HttpServer::onMessage - Request URL : /metrics from TcpConnection[ fd#41-id#1 ] - HttpServer.cpp:89
20260520 15:27:16.777545Z 2264401 INFO  MetricsDbWriter: inserted metrics row ts=1779262036 - MetricsDbWriter.cpp:96
20260520 15:27:20.762812Z 2260135 INFO  HttpServer::onMessage - Request URL : /metrics from TcpConnection[ fd#41-id#1 ] - HttpServer.cpp:89
20260520 15:27:25.760850Z 2260135 INFO  HttpServer::onMessage - Request URL : /metrics from TcpConnection[ fd#41-id#1 ] - HttpServer.cpp:89
20260520 15:27:26.787079Z 2264421 INFO  MetricsDbWriter: inserted metrics row ts=1779262046 - MetricsDbWriter.cpp:96
20260520 15:27:25.718077Z 2264420 INFO  MetricsDbWriter: inserted metrics row ts=1779262045 - MetricsDbWriter.cpp:131
20260520 15:27:30.761877Z 2260135 INFO  HttpServer::onMessage - Request URL : /metrics from TcpConnection[ fd#41-id#1 ] - HttpServer.cpp:89
20260520 15:27:35.761300Z 2260135 INFO  HttpServer::onMessage - Request URL : /metrics from TcpConnection[ fd#41-id#1 ] - HttpServer.cpp:89
20260520 15:27:36.779797Z 2264442 INFO  MetricsDbWriter: inserted metrics row ts=1779262056 - MetricsDbWriter.cpp:96
20260520 15:27:35.718810Z 2264441 INFO  MetricsDbWriter: inserted metrics row ts=1779262055 - MetricsDbWriter.cpp:131
20260520 15:27:39.275195Z 2260130 INFO  HttpServer::OnNewConnection : Add connection [ fd#42-id#44 ] from 58.247.150.86:16090 - HttpServer.cpp:49
20260520 15:27:39.275837Z 2260137 INFO  HttpServer::onMessage - Request URL : /api/health from TcpConnection[ fd#42-id#44 ] - HttpServer.cpp:89
20260520 15:27:39.276672Z 2260130 INFO  HttpServer::OnNewConnection : Add connection [ fd#44-id#45 ] from 58.247.150.86:16088 - HttpServer.cpp:49
20260520 15:27:39.277438Z 2260130 INFO  HttpServer::OnNewConnection : Add connection [ fd#45-id#46 ] from 58.247.150.86:16089 - HttpServer.cpp:49
20260520 15:27:39.277675Z 2260137 INFO  HttpServer::onMessage - Request URL : /api/stats from TcpConnection[ fd#45-id#46 ] - HttpServer.cpp:89
20260520 15:27:39.278161Z 2260135 INFO  HttpServer::onMessage - Request URL : /api/prometheus/query_range from TcpConnection[ fd#44-id#45 ] - HttpServer.cpp:89
20260520 15:27:39.325485Z 2260137 INFO  HttpServer::onMessage - Request URL : /api/game/status from TcpConnection[ fd#45-id#46 ] - HttpServer.cpp:89
20260520 15:27:39.328628Z 2260135 INFO  HttpServer::onMessage - Request URL : /api/prometheus/query_range from TcpConnection[ fd#44-id#45 ] - HttpServer.cpp:89
20260520 15:27:39.352394Z 2260135 INFO  HttpServer::onMessage - Request URL : /api/redis/status from TcpConnection[ fd#44-id#45 ] - HttpServer.cpp:89
20260520 15:27:39.360165Z 2260137 INFO  HttpServer::onMessage - Request URL : /api/prometheus/query_range from TcpConnection[ fd#45-id#46 ] - HttpServer.cpp:89
20260520 15:27:39.370131Z 2260135 INFO  HttpServer::onMessage - Request URL : /api/db/ping from TcpConnection[ fd#44-id#45 ] - HttpServer.cpp:89
20260520 15:27:39.393654Z 2260135 INFO  HttpServer::onMessage - Request URL : /api/prometheus/query_range from TcpConnection[ fd#44-id#45 ] - HttpServer.cpp:89
20260520 15:27:39.416136Z 2260135 INFO  HttpServer::onMessage - Request URL : /api/prometheus/query_range from TcpConnection[ fd#44-id#45 ] - HttpServer.cpp:89
20260520 15:27:39.437146Z 2260135 INFO  HttpServer::onMessage - Request URL : /api/prometheus/query_range from TcpConnection[ fd#44-id#45 ] - HttpServer.cpp:89
20260520 15:27:39.463154Z 2260135 INFO  HttpServer::onMessage - Request URL : /api/prometheus/query_range from TcpConnection[ fd#44-id#45 ] - HttpServer.cpp:89
20260520 15:27:40.761190Z 2260135 INFO  HttpServer::onMessage - Request URL : /metrics from TcpConnection[ fd#41-id#1 ] - HttpServer.cpp:89
20260520 15:27:45.718526Z 2264458 INFO  MetricsDbWriter: inserted metrics row ts=1779262065 - MetricsDbWriter.cpp:131
20260520 15:27:45.763457Z 2260135 INFO  HttpServer::onMessage - Request URL : /metrics from TcpConnection[ fd#41-id#1 ] - HttpServer.cpp:89
20260520 15:27:46.778346Z 2264463 INFO  MetricsDbWriter: inserted metrics row ts=1779262066 - MetricsDbWriter.cpp:96
20260520 15:27:50.761541Z 2260135 INFO  HttpServer::onMessage - Request URL : /metrics from TcpConnection[ fd#41-id#1 ] - HttpServer.cpp:89
20260520 15:27:55.763259Z 2260135 INFO  HttpServer::onMessage - Request URL : /metrics from TcpConnection[ fd#41-id#1 ] - HttpServer.cpp:89
20260520 15:27:56.778347Z 2264483 INFO  MetricsDbWriter: inserted metrics row ts=1779262076 - MetricsDbWriter.cpp:96
20260520 15:27:55.719070Z 2264479 INFO  MetricsDbWriter: inserted metrics row ts=1779262075 - MetricsDbWriter.cpp:131
20260520 15:28:00.763266Z 2260135 INFO  HttpServer::onMessage - Request URL : /metrics from TcpConnection[ fd#41-id#1 ] - HttpServer.cpp:89
20260520 15:28:05.761952Z 2260135 INFO  HttpServer::onMessage - Request URL : /metrics from TcpConnection[ fd#41-id#1 ] - HttpServer.cpp:89
20260520 15:28:06.778800Z 2264506 INFO  MetricsDbWriter: inserted metrics row ts=1779262086 - MetricsDbWriter.cpp:96
20260520 15:28:05.719516Z 2264501 INFO  MetricsDbWriter: inserted metrics row ts=1779262085 - MetricsDbWriter.cpp:131
20260520 15:28:10.763361Z 2260135 INFO  HttpServer::onMessage - Request URL : /metrics from TcpConnection[ fd#41-id#1 ] - HttpServer.cpp:89
20260520 15:28:15.719322Z 2264527 INFO  MetricsDbWriter: inserted metrics row ts=1779262095 - MetricsDbWriter.cpp:131
20260520 15:28:15.762322Z 2260135 INFO  HttpServer::onMessage - Request URL : /metrics from TcpConnection[ fd#41-id#1 ] - HttpServer.cpp:89
20260520 15:28:16.780138Z 2264529 INFO  MetricsDbWriter: inserted metrics row ts=1779262096 - MetricsDbWriter.cpp:96
20260520 15:28:20.763068Z 2260135 INFO  HttpServer::onMessage - Request URL : /metrics from TcpConnection[ fd#41-id#1 ] - HttpServer.cpp:89
20260520 15:28:25.763393Z 2260135 INFO  HttpServer::onMessage - Request URL : /metrics from TcpConnection[ fd#41-id#1 ] - HttpServer.cpp:89
20260520 15:28:26.778588Z 2264552 INFO  MetricsDbWriter: inserted metrics row ts=1779262106 - MetricsDbWriter.cpp:96
20260520 15:28:25.718362Z 2264548 INFO  MetricsDbWriter: inserted metrics row ts=1779262105 - MetricsDbWriter.cpp:131
20260520 15:28:30.763735Z 2260135 INFO  HttpServer::onMessage - Request URL : /metrics from TcpConnection[ fd#41-id#1 ] - HttpServer.cpp:89
20260520 15:28:35.761676Z 2260135 INFO  HttpServer::onMessage - Request URL : /metrics from TcpConnection[ fd#41-id#1 ] - HttpServer.cpp:89
20260520 15:28:36.779539Z 2264573 INFO  MetricsDbWriter: inserted metrics row ts=1779262116 - MetricsDbWriter.cpp:96
20260520 15:28:35.719432Z 2264569 INFO  MetricsDbWriter: inserted metrics row ts=1779262115 - MetricsDbWriter.cpp:131
20260520 15:28:39.260986Z 2260135 INFO  HttpServer::onMessage - Request URL : /api/health from TcpConnection[ fd#44-id#45 ] - HttpServer.cpp:89
20260520 15:28:39.263329Z 2260137 INFO  HttpServer::onMessage - Request URL : /api/stats from TcpConnection[ fd#42-id#44 ] - HttpServer.cpp:89
20260520 15:28:39.263922Z 2260137 INFO  HttpServer::onMessage - Request URL : /api/prometheus/query_range from TcpConnection[ fd#45-id#46 ] - HttpServer.cpp:89
20260520 15:28:39.303940Z 2260135 INFO  HttpServer::onMessage - Request URL : /api/game/status from TcpConnection[ fd#44-id#45 ] - HttpServer.cpp:89
20260520 15:28:39.343465Z 2260137 INFO  HttpServer::onMessage - Request URL : /api/redis/status from TcpConnection[ fd#45-id#46 ] - HttpServer.cpp:89
20260520 15:28:39.343857Z 2260135 INFO  HttpServer::onMessage - Request URL : /api/prometheus/query_range from TcpConnection[ fd#44-id#45 ] - HttpServer.cpp:89
20260520 15:28:39.368626Z 2260135 INFO  HttpServer::onMessage - Request URL : /api/db/ping from TcpConnection[ fd#44-id#45 ] - HttpServer.cpp:89
20260520 15:28:39.372449Z 2260137 INFO  HttpServer::onMessage - Request URL : /api/prometheus/query_range from TcpConnection[ fd#45-id#46 ] - HttpServer.cpp:89
20260520 15:28:39.436449Z 2260137 INFO  HttpServer::onMessage - Request URL : /api/prometheus/query_range from TcpConnection[ fd#45-id#46 ] - HttpServer.cpp:89
20260520 15:28:39.459465Z 2260137 INFO  HttpServer::onMessage - Request URL : /api/prometheus/query_range from TcpConnection[ fd#45-id#46 ] - HttpServer.cpp:89
20260520 15:28:39.489432Z 2260137 INFO  HttpServer::onMessage - Request URL : /api/prometheus/query_range from TcpConnection[ fd#45-id#46 ] - HttpServer.cpp:89
20260520 15:28:39.513688Z 2260137 INFO  HttpServer::onMessage - Request URL : /api/prometheus/query_range from TcpConnection[ fd#45-id#46 ] - HttpServer.cpp:89
20260520 15:28:40.760319Z 2260135 INFO  HttpServer::onMessage - Request URL : /metrics from TcpConnection[ fd#41-id#1 ] - HttpServer.cpp:89
20260520 15:28:45.720139Z 2264589 INFO  MetricsDbWriter: inserted metrics row ts=1779262125 - MetricsDbWriter.cpp:131
20260520 15:28:45.433795Z 2260130 INFO  TcpServer::HandleCloseInLoop - Remove connection [id#46-fd#45] - TcpServer.cpp:69
20260520 15:28:45.433839Z 2260130 INFO  TcpServer::HandleCloseInLoop - Remove connection [id#44-fd#42] - TcpServer.cpp:69
20260520 15:28:45.435184Z 2260130 INFO  TcpServer::HandleCloseInLoop - Remove connection [id#45-fd#44] - TcpServer.cpp:69
20260520 15:28:45.763277Z 2260135 INFO  HttpServer::onMessage - Request URL : /metrics from TcpConnection[ fd#41-id#1 ] - HttpServer.cpp:89
20260520 15:28:46.778460Z 2264591 INFO  MetricsDbWriter: inserted metrics row ts=1779262126 - MetricsDbWriter.cpp:96
20260520 15:28:50.762737Z 2260135 INFO  HttpServer::onMessage - Request URL : /metrics from TcpConnection[ fd#41-id#1 ] - HttpServer.cpp:89
20260520 15:28:55.763508Z 2260135 INFO  HttpServer::onMessage - Request URL : /metrics from TcpConnection[ fd#41-id#1 ] - HttpServer.cpp:89
20260520 15:28:56.779194Z 2264611 INFO  MetricsDbWriter: inserted metrics row ts=1779262136 - MetricsDbWriter.cpp:96
20260520 15:28:55.718253Z 2264607 INFO  MetricsDbWriter: inserted metrics row ts=1779262135 - MetricsDbWriter.cpp:131
20260520 15:29:00.760815Z 2260135 INFO  HttpServer::onMessage - Request URL : /metrics from TcpConnection[ fd#41-id#1 ] - HttpServer.cpp:89
20260520 15:29:05.761871Z 2260135 INFO  HttpServer::onMessage - Request URL : /metrics from TcpConnection[ fd#41-id#1 ] - HttpServer.cpp:89
20260520 15:29:06.778726Z 2264635 INFO  MetricsDbWriter: inserted metrics row ts=1779262146 - MetricsDbWriter.cpp:96
20260520 15:29:05.719252Z 2264631 INFO  MetricsDbWriter: inserted metrics row ts=1779262145 - MetricsDbWriter.cpp:131
20260520 15:29:10.763322Z 2260135 INFO  HttpServer::onMessage - Request URL : /metrics from TcpConnection[ fd#41-id#1 ] - HttpServer.cpp:89
20260520 15:29:15.718958Z 2264653 INFO  MetricsDbWriter: inserted metrics row ts=1779262155 - MetricsDbWriter.cpp:131
20260520 15:29:15.763520Z 2260135 INFO  HttpServer::onMessage - Request URL : /metrics from TcpConnection[ fd#41-id#1 ] - HttpServer.cpp:89
20260520 15:29:16.778708Z 2264657 INFO  MetricsDbWriter: inserted metrics row ts=1779262156 - MetricsDbWriter.cpp:96
20260520 15:29:20.763257Z 2260135 INFO  HttpServer::onMessage - Request URL : /metrics from TcpConnection[ fd#41-id#1 ] - HttpServer.cpp:89
20260520 15:29:25.763452Z 2260135 INFO  HttpServer::onMessage - Request URL : /metrics from TcpConnection[ fd#41-id#1 ] - HttpServer.cpp:89
20260520 15:29:26.779195Z 2264679 INFO  MetricsDbWriter: inserted metrics row ts=1779262166 - MetricsDbWriter.cpp:96
20260520 15:29:25.718832Z 2264678 INFO  MetricsDbWriter: inserted metrics row ts=1779262165 - MetricsDbWriter.cpp:131
20260520 15:29:30.763342Z 2260135 INFO  HttpServer::onMessage - Request URL : /metrics from TcpConnection[ fd#41-id#1 ] - HttpServer.cpp:89
20260520 15:29:35.761270Z 2260135 INFO  HttpServer::onMessage - Request URL : /metrics from TcpConnection[ fd#41-id#1 ] - HttpServer.cpp:89
20260520 15:29:36.778440Z 2264701 INFO  MetricsDbWriter: inserted metrics row ts=1779262176 - MetricsDbWriter.cpp:96
20260520 15:29:35.720027Z 2264697 INFO  MetricsDbWriter: inserted metrics row ts=1779262175 - MetricsDbWriter.cpp:131
20260520 15:29:39.279144Z 2260130 INFO  HttpServer::OnNewConnection : Add connection [ fd#42-id#47 ] from 58.247.150.86:16463 - HttpServer.cpp:49
20260520 15:29:39.279319Z 2260135 INFO  HttpServer::onMessage - Request URL : /api/health from TcpConnection[ fd#42-id#47 ] - HttpServer.cpp:89
20260520 15:29:39.279791Z 2260130 INFO  HttpServer::OnNewConnection : Add connection [ fd#44-id#48 ] from 58.247.150.86:16464 - HttpServer.cpp:49
20260520 15:29:39.280785Z 2260130 INFO  HttpServer::OnNewConnection : Add connection [ fd#45-id#49 ] from 58.247.150.86:16465 - HttpServer.cpp:49
20260520 15:29:39.281061Z 2260137 INFO  HttpServer::onMessage - Request URL : /api/prometheus/query_range from TcpConnection[ fd#44-id#48 ] - HttpServer.cpp:89
20260520 15:29:39.281258Z 2260135 INFO  HttpServer::onMessage - Request URL : /api/stats from TcpConnection[ fd#45-id#49 ] - HttpServer.cpp:89
20260520 15:29:39.297086Z 2260137 INFO  HttpServer::onMessage - Request URL : /api/game/status from TcpConnection[ fd#44-id#48 ] - HttpServer.cpp:89
20260520 15:29:39.304099Z 2260135 INFO  HttpServer::onMessage - Request URL : /api/prometheus/query_range from TcpConnection[ fd#45-id#49 ] - HttpServer.cpp:89
20260520 15:29:39.331570Z 2260135 INFO  HttpServer::onMessage - Request URL : /api/redis/status from TcpConnection[ fd#45-id#49 ] - HttpServer.cpp:89
20260520 15:29:39.334344Z 2260137 INFO  HttpServer::onMessage - Request URL : /api/prometheus/query_range from TcpConnection[ fd#44-id#48 ] - HttpServer.cpp:89
20260520 15:29:39.355777Z 2260135 INFO  HttpServer::onMessage - Request URL : /api/prometheus/query_range from TcpConnection[ fd#45-id#49 ] - HttpServer.cpp:89
20260520 15:29:39.356052Z 2260137 INFO  HttpServer::onMessage - Request URL : /api/db/ping from TcpConnection[ fd#44-id#48 ] - HttpServer.cpp:89
20260520 15:29:39.380330Z 2260135 INFO  HttpServer::onMessage - Request URL : /api/prometheus/query_range from TcpConnection[ fd#45-id#49 ] - HttpServer.cpp:89
20260520 15:29:39.406042Z 2260135 INFO  HttpServer::onMessage - Request URL : /api/prometheus/query_range from TcpConnection[ fd#45-id#49 ] - HttpServer.cpp:89
20260520 15:29:39.431043Z 2260135 INFO  HttpServer::onMessage - Request URL : /api/prometheus/query_range from TcpConnection[ fd#45-id#49 ] - HttpServer.cpp:89
20260520 15:29:40.760417Z 2260135 INFO  HttpServer::onMessage - Request URL : /metrics from TcpConnection[ fd#41-id#1 ] - HttpServer.cpp:89
20260520 15:29:45.720910Z 2264717 INFO  MetricsDbWriter: inserted metrics row ts=1779262185 - MetricsDbWriter.cpp:131
20260520 15:29:45.763359Z 2260135 INFO  HttpServer::onMessage - Request URL : /metrics from TcpConnection[ fd#41-id#1 ] - HttpServer.cpp:89
20260520 15:29:46.779609Z 2264722 INFO  MetricsDbWriter: inserted metrics row ts=1779262186 - MetricsDbWriter.cpp:96
20260520 15:29:50.762449Z 2260135 INFO  HttpServer::onMessage - Request URL : /metrics from TcpConnection[ fd#41-id#1 ] - HttpServer.cpp:89
20260520 15:29:55.763333Z 2260135 INFO  HttpServer::onMessage - Request URL : /metrics from TcpConnection[ fd#41-id#1 ] - HttpServer.cpp:89
20260520 15:29:56.779312Z 2264739 INFO  MetricsDbWriter: inserted metrics row ts=1779262196 - MetricsDbWriter.cpp:96
20260520 15:29:55.720697Z 2264738 INFO  MetricsDbWriter: inserted metrics row ts=1779262195 - MetricsDbWriter.cpp:131
20260520 15:30:00.763263Z 2260135 INFO  HttpServer::onMessage - Request URL : /metrics from TcpConnection[ fd#41-id#1 ] - HttpServer.cpp:89
20260520 15:30:05.761389Z 2260135 INFO  HttpServer::onMessage - Request URL : /metrics from TcpConnection[ fd#41-id#1 ] - HttpServer.cpp:89
20260520 15:30:06.780367Z 2264760 INFO  MetricsDbWriter: inserted metrics row ts=1779262206 - MetricsDbWriter.cpp:96
20260520 15:30:05.720693Z 2264759 INFO  MetricsDbWriter: inserted metrics row ts=1779262205 - MetricsDbWriter.cpp:131
20260520 15:30:10.764281Z 2260135 INFO  HttpServer::onMessage - Request URL : /metrics from TcpConnection[ fd#41-id#1 ] - HttpServer.cpp:89
20260520 15:30:15.719625Z 2264777 INFO  MetricsDbWriter: inserted metrics row ts=1779262215 - MetricsDbWriter.cpp:131
20260520 15:30:15.763381Z 2260135 INFO  HttpServer::onMessage - Request URL : /metrics from TcpConnection[ fd#41-id#1 ] - HttpServer.cpp:89
20260520 15:30:16.780038Z 2264782 INFO  MetricsDbWriter: inserted metrics row ts=1779262216 - MetricsDbWriter.cpp:96
20260520 15:30:18.817486Z 2260130 INFO  TcpServer::HandleCloseInLoop - Remove connection [id#47-fd#42] - TcpServer.cpp:69
20260520 15:30:18.818935Z 2260130 INFO  TcpServer::HandleCloseInLoop - Remove connection [id#48-fd#44] - TcpServer.cpp:69
20260520 15:30:18.819050Z 2260130 INFO  TcpServer::HandleCloseInLoop - Remove connection [id#49-fd#45] - TcpServer.cpp:69
20260520 15:30:20.760226Z 2260135 INFO  HttpServer::onMessage - Request URL : /metrics from TcpConnection[ fd#41-id#1 ] - HttpServer.cpp:89
20260520 15:30:25.762002Z 2260135 INFO  HttpServer::onMessage - Request URL : /metrics from TcpConnection[ fd#41-id#1 ] - HttpServer.cpp:89
20260520 15:30:26.780162Z 2264804 INFO  MetricsDbWriter: inserted metrics row ts=1779262226 - MetricsDbWriter.cpp:96
20260520 15:30:25.719540Z 2264798 INFO  MetricsDbWriter: inserted metrics row ts=1779262225 - MetricsDbWriter.cpp:131
20260520 15:30:30.761682Z 2260135 INFO  HttpServer::onMessage - Request URL : /metrics from TcpConnection[ fd#41-id#1 ] - HttpServer.cpp:89
20260520 15:30:35.761850Z 2260135 INFO  HttpServer::onMessage - Request URL : /metrics from TcpConnection[ fd#41-id#1 ] - HttpServer.cpp:89
20260520 15:30:36.781627Z 2264822 INFO  MetricsDbWriter: inserted metrics row ts=1779262236 - MetricsDbWriter.cpp:96
20260520 15:30:35.720839Z 2264821 INFO  MetricsDbWriter: inserted metrics row ts=1779262235 - MetricsDbWriter.cpp:131
20260520 15:30:39.289819Z 2260130 INFO  HttpServer::OnNewConnection : Add connection [ fd#42-id#50 ] from 58.247.150.86:16603 - HttpServer.cpp:49
20260520 15:30:39.290042Z 2260137 INFO  HttpServer::onMessage - Request URL : /api/health from TcpConnection[ fd#42-id#50 ] - HttpServer.cpp:89
20260520 15:30:39.291336Z 2260130 INFO  HttpServer::OnNewConnection : Add connection [ fd#44-id#51 ] from 58.247.150.86:16604 - HttpServer.cpp:49
20260520 15:30:39.292086Z 2260135 INFO  HttpServer::onMessage - Request URL : /api/prometheus/query_range from TcpConnection[ fd#44-id#51 ] - HttpServer.cpp:89
20260520 15:30:39.296448Z 2260130 INFO  HttpServer::OnNewConnection : Add connection [ fd#45-id#52 ] from 58.247.150.86:16602 - HttpServer.cpp:49
20260520 15:30:39.296522Z 2260137 INFO  HttpServer::onMessage - Request URL : /api/stats from TcpConnection[ fd#45-id#52 ] - HttpServer.cpp:89
20260520 15:30:39.313352Z 2260135 INFO  HttpServer::onMessage - Request URL : /api/game/status from TcpConnection[ fd#44-id#51 ] - HttpServer.cpp:89
20260520 15:30:39.318953Z 2260137 INFO  HttpServer::onMessage - Request URL : /api/prometheus/query_range from TcpConnection[ fd#45-id#52 ] - HttpServer.cpp:89
20260520 15:30:39.603010Z 2260135 INFO  HttpServer::onMessage - Request URL : /api/prometheus/query_range from TcpConnection[ fd#44-id#51 ] - HttpServer.cpp:89
20260520 15:30:39.604680Z 2260137 INFO  HttpServer::onMessage - Request URL : /api/redis/status from TcpConnection[ fd#45-id#52 ] - HttpServer.cpp:89
20260520 15:30:39.634610Z 2260135 INFO  HttpServer::onMessage - Request URL : /api/db/ping from TcpConnection[ fd#44-id#51 ] - HttpServer.cpp:89
20260520 15:30:39.635416Z 2260137 INFO  HttpServer::onMessage - Request URL : /api/prometheus/query_range from TcpConnection[ fd#45-id#52 ] - HttpServer.cpp:89
20260520 15:30:39.929232Z 2260137 INFO  HttpServer::onMessage - Request URL : /api/prometheus/query_range from TcpConnection[ fd#45-id#52 ] - HttpServer.cpp:89
20260520 15:30:39.953234Z 2260137 INFO  HttpServer::onMessage - Request URL : /api/prometheus/query_range from TcpConnection[ fd#45-id#52 ] - HttpServer.cpp:89
20260520 15:30:39.981829Z 2260137 INFO  HttpServer::onMessage - Request URL : /api/prometheus/query_range from TcpConnection[ fd#45-id#52 ] - HttpServer.cpp:89
20260520 15:30:40.760167Z 2260135 INFO  HttpServer::onMessage - Request URL : /metrics from TcpConnection[ fd#41-id#1 ] - HttpServer.cpp:89
20260520 15:30:45.719906Z 2264838 INFO  MetricsDbWriter: inserted metrics row ts=1779262245 - MetricsDbWriter.cpp:131
20260520 15:30:45.763312Z 2260135 INFO  HttpServer::onMessage - Request URL : /metrics from TcpConnection[ fd#41-id#1 ] - HttpServer.cpp:89
20260520 15:30:45.840026Z 2260130 INFO  TcpServer::HandleCloseInLoop - Remove connection [id#50-fd#42] - TcpServer.cpp:69
20260520 15:30:45.841005Z 2260130 INFO  TcpServer::HandleCloseInLoop - Remove connection [id#51-fd#44] - TcpServer.cpp:69
20260520 15:30:45.843326Z 2260130 INFO  TcpServer::HandleCloseInLoop - Remove connection [id#52-fd#45] - TcpServer.cpp:69
20260520 15:30:46.781229Z 2264843 INFO  MetricsDbWriter: inserted metrics row ts=1779262246 - MetricsDbWriter.cpp:96
20260520 15:30:50.760942Z 2260135 INFO  HttpServer::onMessage - Request URL : /metrics from TcpConnection[ fd#41-id#1 ] - HttpServer.cpp:89
20260520 15:30:55.761457Z 2260135 INFO  HttpServer::onMessage - Request URL : /metrics from TcpConnection[ fd#41-id#1 ] - HttpServer.cpp:89
20260520 15:30:56.780042Z 2264863 INFO  MetricsDbWriter: inserted metrics row ts=1779262256 - MetricsDbWriter.cpp:96
20260520 15:30:55.718896Z 2264859 INFO  MetricsDbWriter: inserted metrics row ts=1779262255 - MetricsDbWriter.cpp:131
20260520 15:31:00.762765Z 2260135 INFO  HttpServer::onMessage - Request URL : /metrics from TcpConnection[ fd#41-id#1 ] - HttpServer.cpp:89
20260520 15:31:05.760253Z 2260135 INFO  HttpServer::onMessage - Request URL : /metrics from TcpConnection[ fd#41-id#1 ] - HttpServer.cpp:89
20260520 15:31:06.780373Z 2264881 INFO  MetricsDbWriter: inserted metrics row ts=1779262266 - MetricsDbWriter.cpp:96
20260520 15:31:05.720610Z 2264880 INFO  MetricsDbWriter: inserted metrics row ts=1779262265 - MetricsDbWriter.cpp:131
20260520 15:31:10.761301Z 2260135 INFO  HttpServer::onMessage - Request URL : /metrics from TcpConnection[ fd#41-id#1 ] - HttpServer.cpp:89
20260520 15:31:15.719414Z 2264902 INFO  MetricsDbWriter: inserted metrics row ts=1779262275 - MetricsDbWriter.cpp:131
20260520 15:31:15.764543Z 2260135 INFO  HttpServer::onMessage - Request URL : /metrics from TcpConnection[ fd#41-id#1 ] - HttpServer.cpp:89
20260520 15:31:16.780451Z 2264904 INFO  MetricsDbWriter: inserted metrics row ts=1779262276 - MetricsDbWriter.cpp:96
20260520 15:31:20.762606Z 2260135 INFO  HttpServer::onMessage - Request URL : /metrics from TcpConnection[ fd#41-id#1 ] - HttpServer.cpp:89
20260520 15:31:25.764062Z 2260135 INFO  HttpServer::onMessage - Request URL : /metrics from TcpConnection[ fd#41-id#1 ] - HttpServer.cpp:89
20260520 15:31:26.780694Z 2264924 INFO  MetricsDbWriter: inserted metrics row ts=1779262286 - MetricsDbWriter.cpp:96
20260520 15:31:25.719888Z 2264920 INFO  MetricsDbWriter: inserted metrics row ts=1779262285 - MetricsDbWriter.cpp:131
20260520 15:31:30.763679Z 2260135 INFO  HttpServer::onMessage - Request URL : /metrics from TcpConnection[ fd#41-id#1 ] - HttpServer.cpp:89
20260520 15:31:35.760900Z 2260135 INFO  HttpServer::onMessage - Request URL : /metrics from TcpConnection[ fd#41-id#1 ] - HttpServer.cpp:89
20260520 15:31:36.780641Z 2264942 INFO  MetricsDbWriter: inserted metrics row ts=1779262296 - MetricsDbWriter.cpp:96
20260520 15:31:35.721716Z 2264941 INFO  MetricsDbWriter: inserted metrics row ts=1779262295 - MetricsDbWriter.cpp:131
20260520 15:31:39.272835Z 2260130 INFO  HttpServer::OnNewConnection : Add connection [ fd#42-id#53 ] from 58.247.150.86:16772 - HttpServer.cpp:49
20260520 15:31:39.272898Z 2260135 INFO  HttpServer::onMessage - Request URL : /api/health from TcpConnection[ fd#42-id#53 ] - HttpServer.cpp:89
20260520 15:31:39.278056Z 2260130 INFO  HttpServer::OnNewConnection : Add connection [ fd#44-id#54 ] from 58.247.150.86:16773 - HttpServer.cpp:49
20260520 15:31:39.279293Z 2260137 INFO  HttpServer::onMessage - Request URL : /api/prometheus/query_range from TcpConnection[ fd#44-id#54 ] - HttpServer.cpp:89
20260520 15:31:39.279493Z 2260130 INFO  HttpServer::OnNewConnection : Add connection [ fd#46-id#55 ] from 58.247.150.86:16774 - HttpServer.cpp:49
20260520 15:31:39.284019Z 2260135 INFO  HttpServer::onMessage - Request URL : /api/stats from TcpConnection[ fd#46-id#55 ] - HttpServer.cpp:89
20260520 15:31:39.294266Z 2260135 INFO  HttpServer::onMessage - Request URL : /api/game/status from TcpConnection[ fd#42-id#53 ] - HttpServer.cpp:89
20260520 15:31:39.300231Z 2260135 INFO  HttpServer::onMessage - Request URL : /api/prometheus/query_range from TcpConnection[ fd#46-id#55 ] - HttpServer.cpp:89
20260520 15:31:39.328538Z 2260135 INFO  HttpServer::onMessage - Request URL : /api/redis/status from TcpConnection[ fd#46-id#55 ] - HttpServer.cpp:89
20260520 15:31:39.336265Z 2260135 INFO  HttpServer::onMessage - Request URL : /api/prometheus/query_range from TcpConnection[ fd#42-id#53 ] - HttpServer.cpp:89
20260520 15:31:39.346488Z 2260135 INFO  HttpServer::onMessage - Request URL : /api/db/ping from TcpConnection[ fd#46-id#55 ] - HttpServer.cpp:89
20260520 15:31:39.360507Z 2260135 INFO  HttpServer::onMessage - Request URL : /api/prometheus/query_range from TcpConnection[ fd#42-id#53 ] - HttpServer.cpp:89
20260520 15:31:39.385906Z 2260135 INFO  HttpServer::onMessage - Request URL : /api/prometheus/query_range from TcpConnection[ fd#42-id#53 ] - HttpServer.cpp:89
20260520 15:31:39.409210Z 2260135 INFO  HttpServer::onMessage - Request URL : /api/prometheus/query_range from TcpConnection[ fd#42-id#53 ] - HttpServer.cpp:89
20260520 15:31:39.435914Z 2260135 INFO  HttpServer::onMessage - Request URL : /api/prometheus/query_range from TcpConnection[ fd#42-id#53 ] - HttpServer.cpp:89
20260520 15:31:40.760702Z 2260135 INFO  HttpServer::onMessage - Request URL : /metrics from TcpConnection[ fd#41-id#1 ] - HttpServer.cpp:89
20260520 15:31:45.721018Z 2264974 INFO  MetricsDbWriter: inserted metrics row ts=1779262305 - MetricsDbWriter.cpp:131
20260520 15:31:45.764044Z 2260135 INFO  HttpServer::onMessage - Request URL : /metrics from TcpConnection[ fd#41-id#1 ] - HttpServer.cpp:89
20260520 15:31:46.780229Z 2264977 INFO  MetricsDbWriter: inserted metrics row ts=1779262306 - MetricsDbWriter.cpp:96
20260520 15:31:50.761955Z 2260135 INFO  HttpServer::onMessage - Request URL : /metrics from TcpConnection[ fd#41-id#1 ] - HttpServer.cpp:89
20260520 15:31:55.763279Z 2260135 INFO  HttpServer::onMessage - Request URL : /metrics from TcpConnection[ fd#41-id#1 ] - HttpServer.cpp:89
20260520 15:31:56.780063Z 2265016 INFO  MetricsDbWriter: inserted metrics row ts=1779262316 - MetricsDbWriter.cpp:96
20260520 15:31:55.720118Z 2265012 INFO  MetricsDbWriter: inserted metrics row ts=1779262315 - MetricsDbWriter.cpp:131
20260520 15:32:00.761184Z 2260135 INFO  HttpServer::onMessage - Request URL : /metrics from TcpConnection[ fd#41-id#1 ] - HttpServer.cpp:89
20260520 15:32:05.761594Z 2260135 INFO  HttpServer::onMessage - Request URL : /metrics from TcpConnection[ fd#41-id#1 ] - HttpServer.cpp:89
20260520 15:32:06.781104Z 2265037 INFO  MetricsDbWriter: inserted metrics row ts=1779262326 - MetricsDbWriter.cpp:96
20260520 15:32:05.723303Z 2265033 INFO  MetricsDbWriter: inserted metrics row ts=1779262325 - MetricsDbWriter.cpp:131
20260520 15:32:10.763647Z 2260135 INFO  HttpServer::onMessage - Request URL : /metrics from TcpConnection[ fd#41-id#1 ] - HttpServer.cpp:89
20260520 15:32:15.731771Z 2265127 INFO  MetricsDbWriter: inserted metrics row ts=1779262335 - MetricsDbWriter.cpp:131
20260520 15:32:15.763814Z 2260135 INFO  HttpServer::onMessage - Request URL : /metrics from TcpConnection[ fd#41-id#1 ] - HttpServer.cpp:89
20260520 15:32:16.783287Z 2265129 INFO  MetricsDbWriter: inserted metrics row ts=1779262336 - MetricsDbWriter.cpp:96
20260520 15:32:20.760730Z 2260135 INFO  HttpServer::onMessage - Request URL : /metrics from TcpConnection[ fd#41-id#1 ] - HttpServer.cpp:89
20260520 15:32:25.763146Z 2260135 INFO  HttpServer::onMessage - Request URL : /metrics from TcpConnection[ fd#41-id#1 ] - HttpServer.cpp:89
20260520 15:32:26.781999Z 2265151 INFO  MetricsDbWriter: inserted metrics row ts=1779262346 - MetricsDbWriter.cpp:96
20260520 15:32:25.721519Z 2265150 INFO  MetricsDbWriter: inserted metrics row ts=1779262345 - MetricsDbWriter.cpp:131
20260520 15:32:30.766019Z 2260135 INFO  HttpServer::onMessage - Request URL : /metrics from TcpConnection[ fd#41-id#1 ] - HttpServer.cpp:89
20260520 15:32:35.761653Z 2260135 INFO  HttpServer::onMessage - Request URL : /metrics from TcpConnection[ fd#41-id#1 ] - HttpServer.cpp:89
20260520 15:32:36.781341Z 2265175 INFO  MetricsDbWriter: inserted metrics row ts=1779262356 - MetricsDbWriter.cpp:96
20260520 15:32:35.721588Z 2265171 INFO  MetricsDbWriter: inserted metrics row ts=1779262355 - MetricsDbWriter.cpp:131
20260520 15:32:39.264798Z 2260137 INFO  HttpServer::onMessage - Request URL : /api/stats from TcpConnection[ fd#44-id#54 ] - HttpServer.cpp:89
20260520 15:32:39.265692Z 2260135 INFO  HttpServer::onMessage - Request URL : /api/prometheus/query_range from TcpConnection[ fd#46-id#55 ] - HttpServer.cpp:89
20260520 15:32:39.305994Z 2260135 INFO  HttpServer::onMessage - Request URL : /api/health from TcpConnection[ fd#42-id#53 ] - HttpServer.cpp:89
20260520 15:32:39.577342Z 2260135 INFO  HttpServer::onMessage - Request URL : /api/game/status from TcpConnection[ fd#46-id#55 ] - HttpServer.cpp:89
20260520 15:32:39.577832Z 2260135 INFO  HttpServer::onMessage - Request URL : /api/prometheus/query_range from TcpConnection[ fd#42-id#53 ] - HttpServer.cpp:89
20260520 15:32:39.592146Z 2260135 INFO  HttpServer::onMessage - Request URL : /api/redis/status from TcpConnection[ fd#46-id#55 ] - HttpServer.cpp:89
20260520 15:32:39.603161Z 2260135 INFO  HttpServer::onMessage - Request URL : /api/prometheus/query_range from TcpConnection[ fd#42-id#53 ] - HttpServer.cpp:89
20260520 15:32:39.608094Z 2260135 INFO  HttpServer::onMessage - Request URL : /api/db/ping from TcpConnection[ fd#46-id#55 ] - HttpServer.cpp:89
20260520 15:32:39.629358Z 2260135 INFO  HttpServer::onMessage - Request URL : /api/prometheus/query_range from TcpConnection[ fd#46-id#55 ] - HttpServer.cpp:89
20260520 15:32:39.649608Z 2260135 INFO  HttpServer::onMessage - Request URL : /api/prometheus/query_range from TcpConnection[ fd#46-id#55 ] - HttpServer.cpp:89
20260520 15:32:39.670647Z 2260135 INFO  HttpServer::onMessage - Request URL : /api/prometheus/query_range from TcpConnection[ fd#46-id#55 ] - HttpServer.cpp:89
20260520 15:32:39.693100Z 2260135 INFO  HttpServer::onMessage - Request URL : /api/prometheus/query_range from TcpConnection[ fd#46-id#55 ] - HttpServer.cpp:89
20260520 15:32:40.760509Z 2260135 INFO  HttpServer::onMessage - Request URL : /metrics from TcpConnection[ fd#41-id#1 ] - HttpServer.cpp:89
20260520 15:32:45.720461Z 2265191 INFO  MetricsDbWriter: inserted metrics row ts=1779262365 - MetricsDbWriter.cpp:131
20260520 15:32:45.763844Z 2260135 INFO  HttpServer::onMessage - Request URL : /metrics from TcpConnection[ fd#41-id#1 ] - HttpServer.cpp:89
20260520 15:32:46.150822Z 2260130 INFO  TcpServer::HandleCloseInLoop - Remove connection [id#54-fd#44] - TcpServer.cpp:69
20260520 15:32:46.151484Z 2260130 INFO  TcpServer::HandleCloseInLoop - Remove connection [id#53-fd#42] - TcpServer.cpp:69
20260520 15:32:46.152713Z 2260130 INFO  TcpServer::HandleCloseInLoop - Remove connection [id#55-fd#46] - TcpServer.cpp:69
20260520 15:32:46.782334Z 2265193 INFO  MetricsDbWriter: inserted metrics row ts=1779262366 - MetricsDbWriter.cpp:96
20260520 15:32:50.760948Z 2260135 INFO  HttpServer::onMessage - Request URL : /metrics from TcpConnection[ fd#41-id#1 ] - HttpServer.cpp:89
20260520 15:32:55.762810Z 2260135 INFO  HttpServer::onMessage - Request URL : /metrics from TcpConnection[ fd#41-id#1 ] - HttpServer.cpp:89
20260520 15:32:56.781424Z 2265213 INFO  MetricsDbWriter: inserted metrics row ts=1779262376 - MetricsDbWriter.cpp:96
20260520 15:32:55.720831Z 2265212 INFO  MetricsDbWriter: inserted metrics row ts=1779262375 - MetricsDbWriter.cpp:131
20260520 15:33:00.763832Z 2260135 INFO  HttpServer::onMessage - Request URL : /metrics from TcpConnection[ fd#41-id#1 ] - HttpServer.cpp:89
20260520 15:33:05.761533Z 2260135 INFO  HttpServer::onMessage - Request URL : /metrics from TcpConnection[ fd#41-id#1 ] - HttpServer.cpp:89
20260520 15:33:06.781124Z 2265234 INFO  MetricsDbWriter: inserted metrics row ts=1779262386 - MetricsDbWriter.cpp:96
20260520 15:33:05.720529Z 2265230 INFO  MetricsDbWriter: inserted metrics row ts=1779262385 - MetricsDbWriter.cpp:131
20260520 15:33:10.761237Z 2260135 INFO  HttpServer::onMessage - Request URL : /metrics from TcpConnection[ fd#41-id#1 ] - HttpServer.cpp:89
20260520 15:33:15.720188Z 2265250 INFO  MetricsDbWriter: inserted metrics row ts=1779262395 - MetricsDbWriter.cpp:131
20260520 15:33:15.760849Z 2260135 INFO  HttpServer::onMessage - Request URL : /metrics from TcpConnection[ fd#41-id#1 ] - HttpServer.cpp:89
20260520 15:33:16.781087Z 2265256 INFO  MetricsDbWriter: inserted metrics row ts=1779262396 - MetricsDbWriter.cpp:96
20260520 15:33:20.762167Z 2260135 INFO  HttpServer::onMessage - Request URL : /metrics from TcpConnection[ fd#41-id#1 ] - HttpServer.cpp:89
20260520 15:33:25.762350Z 2260135 INFO  HttpServer::onMessage - Request URL : /metrics from TcpConnection[ fd#41-id#1 ] - HttpServer.cpp:89
20260520 15:33:26.781828Z 2265273 INFO  MetricsDbWriter: inserted metrics row ts=1779262406 - MetricsDbWriter.cpp:96
20260520 15:33:25.720513Z 2265272 INFO  MetricsDbWriter: inserted metrics row ts=1779262405 - MetricsDbWriter.cpp:131
20260520 15:33:30.762526Z 2260135 INFO  HttpServer::onMessage - Request URL : /metrics from TcpConnection[ fd#41-id#1 ] - HttpServer.cpp:89
20260520 15:33:35.760150Z 2260135 INFO  HttpServer::onMessage - Request URL : /metrics from TcpConnection[ fd#41-id#1 ] - HttpServer.cpp:89
20260520 15:33:36.782281Z 2265294 INFO  MetricsDbWriter: inserted metrics row ts=1779262416 - MetricsDbWriter.cpp:96
20260520 15:33:35.721372Z 2265293 INFO  MetricsDbWriter: inserted metrics row ts=1779262415 - MetricsDbWriter.cpp:131
20260520 15:33:39.346195Z 2260130 INFO  HttpServer::OnNewConnection : Add connection [ fd#42-id#56 ] from 58.247.150.86:17105 - HttpServer.cpp:49
20260520 15:33:39.346407Z 2260130 INFO  HttpServer::OnNewConnection : Add connection [ fd#44-id#57 ] from 58.247.150.86:17104 - HttpServer.cpp:49
20260520 15:33:39.347013Z 2260137 INFO  HttpServer::onMessage - Request URL : /api/health from TcpConnection[ fd#42-id#56 ] - HttpServer.cpp:89
20260520 15:33:39.349897Z 2260135 INFO  HttpServer::onMessage - Request URL : /api/prometheus/query_range from TcpConnection[ fd#44-id#57 ] - HttpServer.cpp:89
20260520 15:33:39.353332Z 2260130 INFO  HttpServer::OnNewConnection : Add connection [ fd#45-id#58 ] from 58.247.150.86:17106 - HttpServer.cpp:49
20260520 15:33:39.353371Z 2260137 INFO  HttpServer::onMessage - Request URL : /api/stats from TcpConnection[ fd#45-id#58 ] - HttpServer.cpp:89
20260520 15:33:39.365022Z 2260137 INFO  HttpServer::onMessage - Request URL : /api/game/status from TcpConnection[ fd#42-id#56 ] - HttpServer.cpp:89
20260520 15:33:39.379751Z 2260137 INFO  HttpServer::onMessage - Request URL : /api/prometheus/query_range from TcpConnection[ fd#45-id#58 ] - HttpServer.cpp:89
20260520 15:33:39.598005Z 2260137 INFO  HttpServer::onMessage - Request URL : /api/redis/status from TcpConnection[ fd#42-id#56 ] - HttpServer.cpp:89
20260520 15:33:39.611681Z 2260137 INFO  HttpServer::onMessage - Request URL : /api/prometheus/query_range from TcpConnection[ fd#45-id#58 ] - HttpServer.cpp:89
20260520 15:33:39.613921Z 2260137 INFO  HttpServer::onMessage - Request URL : /api/db/ping from TcpConnection[ fd#42-id#56 ] - HttpServer.cpp:89
20260520 15:33:39.637927Z 2260137 INFO  HttpServer::onMessage - Request URL : /api/prometheus/query_range from TcpConnection[ fd#45-id#58 ] - HttpServer.cpp:89
20260520 15:33:39.900015Z 2260137 INFO  HttpServer::onMessage - Request URL : /api/prometheus/query_range from TcpConnection[ fd#45-id#58 ] - HttpServer.cpp:89
20260520 15:33:39.930460Z 2260137 INFO  HttpServer::onMessage - Request URL : /api/prometheus/query_range from TcpConnection[ fd#45-id#58 ] - HttpServer.cpp:89
20260520 15:33:40.226620Z 2260137 INFO  HttpServer::onMessage - Request URL : /api/prometheus/query_range from TcpConnection[ fd#45-id#58 ] - HttpServer.cpp:89
20260520 15:33:40.761145Z 2260135 INFO  HttpServer::onMessage - Request URL : /metrics from TcpConnection[ fd#41-id#1 ] - HttpServer.cpp:89
20260520 15:33:45.722869Z 2265310 INFO  MetricsDbWriter: inserted metrics row ts=1779262425 - MetricsDbWriter.cpp:131
20260520 15:33:45.763546Z 2260135 INFO  HttpServer::onMessage - Request URL : /metrics from TcpConnection[ fd#41-id#1 ] - HttpServer.cpp:89
20260520 15:33:46.782173Z 2265315 INFO  MetricsDbWriter: inserted metrics row ts=1779262426 - MetricsDbWriter.cpp:96
20260520 15:33:50.762463Z 2260135 INFO  HttpServer::onMessage - Request URL : /metrics from TcpConnection[ fd#41-id#1 ] - HttpServer.cpp:89
20260520 15:33:55.763065Z 2260135 INFO  HttpServer::onMessage - Request URL : /metrics from TcpConnection[ fd#41-id#1 ] - HttpServer.cpp:89
20260520 15:33:56.781481Z 2265335 INFO  MetricsDbWriter: inserted metrics row ts=1779262436 - MetricsDbWriter.cpp:96
20260520 15:33:55.722798Z 2265331 INFO  MetricsDbWriter: inserted metrics row ts=1779262435 - MetricsDbWriter.cpp:131
20260520 15:34:00.762238Z 2260135 INFO  HttpServer::onMessage - Request URL : /metrics from TcpConnection[ fd#41-id#1 ] - HttpServer.cpp:89
20260520 15:34:05.762020Z 2260135 INFO  HttpServer::onMessage - Request URL : /metrics from TcpConnection[ fd#41-id#1 ] - HttpServer.cpp:89
20260520 15:34:06.780664Z 2265357 INFO  MetricsDbWriter: inserted metrics row ts=1779262446 - MetricsDbWriter.cpp:96
20260520 15:34:05.722718Z 2265356 INFO  MetricsDbWriter: inserted metrics row ts=1779262445 - MetricsDbWriter.cpp:131
20260520 15:34:10.763645Z 2260135 INFO  HttpServer::onMessage - Request URL : /metrics from TcpConnection[ fd#41-id#1 ] - HttpServer.cpp:89
20260520 15:34:15.723194Z 2265378 INFO  MetricsDbWriter: inserted metrics row ts=1779262455 - MetricsDbWriter.cpp:131
20260520 15:34:15.763714Z 2260135 INFO  HttpServer::onMessage - Request URL : /metrics from TcpConnection[ fd#41-id#1 ] - HttpServer.cpp:89
20260520 15:34:16.782646Z 2265383 INFO  MetricsDbWriter: inserted metrics row ts=1779262456 - MetricsDbWriter.cpp:96
20260520 15:34:20.763667Z 2260135 INFO  HttpServer::onMessage - Request URL : /metrics from TcpConnection[ fd#41-id#1 ] - HttpServer.cpp:89
20260520 15:34:25.762747Z 2260135 INFO  HttpServer::onMessage - Request URL : /metrics from TcpConnection[ fd#41-id#1 ] - HttpServer.cpp:89
20260520 15:34:26.780627Z 2265403 INFO  MetricsDbWriter: inserted metrics row ts=1779262466 - MetricsDbWriter.cpp:96
20260520 15:34:25.722442Z 2265399 INFO  MetricsDbWriter: inserted metrics row ts=1779262465 - MetricsDbWriter.cpp:131
20260520 15:34:30.762383Z 2260135 INFO  HttpServer::onMessage - Request URL : /metrics from TcpConnection[ fd#41-id#1 ] - HttpServer.cpp:89
20260520 15:34:35.761679Z 2260135 INFO  HttpServer::onMessage - Request URL : /metrics from TcpConnection[ fd#41-id#1 ] - HttpServer.cpp:89
20260520 15:34:36.781759Z 2265424 INFO  MetricsDbWriter: inserted metrics row ts=1779262476 - MetricsDbWriter.cpp:96
20260520 15:34:35.722214Z 2265420 INFO  MetricsDbWriter: inserted metrics row ts=1779262475 - MetricsDbWriter.cpp:131
20260520 15:34:39.272560Z 2260137 INFO  HttpServer::onMessage - Request URL : /api/health from TcpConnection[ fd#45-id#58 ] - HttpServer.cpp:89
20260520 15:34:39.272668Z 2260137 INFO  HttpServer::onMessage - Request URL : /api/prometheus/query_range from TcpConnection[ fd#42-id#56 ] - HttpServer.cpp:89
20260520 15:34:39.273024Z 2260135 INFO  HttpServer::onMessage - Request URL : /api/stats from TcpConnection[ fd#44-id#57 ] - HttpServer.cpp:89
20260520 15:34:39.302579Z 2260135 INFO  HttpServer::onMessage - Request URL : /api/prometheus/query_range from TcpConnection[ fd#44-id#57 ] - HttpServer.cpp:89
20260520 15:34:39.310558Z 2260137 INFO  HttpServer::onMessage - Request URL : /api/game/status from TcpConnection[ fd#45-id#58 ] - HttpServer.cpp:89
20260520 15:34:39.336081Z 2260137 INFO  HttpServer::onMessage - Request URL : /api/prometheus/query_range from TcpConnection[ fd#45-id#58 ] - HttpServer.cpp:89
20260520 15:34:39.338297Z 2260135 INFO  HttpServer::onMessage - Request URL : /api/redis/status from TcpConnection[ fd#44-id#57 ] - HttpServer.cpp:89
20260520 15:34:39.363272Z 2260135 INFO  HttpServer::onMessage - Request URL : /api/prometheus/query_range from TcpConnection[ fd#44-id#57 ] - HttpServer.cpp:89
20260520 15:34:39.372226Z 2260137 INFO  HttpServer::onMessage - Request URL : /api/db/ping from TcpConnection[ fd#45-id#58 ] - HttpServer.cpp:89
20260520 15:34:39.392052Z 2260135 INFO  HttpServer::onMessage - Request URL : /api/prometheus/query_range from TcpConnection[ fd#44-id#57 ] - HttpServer.cpp:89
20260520 15:34:39.422156Z 2260135 INFO  HttpServer::onMessage - Request URL : /api/prometheus/query_range from TcpConnection[ fd#44-id#57 ] - HttpServer.cpp:89
20260520 15:34:39.450023Z 2260135 INFO  HttpServer::onMessage - Request URL : /api/prometheus/query_range from TcpConnection[ fd#44-id#57 ] - HttpServer.cpp:89
20260520 15:34:40.760413Z 2260135 INFO  HttpServer::onMessage - Request URL : /metrics from TcpConnection[ fd#41-id#1 ] - HttpServer.cpp:89
20260520 15:34:45.722066Z 2265451 INFO  MetricsDbWriter: inserted metrics row ts=1779262485 - MetricsDbWriter.cpp:131
20260520 15:34:45.762697Z 2260135 INFO  HttpServer::onMessage - Request URL : /metrics from TcpConnection[ fd#41-id#1 ] - HttpServer.cpp:89
20260520 15:34:46.493253Z 2260130 INFO  TcpServer::HandleCloseInLoop - Remove connection [id#56-fd#42] - TcpServer.cpp:69
20260520 15:34:46.493990Z 2260130 INFO  TcpServer::HandleCloseInLoop - Remove connection [id#57-fd#44] - TcpServer.cpp:69
20260520 15:34:46.496898Z 2260130 INFO  TcpServer::HandleCloseInLoop - Remove connection [id#58-fd#45] - TcpServer.cpp:69
20260520 15:34:46.782356Z 2265453 INFO  MetricsDbWriter: inserted metrics row ts=1779262486 - MetricsDbWriter.cpp:96
20260520 15:34:49.453159Z 2265459 INFO  mysql pool config loaded from /root/projects/CppWebServer/config/mysql.cnf initSize=3 maxSize=32 - ConnectionPool.cpp:67
20260520 15:34:49.577613Z 2265459 INFO  MetricsDbWriter: flush to MySQL every 10s - MetricsDbWriter.cpp:59
20260520 15:34:49.579738Z 2265459 INFO  SessionStore: Redis ok 127.0.0.1:6379 default_ttl_sec=7200 - SessionStore.cpp:103
20260520 15:34:49.579808Z 2265459 INFO  Game protobuf TCP 8081 (HTTP 8080) - http_server.cpp:562
20260520 15:34:49.579881Z 2265459 ERROR Failed to Bind [0.0.0.0:8080] - Acceptor.cpp:49
20260520 15:34:49.579921Z 2265459 INFO  HttpServer Listening on [ 0.0.0.0:8080 ] - HttpServer.cpp:35
20260520 15:34:49.580032Z 2265490 ERROR Failed to Bind [0.0.0.0:8081] - Acceptor.cpp:49
20260520 15:34:49.580073Z 2265490 INFO  GameTcpGateway listening on 0.0.0.0:8081 (length-prefix + protobuf) - GameTcpGateway.cpp:47
20260520 15:34:49.602731Z 2265494 INFO  MetricsDbWriter: table webserver_metrics ready - MetricsDbWriter.cpp:96
20260520 15:34:49.612186Z 2265494 INFO  MetricsDbWriter: inserted metrics row ts=1779262489 - MetricsDbWriter.cpp:131
20260520 15:34:50.762892Z 2260135 INFO  HttpServer::onMessage - Request URL : /metrics from TcpConnection[ fd#41-id#1 ] - HttpServer.cpp:89
20260520 15:34:55.762024Z 2260135 INFO  HttpServer::onMessage - Request URL : /metrics from TcpConnection[ fd#41-id#1 ] - HttpServer.cpp:89
20260520 15:34:56.782749Z 2265541 INFO  MetricsDbWriter: inserted metrics row ts=1779262496 - MetricsDbWriter.cpp:96
20260520 15:34:55.723317Z 2265540 INFO  MetricsDbWriter: inserted metrics row ts=1779262495 - MetricsDbWriter.cpp:131
20260520 15:34:59.597097Z 2265546 INFO  MetricsDbWriter: inserted metrics row ts=1779262499 - MetricsDbWriter.cpp:131
20260520 15:35:00.763340Z 2260135 INFO  HttpServer::onMessage - Request URL : /metrics from TcpConnection[ fd#41-id#1 ] - HttpServer.cpp:89
20260520 15:35:05.762080Z 2260135 INFO  HttpServer::onMessage - Request URL : /metrics from TcpConnection[ fd#41-id#1 ] - HttpServer.cpp:89
20260520 15:35:06.783588Z 2265564 INFO  MetricsDbWriter: inserted metrics row ts=1779262506 - MetricsDbWriter.cpp:96
20260520 15:35:05.726191Z 2265560 INFO  MetricsDbWriter: inserted metrics row ts=1779262505 - MetricsDbWriter.cpp:131
20260520 15:35:09.595787Z 2265569 INFO  MetricsDbWriter: inserted metrics row ts=1779262509 - MetricsDbWriter.cpp:131
20260520 15:35:10.763655Z 2260135 INFO  HttpServer::onMessage - Request URL : /metrics from TcpConnection[ fd#41-id#1 ] - HttpServer.cpp:89
20260520 15:35:15.721670Z 2265581 INFO  MetricsDbWriter: inserted metrics row ts=1779262515 - MetricsDbWriter.cpp:131
20260520 15:35:15.763532Z 2260135 INFO  HttpServer::onMessage - Request URL : /metrics from TcpConnection[ fd#41-id#1 ] - HttpServer.cpp:89
20260520 15:35:16.789115Z 2265587 INFO  MetricsDbWriter: inserted metrics row ts=1779262516 - MetricsDbWriter.cpp:96
20260520 15:35:19.595892Z 2265592 INFO  MetricsDbWriter: inserted metrics row ts=1779262519 - MetricsDbWriter.cpp:131
20260520 15:35:20.761002Z 2260135 INFO  HttpServer::onMessage - Request URL : /metrics from TcpConnection[ fd#41-id#1 ] - HttpServer.cpp:89
20260520 15:35:25.763310Z 2260135 INFO  HttpServer::onMessage - Request URL : /metrics from TcpConnection[ fd#41-id#1 ] - HttpServer.cpp:89
20260520 15:35:26.786741Z 2265605 INFO  MetricsDbWriter: inserted metrics row ts=1779262526 - MetricsDbWriter.cpp:96
20260520 15:35:25.723066Z 2265604 INFO  MetricsDbWriter: inserted metrics row ts=1779262525 - MetricsDbWriter.cpp:131
20260520 15:35:29.594004Z 2265613 INFO  MetricsDbWriter: inserted metrics row ts=1779262529 - MetricsDbWriter.cpp:131
20260520 15:35:30.762036Z 2260135 INFO  HttpServer::onMessage - Request URL : /metrics from TcpConnection[ fd#41-id#1 ] - HttpServer.cpp:89
20260520 15:35:34.290579Z 2260130 INFO  HttpServer::OnNewConnection : Add connection [ fd#42-id#59 ] from 58.247.150.86:17211 - HttpServer.cpp:49
20260520 15:35:34.290777Z 2260135 INFO  HttpServer::onMessage - Request URL : /api/health from TcpConnection[ fd#42-id#59 ] - HttpServer.cpp:89
20260520 15:35:34.292956Z 2260130 INFO  HttpServer::OnNewConnection : Add connection [ fd#44-id#60 ] from 58.247.150.86:17212 - HttpServer.cpp:49
20260520 15:35:34.293954Z 2260137 INFO  HttpServer::onMessage - Request URL : /api/prometheus/query_range from TcpConnection[ fd#44-id#60 ] - HttpServer.cpp:89
20260520 15:35:34.295835Z 2260130 INFO  HttpServer::OnNewConnection : Add connection [ fd#45-id#61 ] from 58.247.150.86:17213 - HttpServer.cpp:49
20260520 15:35:34.296568Z 2260135 INFO  HttpServer::onMessage - Request URL : /api/stats from TcpConnection[ fd#45-id#61 ] - HttpServer.cpp:89
20260520 15:35:34.308030Z 2260135 INFO  HttpServer::onMessage - Request URL : /api/game/status from TcpConnection[ fd#42-id#59 ] - HttpServer.cpp:89
20260520 15:35:34.317091Z 2260135 INFO  HttpServer::onMessage - Request URL : /api/prometheus/query_range from TcpConnection[ fd#45-id#61 ] - HttpServer.cpp:89
20260520 15:35:34.330557Z 2260135 INFO  HttpServer::onMessage - Request URL : /api/redis/status from TcpConnection[ fd#42-id#59 ] - HttpServer.cpp:89
20260520 15:35:34.338598Z 2260135 INFO  HttpServer::onMessage - Request URL : /api/prometheus/query_range from TcpConnection[ fd#45-id#61 ] - HttpServer.cpp:89
20260520 15:35:34.611139Z 2260135 INFO  HttpServer::onMessage - Request URL : /api/db/ping from TcpConnection[ fd#45-id#61 ] - HttpServer.cpp:89
20260520 15:35:34.613039Z 2260135 INFO  HttpServer::onMessage - Request URL : /api/prometheus/query_range from TcpConnection[ fd#42-id#59 ] - HttpServer.cpp:89
20260520 15:35:34.633050Z 2260135 INFO  HttpServer::onMessage - Request URL : /api/prometheus/query_range from TcpConnection[ fd#42-id#59 ] - HttpServer.cpp:89
20260520 15:35:34.654048Z 2260135 INFO  HttpServer::onMessage - Request URL : /api/prometheus/query_range from TcpConnection[ fd#42-id#59 ] - HttpServer.cpp:89
20260520 15:35:34.675038Z 2260135 INFO  HttpServer::onMessage - Request URL : /api/prometheus/query_range from TcpConnection[ fd#42-id#59 ] - HttpServer.cpp:89
20260520 15:35:35.760221Z 2260135 INFO  HttpServer::onMessage - Request URL : /metrics from TcpConnection[ fd#41-id#1 ] - HttpServer.cpp:89
20260520 15:35:36.782948Z 2265627 INFO  MetricsDbWriter: inserted metrics row ts=1779262536 - MetricsDbWriter.cpp:96
20260520 15:35:35.734993Z 2265626 INFO  MetricsDbWriter: inserted metrics row ts=1779262535 - MetricsDbWriter.cpp:131
20260520 15:35:39.593151Z 2265633 INFO  MetricsDbWriter: inserted metrics row ts=1779262539 - MetricsDbWriter.cpp:131
20260520 15:35:40.763844Z 2260135 INFO  HttpServer::onMessage - Request URL : /metrics from TcpConnection[ fd#41-id#1 ] - HttpServer.cpp:89
20260520 15:35:45.722302Z 2265667 INFO  MetricsDbWriter: inserted metrics row ts=1779262545 - MetricsDbWriter.cpp:131
20260520 15:35:45.763788Z 2260135 INFO  HttpServer::onMessage - Request URL : /metrics from TcpConnection[ fd#41-id#1 ] - HttpServer.cpp:89
20260520 15:35:46.783169Z 2265699 INFO  MetricsDbWriter: inserted metrics row ts=1779262546 - MetricsDbWriter.cpp:96
20260520 15:35:49.593405Z 2265784 INFO  MetricsDbWriter: inserted metrics row ts=1779262549 - MetricsDbWriter.cpp:131
20260520 15:35:50.763068Z 2260135 INFO  HttpServer::onMessage - Request URL : /metrics from TcpConnection[ fd#41-id#1 ] - HttpServer.cpp:89
20260520 15:35:55.762834Z 2260135 INFO  HttpServer::onMessage - Request URL : /metrics from TcpConnection[ fd#41-id#1 ] - HttpServer.cpp:89
20260520 15:35:56.786152Z 2265799 INFO  MetricsDbWriter: inserted metrics row ts=1779262556 - MetricsDbWriter.cpp:96
20260520 15:35:55.723295Z 2265798 INFO  MetricsDbWriter: inserted metrics row ts=1779262555 - MetricsDbWriter.cpp:131
20260520 15:35:59.592104Z 2265807 INFO  MetricsDbWriter: inserted metrics row ts=1779262559 - MetricsDbWriter.cpp:131
20260520 15:36:00.762526Z 2260135 INFO  HttpServer::onMessage - Request URL : /metrics from TcpConnection[ fd#41-id#1 ] - HttpServer.cpp:89
20260520 15:36:04.261916Z 2260135 INFO  HttpServer::onMessage - Request URL : /api/health from TcpConnection[ fd#42-id#59 ] - HttpServer.cpp:89
20260520 15:36:04.263947Z 2260137 INFO  HttpServer::onMessage - Request URL : /api/stats from TcpConnection[ fd#44-id#60 ] - HttpServer.cpp:89
20260520 15:36:04.267838Z 2260135 INFO  HttpServer::onMessage - Request URL : /api/prometheus/query_range from TcpConnection[ fd#45-id#61 ] - HttpServer.cpp:89
20260520 15:36:04.277261Z 2260135 INFO  HttpServer::onMessage - Request URL : /api/game/status from TcpConnection[ fd#42-id#59 ] - HttpServer.cpp:89
20260520 15:36:04.310577Z 2260135 INFO  HttpServer::onMessage - Request URL : /api/prometheus/query_range from TcpConnection[ fd#42-id#59 ] - HttpServer.cpp:89
20260520 15:36:04.316815Z 2260135 INFO  HttpServer::onMessage - Request URL : /api/redis/status from TcpConnection[ fd#45-id#61 ] - HttpServer.cpp:89
20260520 15:36:04.331306Z 2260135 INFO  HttpServer::onMessage - Request URL : /api/prometheus/query_range from TcpConnection[ fd#45-id#61 ] - HttpServer.cpp:89
20260520 15:36:04.333741Z 2260135 INFO  HttpServer::onMessage - Request URL : /api/db/ping from TcpConnection[ fd#42-id#59 ] - HttpServer.cpp:89
20260520 15:36:04.352523Z 2260135 INFO  HttpServer::onMessage - Request URL : /api/prometheus/query_range from TcpConnection[ fd#42-id#59 ] - HttpServer.cpp:89
20260520 15:36:04.371566Z 2260135 INFO  HttpServer::onMessage - Request URL : /api/prometheus/query_range from TcpConnection[ fd#42-id#59 ] - HttpServer.cpp:89
20260520 15:36:04.391520Z 2260135 INFO  HttpServer::onMessage - Request URL : /api/prometheus/query_range from TcpConnection[ fd#42-id#59 ] - HttpServer.cpp:89
20260520 15:36:04.411909Z 2260135 INFO  HttpServer::onMessage - Request URL : /api/prometheus/query_range from TcpConnection[ fd#42-id#59 ] - HttpServer.cpp:89
20260520 15:36:05.760461Z 2260135 INFO  HttpServer::onMessage - Request URL : /metrics from TcpConnection[ fd#41-id#1 ] - HttpServer.cpp:89
20260520 15:36:06.784315Z 2265821 INFO  MetricsDbWriter: inserted metrics row ts=1779262566 - MetricsDbWriter.cpp:96
20260520 15:36:05.722585Z 2265820 INFO  MetricsDbWriter: inserted metrics row ts=1779262565 - MetricsDbWriter.cpp:131
20260520 15:36:09.594199Z 2265829 INFO  MetricsDbWriter: inserted metrics row ts=1779262569 - MetricsDbWriter.cpp:131
20260520 15:36:10.763505Z 2260135 INFO  HttpServer::onMessage - Request URL : /metrics from TcpConnection[ fd#41-id#1 ] - HttpServer.cpp:89
20260520 15:36:15.723407Z 2265924 INFO  MetricsDbWriter: inserted metrics row ts=1779262575 - MetricsDbWriter.cpp:131
20260520 15:36:15.763415Z 2260135 INFO  HttpServer::onMessage - Request URL : /metrics from TcpConnection[ fd#41-id#1 ] - HttpServer.cpp:89
20260520 15:36:16.785209Z 2265930 INFO  MetricsDbWriter: inserted metrics row ts=1779262576 - MetricsDbWriter.cpp:96
20260520 15:36:19.592058Z 2265935 INFO  MetricsDbWriter: inserted metrics row ts=1779262579 - MetricsDbWriter.cpp:131
20260520 15:36:20.760370Z 2260135 INFO  HttpServer::onMessage - Request URL : /metrics from TcpConnection[ fd#41-id#1 ] - HttpServer.cpp:89
20260520 15:36:25.762665Z 2260135 INFO  HttpServer::onMessage - Request URL : /metrics from TcpConnection[ fd#41-id#1 ] - HttpServer.cpp:89
20260520 15:36:26.785763Z 2265951 INFO  MetricsDbWriter: inserted metrics row ts=1779262586 - MetricsDbWriter.cpp:96
20260520 15:36:25.726775Z 2265947 INFO  MetricsDbWriter: inserted metrics row ts=1779262585 - MetricsDbWriter.cpp:131
20260520 15:36:29.592984Z 2265956 INFO  MetricsDbWriter: inserted metrics row ts=1779262589 - MetricsDbWriter.cpp:131
20260520 15:36:30.760262Z 2260135 INFO  HttpServer::onMessage - Request URL : /metrics from TcpConnection[ fd#41-id#1 ] - HttpServer.cpp:89
20260520 15:36:34.256030Z 2260135 INFO  HttpServer::onMessage - Request URL : /api/health from TcpConnection[ fd#42-id#59 ] - HttpServer.cpp:89
20260520 15:36:34.257422Z 2260137 INFO  HttpServer::onMessage - Request URL : /api/stats from TcpConnection[ fd#44-id#60 ] - HttpServer.cpp:89
20260520 15:36:34.258023Z 2260135 INFO  HttpServer::onMessage - Request URL : /api/prometheus/query_range from TcpConnection[ fd#45-id#61 ] - HttpServer.cpp:89
20260520 15:36:34.268489Z 2260135 INFO  HttpServer::onMessage - Request URL : /api/game/status from TcpConnection[ fd#42-id#59 ] - HttpServer.cpp:89
20260520 15:36:34.302517Z 2260135 INFO  HttpServer::onMessage - Request URL : /api/prometheus/query_range from TcpConnection[ fd#42-id#59 ] - HttpServer.cpp:89
20260520 15:36:34.304543Z 2260135 INFO  HttpServer::onMessage - Request URL : /api/redis/status from TcpConnection[ fd#45-id#61 ] - HttpServer.cpp:89
20260520 15:36:34.322579Z 2260135 INFO  HttpServer::onMessage - Request URL : /api/db/ping from TcpConnection[ fd#42-id#59 ] - HttpServer.cpp:89
20260520 15:36:34.323549Z 2260135 INFO  HttpServer::onMessage - Request URL : /api/prometheus/query_range from TcpConnection[ fd#45-id#61 ] - HttpServer.cpp:89
20260520 15:36:34.342805Z 2260135 INFO  HttpServer::onMessage - Request URL : /api/prometheus/query_range from TcpConnection[ fd#45-id#61 ] - HttpServer.cpp:89
20260520 15:36:34.364081Z 2260135 INFO  HttpServer::onMessage - Request URL : /api/prometheus/query_range from TcpConnection[ fd#45-id#61 ] - HttpServer.cpp:89
20260520 15:36:34.385102Z 2260135 INFO  HttpServer::onMessage - Request URL : /api/prometheus/query_range from TcpConnection[ fd#45-id#61 ] - HttpServer.cpp:89
20260520 15:36:34.406611Z 2260135 INFO  HttpServer::onMessage - Request URL : /api/prometheus/query_range from TcpConnection[ fd#45-id#61 ] - HttpServer.cpp:89
20260520 15:36:35.760189Z 2260135 INFO  HttpServer::onMessage - Request URL : /metrics from TcpConnection[ fd#41-id#1 ] - HttpServer.cpp:89
20260520 15:36:36.783676Z 2265970 INFO  MetricsDbWriter: inserted metrics row ts=1779262596 - MetricsDbWriter.cpp:96
20260520 15:36:35.723064Z 2265969 INFO  MetricsDbWriter: inserted metrics row ts=1779262595 - MetricsDbWriter.cpp:131
20260520 15:36:39.594640Z 2265978 INFO  MetricsDbWriter: inserted metrics row ts=1779262599 - MetricsDbWriter.cpp:131
20260520 15:36:40.761762Z 2260135 INFO  HttpServer::onMessage - Request URL : /metrics from TcpConnection[ fd#41-id#1 ] - HttpServer.cpp:89
20260520 15:36:45.723478Z 2265990 INFO  MetricsDbWriter: inserted metrics row ts=1779262605 - MetricsDbWriter.cpp:131
20260520 15:36:45.762395Z 2260135 INFO  HttpServer::onMessage - Request URL : /metrics from TcpConnection[ fd#41-id#1 ] - HttpServer.cpp:89
20260520 15:36:46.784907Z 2265992 INFO  MetricsDbWriter: inserted metrics row ts=1779262606 - MetricsDbWriter.cpp:96
20260520 15:36:46.806110Z 2260130 INFO  TcpServer::HandleCloseInLoop - Remove connection [id#59-fd#42] - TcpServer.cpp:69
20260520 15:36:46.806719Z 2260130 INFO  TcpServer::HandleCloseInLoop - Remove connection [id#60-fd#44] - TcpServer.cpp:69
20260520 15:36:46.808870Z 2260130 INFO  TcpServer::HandleCloseInLoop - Remove connection [id#61-fd#45] - TcpServer.cpp:69
20260520 15:36:49.592266Z 2266000 INFO  MetricsDbWriter: inserted metrics row ts=1779262609 - MetricsDbWriter.cpp:131
20260520 15:36:50.763051Z 2260135 INFO  HttpServer::onMessage - Request URL : /metrics from TcpConnection[ fd#41-id#1 ] - HttpServer.cpp:89
20260520 15:36:55.763309Z 2260135 INFO  HttpServer::onMessage - Request URL : /metrics from TcpConnection[ fd#41-id#1 ] - HttpServer.cpp:89
20260520 15:36:56.784511Z 2266014 INFO  MetricsDbWriter: inserted metrics row ts=1779262616 - MetricsDbWriter.cpp:96
20260520 15:36:55.725171Z 2266010 INFO  MetricsDbWriter: inserted metrics row ts=1779262615 - MetricsDbWriter.cpp:131
20260520 15:36:59.594470Z 2266019 INFO  MetricsDbWriter: inserted metrics row ts=1779262619 - MetricsDbWriter.cpp:131
20260520 15:37:00.762769Z 2260135 INFO  HttpServer::onMessage - Request URL : /metrics from TcpConnection[ fd#41-id#1 ] - HttpServer.cpp:89
20260520 15:37:05.761196Z 2260135 INFO  HttpServer::onMessage - Request URL : /metrics from TcpConnection[ fd#41-id#1 ] - HttpServer.cpp:89
20260520 15:37:06.783459Z 2266036 INFO  MetricsDbWriter: inserted metrics row ts=1779262626 - MetricsDbWriter.cpp:96
20260520 15:37:05.724445Z 2266032 INFO  MetricsDbWriter: inserted metrics row ts=1779262625 - MetricsDbWriter.cpp:131
20260520 15:37:09.593018Z 2266042 INFO  MetricsDbWriter: inserted metrics row ts=1779262629 - MetricsDbWriter.cpp:131
20260520 15:37:10.695194Z 2260134 INFO  TcpServer::HandleCloseInLoop - Remove connection [id#2-fd#42] - TcpServer.cpp:69
20260520 15:37:10.761708Z 2260135 INFO  HttpServer::onMessage - Request URL : /metrics from TcpConnection[ fd#41-id#1 ] - HttpServer.cpp:89
20260520 15:37:15.725807Z 2266130 INFO  MetricsDbWriter: inserted metrics row ts=1779262635 - MetricsDbWriter.cpp:131
20260520 15:37:15.760592Z 2260135 INFO  HttpServer::onMessage - Request URL : /metrics from TcpConnection[ fd#41-id#1 ] - HttpServer.cpp:89
20260520 15:37:16.785080Z 2266133 INFO  MetricsDbWriter: inserted metrics row ts=1779262636 - MetricsDbWriter.cpp:96
20260520 15:37:19.593949Z 2266141 INFO  MetricsDbWriter: inserted metrics row ts=1779262639 - MetricsDbWriter.cpp:131
20260520 15:37:20.763739Z 2260135 INFO  HttpServer::onMessage - Request URL : /metrics from TcpConnection[ fd#41-id#1 ] - HttpServer.cpp:89
20260520 15:37:25.763708Z 2260135 INFO  HttpServer::onMessage - Request URL : /metrics from TcpConnection[ fd#41-id#1 ] - HttpServer.cpp:89
20260520 15:37:26.332303Z 2260130 INFO  HttpServer::OnNewConnection : Add connection [ fd#42-id#62 ] from 142.93.224.178:56854 - HttpServer.cpp:49
20260520 15:37:26.335040Z 2260137 INFO  HttpServer::onMessage - Request URL : / from TcpConnection[ fd#42-id#62 ] - HttpServer.cpp:89
20260520 15:37:26.569239Z 2260130 INFO  TcpServer::HandleCloseInLoop - Remove connection [id#62-fd#42] - TcpServer.cpp:69
20260520 15:37:26.785902Z 2266154 INFO  MetricsDbWriter: inserted metrics row ts=1779262646 - MetricsDbWriter.cpp:96
20260520 15:37:25.725314Z 2266153 INFO  MetricsDbWriter: inserted metrics row ts=1779262645 - MetricsDbWriter.cpp:131
20260520 15:37:29.593372Z 2266162 INFO  MetricsDbWriter: inserted metrics row ts=1779262649 - MetricsDbWriter.cpp:131
20260520 15:37:29.873542Z 2260130 INFO  HttpServer::OnNewConnection : Add connection [ fd#42-id#63 ] from 142.93.224.178:56856 - HttpServer.cpp:49
20260520 15:37:29.873622Z 2260135 INFO  HttpServer::onMessage : Receive non HTTP message - HttpServer.cpp:71
20260520 15:37:29.873750Z 2260130 INFO  TcpServer::HandleCloseInLoop - Remove connection [id#63-fd#42] - TcpServer.cpp:69
20260520 15:37:30.762518Z 2260135 INFO  HttpServer::onMessage - Request URL : /metrics from TcpConnection[ fd#41-id#1 ] - HttpServer.cpp:89
20260520 15:37:35.761734Z 2260135 INFO  HttpServer::onMessage - Request URL : /metrics from TcpConnection[ fd#41-id#1 ] - HttpServer.cpp:89
20260520 15:37:36.784399Z 2266176 INFO  MetricsDbWriter: inserted metrics row ts=1779262656 - MetricsDbWriter.cpp:96
20260520 15:37:35.724922Z 2266172 INFO  MetricsDbWriter: inserted metrics row ts=1779262655 - MetricsDbWriter.cpp:131
20260520 15:37:39.593402Z 2266181 INFO  MetricsDbWriter: inserted metrics row ts=1779262659 - MetricsDbWriter.cpp:131
20260520 15:37:39.268040Z 2260130 INFO  HttpServer::OnNewConnection : Add connection [ fd#42-id#64 ] from 58.247.150.86:17353 - HttpServer.cpp:49
20260520 15:37:39.268690Z 2260130 INFO  HttpServer::OnNewConnection : Add connection [ fd#44-id#65 ] from 58.247.150.86:17354 - HttpServer.cpp:49
20260520 15:37:39.268765Z 2260137 INFO  HttpServer::onMessage - Request URL : /api/health from TcpConnection[ fd#42-id#64 ] - HttpServer.cpp:89
20260520 15:37:39.271653Z 2260135 INFO  HttpServer::onMessage - Request URL : /api/prometheus/query_range from TcpConnection[ fd#44-id#65 ] - HttpServer.cpp:89
20260520 15:37:39.273600Z 2260130 INFO  HttpServer::OnNewConnection : Add connection [ fd#46-id#66 ] from 58.247.150.86:17355 - HttpServer.cpp:49
20260520 15:37:39.273653Z 2260137 INFO  HttpServer::onMessage - Request URL : /api/stats from TcpConnection[ fd#46-id#66 ] - HttpServer.cpp:89
20260520 15:37:39.283856Z 2260137 INFO  HttpServer::onMessage - Request URL : /api/game/status from TcpConnection[ fd#42-id#64 ] - HttpServer.cpp:89
20260520 15:37:39.296652Z 2260137 INFO  HttpServer::onMessage - Request URL : /api/prometheus/query_range from TcpConnection[ fd#46-id#66 ] - HttpServer.cpp:89
20260520 15:37:39.330797Z 2260137 INFO  HttpServer::onMessage - Request URL : /api/redis/status from TcpConnection[ fd#46-id#66 ] - HttpServer.cpp:89
20260520 15:37:39.331106Z 2260137 INFO  HttpServer::onMessage - Request URL : /api/prometheus/query_range from TcpConnection[ fd#42-id#64 ] - HttpServer.cpp:89
20260520 15:37:39.354355Z 2260137 INFO  HttpServer::onMessage - Request URL : /api/db/ping from TcpConnection[ fd#42-id#64 ] - HttpServer.cpp:89
20260520 15:37:39.355139Z 2260137 INFO  HttpServer::onMessage - Request URL : /api/prometheus/query_range from TcpConnection[ fd#46-id#66 ] - HttpServer.cpp:89
20260520 15:37:39.378216Z 2260137 INFO  HttpServer::onMessage - Request URL : /api/prometheus/query_range from TcpConnection[ fd#46-id#66 ] - HttpServer.cpp:89
20260520 15:37:39.401226Z 2260137 INFO  HttpServer::onMessage - Request URL : /api/prometheus/query_range from TcpConnection[ fd#46-id#66 ] - HttpServer.cpp:89
20260520 15:37:39.425250Z 2260137 INFO  HttpServer::onMessage - Request URL : /api/prometheus/query_range from TcpConnection[ fd#46-id#66 ] - HttpServer.cpp:89
20260520 15:37:40.761303Z 2260135 INFO  HttpServer::onMessage - Request URL : /metrics from TcpConnection[ fd#41-id#1 ] - HttpServer.cpp:89
20260520 15:37:45.724951Z 2266193 INFO  MetricsDbWriter: inserted metrics row ts=1779262665 - MetricsDbWriter.cpp:131
20260520 15:37:45.762294Z 2260135 INFO  HttpServer::onMessage - Request URL : /metrics from TcpConnection[ fd#41-id#1 ] - HttpServer.cpp:89
20260520 15:37:46.784974Z 2266198 INFO  MetricsDbWriter: inserted metrics row ts=1779262666 - MetricsDbWriter.cpp:96
20260520 15:37:49.594484Z 2266208 INFO  MetricsDbWriter: inserted metrics row ts=1779262669 - MetricsDbWriter.cpp:131
20260520 15:37:49.480423Z 2260134 INFO  TcpServer::HandleCloseInLoop - Remove connection [id#3-fd#45] - TcpServer.cpp:69
20260520 15:37:50.765124Z 2260135 INFO  HttpServer::onMessage - Request URL : /metrics from TcpConnection[ fd#41-id#1 ] - HttpServer.cpp:89
20260520 15:37:53.911127Z 2260130 INFO  TcpServer::HandleCloseInLoop - Remove connection [id#65-fd#44] - TcpServer.cpp:69
20260520 15:37:53.911169Z 2260130 INFO  TcpServer::HandleCloseInLoop - Remove connection [id#64-fd#42] - TcpServer.cpp:69
20260520 15:37:53.911177Z 2260130 INFO  TcpServer::HandleCloseInLoop - Remove connection [id#66-fd#46] - TcpServer.cpp:69
20260520 15:37:55.728429Z 2266293 INFO  MetricsDbWriter: inserted metrics row ts=1779262675 - MetricsDbWriter.cpp:131
20260520 15:37:55.763561Z 2260135 INFO  HttpServer::onMessage - Request URL : /metrics from TcpConnection[ fd#41-id#1 ] - HttpServer.cpp:89
20260520 15:37:56.788118Z 2266294 INFO  MetricsDbWriter: inserted metrics row ts=1779262676 - MetricsDbWriter.cpp:96
20260520 15:38:00.762699Z 2260135 INFO  HttpServer::onMessage - Request URL : /metrics from TcpConnection[ fd#41-id#1 ] - HttpServer.cpp:89
20260520 15:37:59.593943Z 2266302 INFO  MetricsDbWriter: inserted metrics row ts=1779262679 - MetricsDbWriter.cpp:131
20260520 15:38:05.761088Z 2260135 INFO  HttpServer::onMessage - Request URL : /metrics from TcpConnection[ fd#41-id#1 ] - HttpServer.cpp:89
20260520 15:38:06.785361Z 2266316 INFO  MetricsDbWriter: inserted metrics row ts=1779262686 - MetricsDbWriter.cpp:96
20260520 15:38:05.724552Z 2266315 INFO  MetricsDbWriter: inserted metrics row ts=1779262685 - MetricsDbWriter.cpp:131
20260520 15:38:09.593861Z 2266321 INFO  MetricsDbWriter: inserted metrics row ts=1779262689 - MetricsDbWriter.cpp:131
20260520 15:38:10.763663Z 2260135 INFO  HttpServer::onMessage - Request URL : /metrics from TcpConnection[ fd#41-id#1 ] - HttpServer.cpp:89
20260520 15:38:15.725278Z 2266333 INFO  MetricsDbWriter: inserted metrics row ts=1779262695 - MetricsDbWriter.cpp:131
20260520 15:38:15.763030Z 2260135 INFO  HttpServer::onMessage - Request URL : /metrics from TcpConnection[ fd#41-id#1 ] - HttpServer.cpp:89
20260520 15:38:16.785697Z 2266339 INFO  MetricsDbWriter: inserted metrics row ts=1779262696 - MetricsDbWriter.cpp:96
20260520 15:38:19.597256Z 2266344 INFO  MetricsDbWriter: inserted metrics row ts=1779262699 - MetricsDbWriter.cpp:131
20260520 15:38:25.725673Z 2266357 INFO  MetricsDbWriter: inserted metrics row ts=1779262705 - MetricsDbWriter.cpp:131
20260520 15:38:20.763424Z 2260135 INFO  HttpServer::onMessage - Request URL : /metrics from TcpConnection[ fd#41-id#1 ] - HttpServer.cpp:89
20260520 15:38:25.762762Z 2260135 INFO  HttpServer::onMessage - Request URL : /metrics from TcpConnection[ fd#41-id#1 ] - HttpServer.cpp:89
20260520 15:38:26.785756Z 2266361 INFO  MetricsDbWriter: inserted metrics row ts=1779262706 - MetricsDbWriter.cpp:96
20260520 15:38:29.594990Z 2266366 INFO  MetricsDbWriter: inserted metrics row ts=1779262709 - MetricsDbWriter.cpp:131
20260520 15:38:30.760611Z 2260135 INFO  HttpServer::onMessage - Request URL : /metrics from TcpConnection[ fd#41-id#1 ] - HttpServer.cpp:89
20260520 15:38:35.762020Z 2260135 INFO  HttpServer::onMessage - Request URL : /metrics from TcpConnection[ fd#41-id#1 ] - HttpServer.cpp:89
20260520 15:38:36.785643Z 2266380 INFO  MetricsDbWriter: inserted metrics row ts=1779262716 - MetricsDbWriter.cpp:96
20260520 15:38:35.730908Z 2266379 INFO  MetricsDbWriter: inserted metrics row ts=1779262715 - MetricsDbWriter.cpp:131
20260520 15:38:39.594187Z 2266388 INFO  MetricsDbWriter: inserted metrics row ts=1779262719 - MetricsDbWriter.cpp:131
20260520 15:38:39.510787Z 2260130 INFO  HttpServer::OnNewConnection : Add connection [ fd#42-id#67 ] from 58.247.150.86:15380 - HttpServer.cpp:49
20260520 15:38:39.510929Z 2260135 INFO  HttpServer::onMessage - Request URL : /api/health from TcpConnection[ fd#42-id#67 ] - HttpServer.cpp:89
20260520 15:38:39.511032Z 2260130 INFO  HttpServer::OnNewConnection : Add connection [ fd#44-id#68 ] from 58.247.150.86:15381 - HttpServer.cpp:49
20260520 15:38:39.511058Z 2260130 INFO  HttpServer::OnNewConnection : Add connection [ fd#45-id#69 ] from 58.247.150.86:15379 - HttpServer.cpp:49
20260520 15:38:39.511095Z 2260135 INFO  HttpServer::onMessage - Request URL : /api/prometheus/query_range from TcpConnection[ fd#45-id#69 ] - HttpServer.cpp:89
20260520 15:38:39.511285Z 2260137 INFO  HttpServer::onMessage - Request URL : /api/stats from TcpConnection[ fd#44-id#68 ] - HttpServer.cpp:89
20260520 15:38:39.532582Z 2260135 INFO  HttpServer::onMessage - Request URL : /api/game/status from TcpConnection[ fd#45-id#69 ] - HttpServer.cpp:89
20260520 15:38:39.802129Z 2260137 INFO  HttpServer::onMessage - Request URL : /api/redis/status from TcpConnection[ fd#44-id#68 ] - HttpServer.cpp:89
20260520 15:38:39.802618Z 2260135 INFO  HttpServer::onMessage - Request URL : /api/prometheus/query_range from TcpConnection[ fd#45-id#69 ] - HttpServer.cpp:89
20260520 15:38:39.817586Z 2260137 INFO  HttpServer::onMessage - Request URL : /api/db/ping from TcpConnection[ fd#44-id#68 ] - HttpServer.cpp:89
20260520 15:38:39.826432Z 2260135 INFO  HttpServer::onMessage - Request URL : /api/prometheus/query_range from TcpConnection[ fd#45-id#69 ] - HttpServer.cpp:89
20260520 15:38:40.141461Z 2260135 INFO  HttpServer::onMessage - Request URL : /api/prometheus/query_range from TcpConnection[ fd#45-id#69 ] - HttpServer.cpp:89
20260520 15:38:40.163909Z 2260135 INFO  HttpServer::onMessage - Request URL : /api/prometheus/query_range from TcpConnection[ fd#45-id#69 ] - HttpServer.cpp:89
20260520 15:38:40.453663Z 2260135 INFO  HttpServer::onMessage - Request URL : /api/prometheus/query_range from TcpConnection[ fd#45-id#69 ] - HttpServer.cpp:89
20260520 15:38:40.476893Z 2260135 INFO  HttpServer::onMessage - Request URL : /api/prometheus/query_range from TcpConnection[ fd#45-id#69 ] - HttpServer.cpp:89
20260520 15:38:40.761010Z 2260135 INFO  HttpServer::onMessage - Request URL : /metrics from TcpConnection[ fd#41-id#1 ] - HttpServer.cpp:89
20260520 15:38:45.726629Z 2266400 INFO  MetricsDbWriter: inserted metrics row ts=1779262725 - MetricsDbWriter.cpp:131
20260520 15:38:45.763153Z 2260135 INFO  HttpServer::onMessage - Request URL : /metrics from TcpConnection[ fd#41-id#1 ] - HttpServer.cpp:89
20260520 15:38:46.784704Z 2266402 INFO  MetricsDbWriter: inserted metrics row ts=1779262726 - MetricsDbWriter.cpp:96
20260520 15:38:47.149560Z 2260130 INFO  TcpServer::HandleCloseInLoop - Remove connection [id#67-fd#42] - TcpServer.cpp:69
20260520 15:38:47.150104Z 2260130 INFO  TcpServer::HandleCloseInLoop - Remove connection [id#69-fd#45] - TcpServer.cpp:69
20260520 15:38:47.150600Z 2260130 INFO  TcpServer::HandleCloseInLoop - Remove connection [id#68-fd#44] - TcpServer.cpp:69
20260520 15:38:55.725142Z 2266433 INFO  MetricsDbWriter: inserted metrics row ts=1779262735 - MetricsDbWriter.cpp:131
20260520 15:38:50.760116Z 2260135 INFO  HttpServer::onMessage - Request URL : /metrics from TcpConnection[ fd#41-id#1 ] - HttpServer.cpp:89
20260520 15:38:55.762899Z 2260135 INFO  HttpServer::onMessage - Request URL : /metrics from TcpConnection[ fd#41-id#1 ] - HttpServer.cpp:89
20260520 15:38:56.787543Z 2266434 INFO  MetricsDbWriter: inserted metrics row ts=1779262736 - MetricsDbWriter.cpp:96
20260520 15:39:00.762871Z 2260135 INFO  HttpServer::onMessage - Request URL : /metrics from TcpConnection[ fd#41-id#1 ] - HttpServer.cpp:89
20260520 15:39:05.761369Z 2260135 INFO  HttpServer::onMessage - Request URL : /metrics from TcpConnection[ fd#41-id#1 ] - HttpServer.cpp:89
20260520 15:39:06.787094Z 2266568 INFO  MetricsDbWriter: inserted metrics row ts=1779262746 - MetricsDbWriter.cpp:96
20260520 15:39:05.725601Z 2266567 INFO  MetricsDbWriter: inserted metrics row ts=1779262745 - MetricsDbWriter.cpp:131
20260520 15:39:10.763020Z 2260135 INFO  HttpServer::onMessage - Request URL : /metrics from TcpConnection[ fd#41-id#1 ] - HttpServer.cpp:89
20260520 15:39:15.725197Z 2266586 INFO  MetricsDbWriter: inserted metrics row ts=1779262755 - MetricsDbWriter.cpp:131
20260520 15:39:15.763290Z 2260135 INFO  HttpServer::onMessage - Request URL : /metrics from TcpConnection[ fd#41-id#1 ] - HttpServer.cpp:89
20260520 15:39:16.786236Z 2266592 INFO  MetricsDbWriter: inserted metrics row ts=1779262756 - MetricsDbWriter.cpp:96
20260520 15:39:25.725124Z 2266660 INFO  MetricsDbWriter: inserted metrics row ts=1779262765 - MetricsDbWriter.cpp:131
20260520 15:39:20.761923Z 2260135 INFO  HttpServer::onMessage - Request URL : /metrics from TcpConnection[ fd#41-id#1 ] - HttpServer.cpp:89
20260520 15:39:25.763041Z 2260135 INFO  HttpServer::onMessage - Request URL : /metrics from TcpConnection[ fd#41-id#1 ] - HttpServer.cpp:89
20260520 15:39:26.786280Z 2266664 INFO  MetricsDbWriter: inserted metrics row ts=1779262766 - MetricsDbWriter.cpp:96
20260520 15:39:30.765022Z 2260135 INFO  HttpServer::onMessage - Request URL : /metrics from TcpConnection[ fd#41-id#1 ] - HttpServer.cpp:89
20260520 15:39:35.761603Z 2260135 INFO  HttpServer::onMessage - Request URL : /metrics from TcpConnection[ fd#41-id#1 ] - HttpServer.cpp:89
20260520 15:39:36.785888Z 2266683 INFO  MetricsDbWriter: inserted metrics row ts=1779262776 - MetricsDbWriter.cpp:96
20260520 15:39:35.725137Z 2266682 INFO  MetricsDbWriter: inserted metrics row ts=1779262775 - MetricsDbWriter.cpp:131
20260520 15:39:39.279582Z 2260130 INFO  HttpServer::OnNewConnection : Add connection [ fd#42-id#70 ] from 58.247.150.86:15700 - HttpServer.cpp:49
20260520 15:39:39.280048Z 2260137 INFO  HttpServer::onMessage - Request URL : /api/health from TcpConnection[ fd#42-id#70 ] - HttpServer.cpp:89
20260520 15:39:39.284703Z 2260130 INFO  HttpServer::OnNewConnection : Add connection [ fd#44-id#71 ] from 58.247.150.86:15701 - HttpServer.cpp:49
20260520 15:39:39.285275Z 2260130 INFO  HttpServer::OnNewConnection : Add connection [ fd#45-id#72 ] from 58.247.150.86:15702 - HttpServer.cpp:49
20260520 15:39:39.285410Z 2260135 INFO  HttpServer::onMessage - Request URL : /api/prometheus/query_range from TcpConnection[ fd#44-id#71 ] - HttpServer.cpp:89
20260520 15:39:39.286674Z 2260137 INFO  HttpServer::onMessage - Request URL : /api/stats from TcpConnection[ fd#45-id#72 ] - HttpServer.cpp:89
20260520 15:39:39.295549Z 2260137 INFO  HttpServer::onMessage - Request URL : /api/game/status from TcpConnection[ fd#42-id#70 ] - HttpServer.cpp:89
20260520 15:39:39.316555Z 2260137 INFO  HttpServer::onMessage - Request URL : /api/prometheus/query_range from TcpConnection[ fd#42-id#70 ] - HttpServer.cpp:89
20260520 15:39:39.344513Z 2260137 INFO  HttpServer::onMessage - Request URL : /api/redis/status from TcpConnection[ fd#42-id#70 ] - HttpServer.cpp:89
20260520 15:39:39.353036Z 2260137 INFO  HttpServer::onMessage - Request URL : /api/prometheus/query_range from TcpConnection[ fd#45-id#72 ] - HttpServer.cpp:89
20260520 15:39:39.366157Z 2260137 INFO  HttpServer::onMessage - Request URL : /api/db/ping from TcpConnection[ fd#42-id#70 ] - HttpServer.cpp:89
20260520 15:39:39.385151Z 2260137 INFO  HttpServer::onMessage - Request URL : /api/prometheus/query_range from TcpConnection[ fd#42-id#70 ] - HttpServer.cpp:89
20260520 15:39:39.406907Z 2260137 INFO  HttpServer::onMessage - Request URL : /api/prometheus/query_range from TcpConnection[ fd#42-id#70 ] - HttpServer.cpp:89
20260520 15:39:39.427389Z 2260137 INFO  HttpServer::onMessage - Request URL : /api/prometheus/query_range from TcpConnection[ fd#42-id#70 ] - HttpServer.cpp:89
20260520 15:39:39.450894Z 2260137 INFO  HttpServer::onMessage - Request URL : /api/prometheus/query_range from TcpConnection[ fd#42-id#70 ] - HttpServer.cpp:89
20260520 15:39:40.760363Z 2260135 INFO  HttpServer::onMessage - Request URL : /metrics from TcpConnection[ fd#41-id#1 ] - HttpServer.cpp:89
20260520 15:39:45.726281Z 2266703 INFO  MetricsDbWriter: inserted metrics row ts=1779262785 - MetricsDbWriter.cpp:131
20260520 15:39:45.762427Z 2260135 INFO  HttpServer::onMessage - Request URL : /metrics from TcpConnection[ fd#41-id#1 ] - HttpServer.cpp:89
20260520 15:39:46.786386Z 2266705 INFO  MetricsDbWriter: inserted metrics row ts=1779262786 - MetricsDbWriter.cpp:96
20260520 15:39:55.726815Z 2266721 INFO  MetricsDbWriter: inserted metrics row ts=1779262795 - MetricsDbWriter.cpp:131
20260520 15:39:50.763136Z 2260135 INFO  HttpServer::onMessage - Request URL : /metrics from TcpConnection[ fd#41-id#1 ] - HttpServer.cpp:89
20260520 15:39:55.763294Z 2260135 INFO  HttpServer::onMessage - Request URL : /metrics from TcpConnection[ fd#41-id#1 ] - HttpServer.cpp:89
20260520 15:39:56.788281Z 2266725 INFO  MetricsDbWriter: inserted metrics row ts=1779262796 - MetricsDbWriter.cpp:96
20260520 15:40:00.762900Z 2260135 INFO  HttpServer::onMessage - Request URL : /metrics from TcpConnection[ fd#41-id#1 ] - HttpServer.cpp:89
20260520 15:40:05.761659Z 2260135 INFO  HttpServer::onMessage - Request URL : /metrics from TcpConnection[ fd#41-id#1 ] - HttpServer.cpp:89
20260520 15:40:06.786658Z 2266750 INFO  MetricsDbWriter: inserted metrics row ts=1779262806 - MetricsDbWriter.cpp:96
20260520 15:40:05.727504Z 2266746 INFO  MetricsDbWriter: inserted metrics row ts=1779262805 - MetricsDbWriter.cpp:131
20260520 15:40:10.760318Z 2260135 INFO  HttpServer::onMessage - Request URL : /metrics from TcpConnection[ fd#41-id#1 ] - HttpServer.cpp:89
20260520 15:40:15.725441Z 2266767 INFO  MetricsDbWriter: inserted metrics row ts=1779262815 - MetricsDbWriter.cpp:131
20260520 15:40:15.763338Z 2260135 INFO  HttpServer::onMessage - Request URL : /metrics from TcpConnection[ fd#41-id#1 ] - HttpServer.cpp:89
20260520 15:40:16.787883Z 2266770 INFO  MetricsDbWriter: inserted metrics row ts=1779262816 - MetricsDbWriter.cpp:96
20260520 15:40:25.725850Z 2266792 INFO  MetricsDbWriter: inserted metrics row ts=1779262825 - MetricsDbWriter.cpp:131
20260520 15:40:20.762572Z 2260135 INFO  HttpServer::onMessage - Request URL : /metrics from TcpConnection[ fd#41-id#1 ] - HttpServer.cpp:89
20260520 15:40:25.763700Z 2260135 INFO  HttpServer::onMessage - Request URL : /metrics from TcpConnection[ fd#41-id#1 ] - HttpServer.cpp:89
20260520 15:40:26.786776Z 2266793 INFO  MetricsDbWriter: inserted metrics row ts=1779262826 - MetricsDbWriter.cpp:96
20260520 15:40:30.763068Z 2260135 INFO  HttpServer::onMessage - Request URL : /metrics from TcpConnection[ fd#41-id#1 ] - HttpServer.cpp:89
20260520 15:40:35.761986Z 2260135 INFO  HttpServer::onMessage - Request URL : /metrics from TcpConnection[ fd#41-id#1 ] - HttpServer.cpp:89
20260520 15:40:36.788634Z 2266814 INFO  MetricsDbWriter: inserted metrics row ts=1779262836 - MetricsDbWriter.cpp:96
20260520 15:40:35.727166Z 2266810 INFO  MetricsDbWriter: inserted metrics row ts=1779262835 - MetricsDbWriter.cpp:131
20260520 15:40:39.356506Z 2260137 INFO  HttpServer::onMessage - Request URL : /api/health from TcpConnection[ fd#42-id#70 ] - HttpServer.cpp:89
20260520 15:40:39.357828Z 2260137 INFO  HttpServer::onMessage - Request URL : /api/prometheus/query_range from TcpConnection[ fd#45-id#72 ] - HttpServer.cpp:89
20260520 15:40:39.357850Z 2260135 INFO  HttpServer::onMessage - Request URL : /api/stats from TcpConnection[ fd#44-id#71 ] - HttpServer.cpp:89
20260520 15:40:39.373222Z 2260137 INFO  HttpServer::onMessage - Request URL : /api/game/status from TcpConnection[ fd#42-id#70 ] - HttpServer.cpp:89
20260520 15:40:39.638402Z 2260137 INFO  HttpServer::onMessage - Request URL : /api/redis/status from TcpConnection[ fd#45-id#72 ] - HttpServer.cpp:89
20260520 15:40:39.641837Z 2260137 INFO  HttpServer::onMessage - Request URL : /api/prometheus/query_range from TcpConnection[ fd#42-id#70 ] - HttpServer.cpp:89
20260520 15:40:39.657589Z 2260137 INFO  HttpServer::onMessage - Request URL : /api/db/ping from TcpConnection[ fd#42-id#70 ] - HttpServer.cpp:89
20260520 15:40:39.666724Z 2260137 INFO  HttpServer::onMessage - Request URL : /api/prometheus/query_range from TcpConnection[ fd#45-id#72 ] - HttpServer.cpp:89
20260520 15:40:39.696242Z 2260137 INFO  HttpServer::onMessage - Request URL : /api/prometheus/query_range from TcpConnection[ fd#45-id#72 ] - HttpServer.cpp:89
20260520 15:40:39.975247Z 2260137 INFO  HttpServer::onMessage - Request URL : /api/prometheus/query_range from TcpConnection[ fd#45-id#72 ] - HttpServer.cpp:89
20260520 15:40:40.000148Z 2260137 INFO  HttpServer::onMessage - Request URL : /api/prometheus/query_range from TcpConnection[ fd#45-id#72 ] - HttpServer.cpp:89
20260520 15:40:40.289893Z 2260137 INFO  HttpServer::onMessage - Request URL : /api/prometheus/query_range from TcpConnection[ fd#45-id#72 ] - HttpServer.cpp:89
20260520 15:40:40.760978Z 2260135 INFO  HttpServer::onMessage - Request URL : /metrics from TcpConnection[ fd#41-id#1 ] - HttpServer.cpp:89
20260520 15:40:45.727547Z 2266830 INFO  MetricsDbWriter: inserted metrics row ts=1779262845 - MetricsDbWriter.cpp:131
20260520 15:40:45.763323Z 2260135 INFO  HttpServer::onMessage - Request URL : /metrics from TcpConnection[ fd#41-id#1 ] - HttpServer.cpp:89
20260520 15:40:46.785598Z 2266835 INFO  MetricsDbWriter: inserted metrics row ts=1779262846 - MetricsDbWriter.cpp:96
20260520 15:40:47.533115Z 2260130 INFO  TcpServer::HandleCloseInLoop - Remove connection [id#71-fd#44] - TcpServer.cpp:69
20260520 15:40:47.534109Z 2260130 INFO  TcpServer::HandleCloseInLoop - Remove connection [id#70-fd#42] - TcpServer.cpp:69
20260520 15:40:47.534352Z 2260130 INFO  TcpServer::HandleCloseInLoop - Remove connection [id#72-fd#45] - TcpServer.cpp:69
20260520 15:40:55.726436Z 2266851 INFO  MetricsDbWriter: inserted metrics row ts=1779262855 - MetricsDbWriter.cpp:131
20260520 15:40:50.764008Z 2260135 INFO  HttpServer::onMessage - Request URL : /metrics from TcpConnection[ fd#41-id#1 ] - HttpServer.cpp:89
20260520 15:40:55.763280Z 2260135 INFO  HttpServer::onMessage - Request URL : /metrics from TcpConnection[ fd#41-id#1 ] - HttpServer.cpp:89
20260520 15:40:56.786503Z 2266852 INFO  MetricsDbWriter: inserted metrics row ts=1779262856 - MetricsDbWriter.cpp:96
20260520 15:41:00.763337Z 2260135 INFO  HttpServer::onMessage - Request URL : /metrics from TcpConnection[ fd#41-id#1 ] - HttpServer.cpp:89
20260520 15:41:05.761275Z 2260135 INFO  HttpServer::onMessage - Request URL : /metrics from TcpConnection[ fd#41-id#1 ] - HttpServer.cpp:89
20260520 15:41:06.787874Z 2266873 INFO  MetricsDbWriter: inserted metrics row ts=1779262866 - MetricsDbWriter.cpp:96
20260520 15:41:05.728566Z 2266872 INFO  MetricsDbWriter: inserted metrics row ts=1779262865 - MetricsDbWriter.cpp:131
20260520 15:41:10.763876Z 2260135 INFO  HttpServer::onMessage - Request URL : /metrics from TcpConnection[ fd#41-id#1 ] - HttpServer.cpp:89
20260520 15:41:15.725569Z 2266889 INFO  MetricsDbWriter: inserted metrics row ts=1779262875 - MetricsDbWriter.cpp:131
20260520 15:41:15.762880Z 2260135 INFO  HttpServer::onMessage - Request URL : /metrics from TcpConnection[ fd#41-id#1 ] - HttpServer.cpp:89
20260520 15:41:16.787947Z 2266895 INFO  MetricsDbWriter: inserted metrics row ts=1779262876 - MetricsDbWriter.cpp:96
20260520 15:41:25.726217Z 2266911 INFO  MetricsDbWriter: inserted metrics row ts=1779262885 - MetricsDbWriter.cpp:131
20260520 15:41:20.760333Z 2260135 INFO  HttpServer::onMessage - Request URL : /metrics from TcpConnection[ fd#41-id#1 ] - HttpServer.cpp:89
20260520 15:41:25.763395Z 2260135 INFO  HttpServer::onMessage - Request URL : /metrics from TcpConnection[ fd#41-id#1 ] - HttpServer.cpp:89
20260520 15:41:26.786438Z 2266915 INFO  MetricsDbWriter: inserted metrics row ts=1779262886 - MetricsDbWriter.cpp:96
20260520 15:41:30.762210Z 2260135 INFO  HttpServer::onMessage - Request URL : /metrics from TcpConnection[ fd#41-id#1 ] - HttpServer.cpp:89
20260520 15:41:35.760995Z 2260135 INFO  HttpServer::onMessage - Request URL : /metrics from TcpConnection[ fd#41-id#1 ] - HttpServer.cpp:89
20260520 15:41:36.788149Z 2266933 INFO  MetricsDbWriter: inserted metrics row ts=1779262896 - MetricsDbWriter.cpp:96
20260520 15:41:35.726399Z 2266932 INFO  MetricsDbWriter: inserted metrics row ts=1779262895 - MetricsDbWriter.cpp:131
20260520 15:41:39.509214Z 2260130 INFO  HttpServer::OnNewConnection : Add connection [ fd#42-id#73 ] from 58.247.150.86:15901 - HttpServer.cpp:49
20260520 15:41:39.509664Z 2260130 INFO  HttpServer::OnNewConnection : Add connection [ fd#44-id#74 ] from 58.247.150.86:15896 - HttpServer.cpp:49
20260520 15:41:39.510199Z 2260137 INFO  HttpServer::onMessage - Request URL : /api/health from TcpConnection[ fd#44-id#74 ] - HttpServer.cpp:89
20260520 15:41:39.510270Z 2260130 INFO  HttpServer::OnNewConnection : Add connection [ fd#45-id#75 ] from 58.247.150.86:15898 - HttpServer.cpp:49
20260520 15:41:39.510557Z 2260135 INFO  HttpServer::onMessage - Request URL : /api/prometheus/query_range from TcpConnection[ fd#42-id#73 ] - HttpServer.cpp:89
20260520 15:41:39.511674Z 2260135 INFO  HttpServer::onMessage - Request URL : /api/stats from TcpConnection[ fd#45-id#75 ] - HttpServer.cpp:89
20260520 15:41:39.523407Z 2260130 INFO  HttpServer::OnNewConnection : Add connection [ fd#46-id#76 ] from 58.247.150.86:15904 - HttpServer.cpp:49
20260520 15:41:39.532291Z 2260135 INFO  HttpServer::onMessage - Request URL : /api/prometheus/query_range from TcpConnection[ fd#45-id#75 ] - HttpServer.cpp:89
20260520 15:41:39.533152Z 2260137 INFO  HttpServer::onMessage - Request URL : /api/game/status from TcpConnection[ fd#44-id#74 ] - HttpServer.cpp:89
20260520 15:41:39.806739Z 2260135 INFO  HttpServer::onMessage - Request URL : /api/redis/status from TcpConnection[ fd#45-id#75 ] - HttpServer.cpp:89
20260520 15:41:39.807049Z 2260137 INFO  HttpServer::onMessage - Request URL : /api/prometheus/query_range from TcpConnection[ fd#44-id#74 ] - HttpServer.cpp:89
20260520 15:41:39.825068Z 2260135 INFO  HttpServer::onMessage - Request URL : /api/db/ping from TcpConnection[ fd#45-id#75 ] - HttpServer.cpp:89
20260520 15:41:39.842675Z 2260135 INFO  HttpServer::onMessage - Request URL : /api/prometheus/query_range from TcpConnection[ fd#45-id#75 ] - HttpServer.cpp:89
20260520 15:41:40.101396Z 2260135 INFO  HttpServer::onMessage - Request URL : /api/prometheus/query_range from TcpConnection[ fd#45-id#75 ] - HttpServer.cpp:89
20260520 15:41:40.126113Z 2260135 INFO  HttpServer::onMessage - Request URL : /api/prometheus/query_range from TcpConnection[ fd#45-id#75 ] - HttpServer.cpp:89
20260520 15:41:40.149828Z 2260135 INFO  HttpServer::onMessage - Request URL : /api/prometheus/query_range from TcpConnection[ fd#45-id#75 ] - HttpServer.cpp:89
20260520 15:41:40.760185Z 2260135 INFO  HttpServer::onMessage - Request URL : /metrics from TcpConnection[ fd#41-id#1 ] - HttpServer.cpp:89
20260520 15:41:45.727175Z 2266951 INFO  MetricsDbWriter: inserted metrics row ts=1779262905 - MetricsDbWriter.cpp:131
20260520 15:41:45.762238Z 2260135 INFO  HttpServer::onMessage - Request URL : /metrics from TcpConnection[ fd#41-id#1 ] - HttpServer.cpp:89
20260520 15:41:46.787892Z 2266956 INFO  MetricsDbWriter: inserted metrics row ts=1779262906 - MetricsDbWriter.cpp:96
20260520 15:41:55.726238Z 2266984 INFO  MetricsDbWriter: inserted metrics row ts=1779262915 - MetricsDbWriter.cpp:131
20260520 15:41:50.761080Z 2260135 INFO  HttpServer::onMessage - Request URL : /metrics from TcpConnection[ fd#41-id#1 ] - HttpServer.cpp:89
20260520 15:41:55.762570Z 2260135 INFO  HttpServer::onMessage - Request URL : /metrics from TcpConnection[ fd#41-id#1 ] - HttpServer.cpp:89
20260520 15:41:56.787066Z 2266988 INFO  MetricsDbWriter: inserted metrics row ts=1779262916 - MetricsDbWriter.cpp:96
20260520 15:42:00.761805Z 2260135 INFO  HttpServer::onMessage - Request URL : /metrics from TcpConnection[ fd#41-id#1 ] - HttpServer.cpp:89
20260520 15:42:05.760684Z 2260135 INFO  HttpServer::onMessage - Request URL : /metrics from TcpConnection[ fd#41-id#1 ] - HttpServer.cpp:89
20260520 15:42:06.788044Z 2267017 INFO  MetricsDbWriter: inserted metrics row ts=1779262926 - MetricsDbWriter.cpp:96
20260520 15:42:05.727386Z 2267016 INFO  MetricsDbWriter: inserted metrics row ts=1779262925 - MetricsDbWriter.cpp:131
20260520 15:42:10.763595Z 2260135 INFO  HttpServer::onMessage - Request URL : /metrics from TcpConnection[ fd#41-id#1 ] - HttpServer.cpp:89
20260520 15:42:15.727324Z 2267036 INFO  MetricsDbWriter: inserted metrics row ts=1779262935 - MetricsDbWriter.cpp:131
20260520 15:42:15.763287Z 2260135 INFO  HttpServer::onMessage - Request URL : /metrics from TcpConnection[ fd#41-id#1 ] - HttpServer.cpp:89
20260520 15:42:16.787489Z 2267039 INFO  MetricsDbWriter: inserted metrics row ts=1779262936 - MetricsDbWriter.cpp:96
20260520 15:42:25.727624Z 2267077 INFO  MetricsDbWriter: inserted metrics row ts=1779262945 - MetricsDbWriter.cpp:131
20260520 15:42:20.762449Z 2260135 INFO  HttpServer::onMessage - Request URL : /metrics from TcpConnection[ fd#41-id#1 ] - HttpServer.cpp:89
20260520 15:42:25.762673Z 2260135 INFO  HttpServer::onMessage - Request URL : /metrics from TcpConnection[ fd#41-id#1 ] - HttpServer.cpp:89
20260520 15:42:26.787425Z 2267084 INFO  MetricsDbWriter: inserted metrics row ts=1779262946 - MetricsDbWriter.cpp:96
20260520 15:42:30.763703Z 2260135 INFO  HttpServer::onMessage - Request URL : /metrics from TcpConnection[ fd#41-id#1 ] - HttpServer.cpp:89
20260520 15:42:35.761671Z 2260135 INFO  HttpServer::onMessage - Request URL : /metrics from TcpConnection[ fd#41-id#1 ] - HttpServer.cpp:89
20260520 15:42:36.788052Z 2267154 INFO  MetricsDbWriter: inserted metrics row ts=1779262956 - MetricsDbWriter.cpp:96
20260520 15:42:35.727195Z 2267147 INFO  MetricsDbWriter: inserted metrics row ts=1779262955 - MetricsDbWriter.cpp:131
20260520 15:42:39.323840Z 2260135 INFO  HttpServer::onMessage - Request URL : /api/stats from TcpConnection[ fd#42-id#73 ] - HttpServer.cpp:89
20260520 15:42:39.324344Z 2260137 INFO  HttpServer::onMessage - Request URL : /api/prometheus/query_range from TcpConnection[ fd#44-id#74 ] - HttpServer.cpp:89
20260520 15:42:39.324989Z 2260135 INFO  HttpServer::onMessage - Request URL : /api/health from TcpConnection[ fd#45-id#75 ] - HttpServer.cpp:89
20260520 15:42:39.364638Z 2260137 INFO  HttpServer::onMessage - Request URL : /api/game/status from TcpConnection[ fd#44-id#74 ] - HttpServer.cpp:89
20260520 15:42:39.371760Z 2260135 INFO  HttpServer::onMessage - Request URL : /api/prometheus/query_range from TcpConnection[ fd#45-id#75 ] - HttpServer.cpp:89
20260520 15:42:39.400049Z 2260135 INFO  HttpServer::onMessage - Request URL : /api/redis/status from TcpConnection[ fd#45-id#75 ] - HttpServer.cpp:89
20260520 15:42:39.406384Z 2260137 INFO  HttpServer::onMessage - Request URL : /api/prometheus/query_range from TcpConnection[ fd#44-id#74 ] - HttpServer.cpp:89
20260520 15:42:39.417028Z 2260135 INFO  HttpServer::onMessage - Request URL : /api/db/ping from TcpConnection[ fd#45-id#75 ] - HttpServer.cpp:89
20260520 15:42:39.430937Z 2260137 INFO  HttpServer::onMessage - Request URL : /api/prometheus/query_range from TcpConnection[ fd#44-id#74 ] - HttpServer.cpp:89
20260520 15:42:39.509906Z 2260137 INFO  HttpServer::onMessage - Request URL : /api/prometheus/query_range from TcpConnection[ fd#44-id#74 ] - HttpServer.cpp:89
20260520 15:42:39.535125Z 2260130 INFO  TcpServer::HandleCloseInLoop - Remove connection [id#76-fd#46] - TcpServer.cpp:69
20260520 15:42:39.535139Z 2260137 INFO  HttpServer::onMessage - Request URL : /api/prometheus/query_range from TcpConnection[ fd#44-id#74 ] - HttpServer.cpp:89
20260520 15:42:39.559107Z 2260137 INFO  HttpServer::onMessage - Request URL : /api/prometheus/query_range from TcpConnection[ fd#44-id#74 ] - HttpServer.cpp:89
20260520 15:42:40.760300Z 2260135 INFO  HttpServer::onMessage - Request URL : /metrics from TcpConnection[ fd#41-id#1 ] - HttpServer.cpp:89
20260520 15:42:45.728184Z 2267172 INFO  MetricsDbWriter: inserted metrics row ts=1779262965 - MetricsDbWriter.cpp:131
20260520 15:42:45.763226Z 2260135 INFO  HttpServer::onMessage - Request URL : /metrics from TcpConnection[ fd#41-id#1 ] - HttpServer.cpp:89
20260520 15:42:46.787708Z 2267177 INFO  MetricsDbWriter: inserted metrics row ts=1779262966 - MetricsDbWriter.cpp:96
20260520 15:42:47.883263Z 2260130 INFO  TcpServer::HandleCloseInLoop - Remove connection [id#73-fd#42] - TcpServer.cpp:69
20260520 15:42:47.883654Z 2260130 INFO  TcpServer::HandleCloseInLoop - Remove connection [id#75-fd#45] - TcpServer.cpp:69
20260520 15:42:47.884279Z 2260130 INFO  TcpServer::HandleCloseInLoop - Remove connection [id#74-fd#44] - TcpServer.cpp:69
20260520 15:42:55.727178Z 2267229 INFO  MetricsDbWriter: inserted metrics row ts=1779262975 - MetricsDbWriter.cpp:131
20260520 15:42:50.763319Z 2260135 INFO  HttpServer::onMessage - Request URL : /metrics from TcpConnection[ fd#41-id#1 ] - HttpServer.cpp:89
20260520 15:42:55.761937Z 2260135 INFO  HttpServer::onMessage - Request URL : /metrics from TcpConnection[ fd#41-id#1 ] - HttpServer.cpp:89
20260520 15:42:56.787541Z 2267230 INFO  MetricsDbWriter: inserted metrics row ts=1779262976 - MetricsDbWriter.cpp:96
20260520 15:43:00.763690Z 2260135 INFO  HttpServer::onMessage - Request URL : /metrics from TcpConnection[ fd#41-id#1 ] - HttpServer.cpp:89
20260520 15:43:05.761736Z 2260135 INFO  HttpServer::onMessage - Request URL : /metrics from TcpConnection[ fd#41-id#1 ] - HttpServer.cpp:89
20260520 15:43:06.787433Z 2267251 INFO  MetricsDbWriter: inserted metrics row ts=1779262986 - MetricsDbWriter.cpp:96
20260520 15:43:05.727715Z 2267247 INFO  MetricsDbWriter: inserted metrics row ts=1779262985 - MetricsDbWriter.cpp:131
20260520 15:43:10.762039Z 2260135 INFO  HttpServer::onMessage - Request URL : /metrics from TcpConnection[ fd#41-id#1 ] - HttpServer.cpp:89
20260520 15:43:15.728067Z 2267267 INFO  MetricsDbWriter: inserted metrics row ts=1779262995 - MetricsDbWriter.cpp:131
20260520 15:43:15.762843Z 2260135 INFO  HttpServer::onMessage - Request URL : /metrics from TcpConnection[ fd#41-id#1 ] - HttpServer.cpp:89
20260520 15:43:16.787861Z 2267273 INFO  MetricsDbWriter: inserted metrics row ts=1779262996 - MetricsDbWriter.cpp:96
20260520 15:43:25.727676Z 2267290 INFO  MetricsDbWriter: inserted metrics row ts=1779263005 - MetricsDbWriter.cpp:131
20260520 15:43:20.763472Z 2260135 INFO  HttpServer::onMessage - Request URL : /metrics from TcpConnection[ fd#41-id#1 ] - HttpServer.cpp:89
20260520 15:43:25.763536Z 2260135 INFO  HttpServer::onMessage - Request URL : /metrics from TcpConnection[ fd#41-id#1 ] - HttpServer.cpp:89
20260520 15:43:26.788996Z 2267291 INFO  MetricsDbWriter: inserted metrics row ts=1779263006 - MetricsDbWriter.cpp:96
20260520 15:43:30.761834Z 2260135 INFO  HttpServer::onMessage - Request URL : /metrics from TcpConnection[ fd#41-id#1 ] - HttpServer.cpp:89
20260520 15:43:35.762156Z 2260135 INFO  HttpServer::onMessage - Request URL : /metrics from TcpConnection[ fd#41-id#1 ] - HttpServer.cpp:89
20260520 15:43:36.789775Z 2267312 INFO  MetricsDbWriter: inserted metrics row ts=1779263016 - MetricsDbWriter.cpp:96
20260520 15:43:35.727163Z 2267311 INFO  MetricsDbWriter: inserted metrics row ts=1779263015 - MetricsDbWriter.cpp:131
20260520 15:43:39.414656Z 2260130 INFO  HttpServer::OnNewConnection : Add connection [ fd#42-id#77 ] from 58.247.150.86:16060 - HttpServer.cpp:49
20260520 15:43:39.414822Z 2260130 INFO  HttpServer::OnNewConnection : Add connection [ fd#44-id#78 ] from 58.247.150.86:16064 - HttpServer.cpp:49
20260520 15:43:39.414901Z 2260135 INFO  HttpServer::onMessage - Request URL : /api/health from TcpConnection[ fd#42-id#77 ] - HttpServer.cpp:89
20260520 15:43:39.415809Z 2260137 INFO  HttpServer::onMessage - Request URL : /api/prometheus/query_range from TcpConnection[ fd#44-id#78 ] - HttpServer.cpp:89
20260520 15:43:39.419424Z 2260130 INFO  HttpServer::OnNewConnection : Add connection [ fd#45-id#79 ] from 58.247.150.86:16062 - HttpServer.cpp:49
20260520 15:43:39.419473Z 2260135 INFO  HttpServer::onMessage - Request URL : /api/stats from TcpConnection[ fd#45-id#79 ] - HttpServer.cpp:89
20260520 15:43:39.435047Z 2260137 INFO  HttpServer::onMessage - Request URL : /api/game/status from TcpConnection[ fd#44-id#78 ] - HttpServer.cpp:89
20260520 15:43:39.439625Z 2260135 INFO  HttpServer::onMessage - Request URL : /api/prometheus/query_range from TcpConnection[ fd#42-id#77 ] - HttpServer.cpp:89
20260520 15:43:39.710636Z 2260135 INFO  HttpServer::onMessage - Request URL : /api/redis/status from TcpConnection[ fd#42-id#77 ] - HttpServer.cpp:89
20260520 15:43:39.714070Z 2260137 INFO  HttpServer::onMessage - Request URL : /api/prometheus/query_range from TcpConnection[ fd#44-id#78 ] - HttpServer.cpp:89
20260520 15:43:39.731486Z 2260135 INFO  HttpServer::onMessage - Request URL : /api/db/ping from TcpConnection[ fd#42-id#77 ] - HttpServer.cpp:89
20260520 15:43:39.747502Z 2260137 INFO  HttpServer::onMessage - Request URL : /api/prometheus/query_range from TcpConnection[ fd#44-id#78 ] - HttpServer.cpp:89
20260520 15:43:39.769051Z 2260137 INFO  HttpServer::onMessage - Request URL : /api/prometheus/query_range from TcpConnection[ fd#44-id#78 ] - HttpServer.cpp:89
20260520 15:43:39.790030Z 2260137 INFO  HttpServer::onMessage - Request URL : /api/prometheus/query_range from TcpConnection[ fd#44-id#78 ] - HttpServer.cpp:89
20260520 15:43:39.810502Z 2260137 INFO  HttpServer::onMessage - Request URL : /api/prometheus/query_range from TcpConnection[ fd#44-id#78 ] - HttpServer.cpp:89
20260520 15:43:40.760180Z 2260135 INFO  HttpServer::onMessage - Request URL : /metrics from TcpConnection[ fd#41-id#1 ] - HttpServer.cpp:89
20260520 15:43:45.728246Z 2267328 INFO  MetricsDbWriter: inserted metrics row ts=1779263025 - MetricsDbWriter.cpp:131
20260520 15:43:45.760787Z 2260135 INFO  HttpServer::onMessage - Request URL : /metrics from TcpConnection[ fd#41-id#1 ] - HttpServer.cpp:89
20260520 15:43:46.787724Z 2267333 INFO  MetricsDbWriter: inserted metrics row ts=1779263026 - MetricsDbWriter.cpp:96
20260520 15:43:55.727612Z 2267349 INFO  MetricsDbWriter: inserted metrics row ts=1779263035 - MetricsDbWriter.cpp:131
20260520 15:43:50.761409Z 2260135 INFO  HttpServer::onMessage - Request URL : /metrics from TcpConnection[ fd#41-id#1 ] - HttpServer.cpp:89
20260520 15:43:55.762957Z 2260135 INFO  HttpServer::onMessage - Request URL : /metrics from TcpConnection[ fd#41-id#1 ] - HttpServer.cpp:89
20260520 15:43:56.791365Z 2267353 INFO  MetricsDbWriter: inserted metrics row ts=1779263036 - MetricsDbWriter.cpp:96
20260520 15:44:00.763734Z 2260135 INFO  HttpServer::onMessage - Request URL : /metrics from TcpConnection[ fd#41-id#1 ] - HttpServer.cpp:89
20260520 15:44:05.761708Z 2260135 INFO  HttpServer::onMessage - Request URL : /metrics from TcpConnection[ fd#41-id#1 ] - HttpServer.cpp:89
20260520 15:44:06.789100Z 2267371 INFO  MetricsDbWriter: inserted metrics row ts=1779263046 - MetricsDbWriter.cpp:96
20260520 15:44:05.728155Z 2267370 INFO  MetricsDbWriter: inserted metrics row ts=1779263045 - MetricsDbWriter.cpp:131
20260520 15:44:10.763780Z 2260135 INFO  HttpServer::onMessage - Request URL : /metrics from TcpConnection[ fd#41-id#1 ] - HttpServer.cpp:89
20260520 15:44:15.728542Z 2267391 INFO  MetricsDbWriter: inserted metrics row ts=1779263055 - MetricsDbWriter.cpp:131
20260520 15:44:15.762843Z 2260135 INFO  HttpServer::onMessage - Request URL : /metrics from TcpConnection[ fd#41-id#1 ] - HttpServer.cpp:89
20260520 15:44:16.788382Z 2267394 INFO  MetricsDbWriter: inserted metrics row ts=1779263056 - MetricsDbWriter.cpp:96
20260520 15:44:25.727676Z 2267410 INFO  MetricsDbWriter: inserted metrics row ts=1779263065 - MetricsDbWriter.cpp:131
20260520 15:44:20.763040Z 2260135 INFO  HttpServer::onMessage - Request URL : /metrics from TcpConnection[ fd#41-id#1 ] - HttpServer.cpp:89
20260520 15:44:21.033982Z 2260130 INFO  TcpServer::HandleCloseInLoop - Remove connection [id#77-fd#42] - TcpServer.cpp:69
20260520 15:44:21.034111Z 2260130 INFO  TcpServer::HandleCloseInLoop - Remove connection [id#78-fd#44] - TcpServer.cpp:69
20260520 15:44:21.035399Z 2260130 INFO  TcpServer::HandleCloseInLoop - Remove connection [id#79-fd#45] - TcpServer.cpp:69
20260520 15:44:25.763334Z 2260135 INFO  HttpServer::onMessage - Request URL : /metrics from TcpConnection[ fd#41-id#1 ] - HttpServer.cpp:89
20260520 15:44:26.791090Z 2267416 INFO  MetricsDbWriter: inserted metrics row ts=1779263066 - MetricsDbWriter.cpp:96
20260520 15:44:30.763241Z 2260135 INFO  HttpServer::onMessage - Request URL : /metrics from TcpConnection[ fd#41-id#1 ] - HttpServer.cpp:89
20260520 15:44:35.761762Z 2260135 INFO  HttpServer::onMessage - Request URL : /metrics from TcpConnection[ fd#41-id#1 ] - HttpServer.cpp:89
20260520 15:44:36.789357Z 2267437 INFO  MetricsDbWriter: inserted metrics row ts=1779263076 - MetricsDbWriter.cpp:96
20260520 15:44:35.727368Z 2267433 INFO  MetricsDbWriter: inserted metrics row ts=1779263075 - MetricsDbWriter.cpp:131
20260520 15:44:39.391936Z 2260130 INFO  HttpServer::OnNewConnection : Add connection [ fd#42-id#80 ] from 58.247.150.86:16373 - HttpServer.cpp:49
20260520 15:44:39.392102Z 2260137 INFO  HttpServer::onMessage - Request URL : /api/health from TcpConnection[ fd#42-id#80 ] - HttpServer.cpp:89
20260520 15:44:39.393535Z 2260130 INFO  HttpServer::OnNewConnection : Add connection [ fd#44-id#81 ] from 58.247.150.86:16374 - HttpServer.cpp:49
20260520 15:44:39.393812Z 2260135 INFO  HttpServer::onMessage - Request URL : /api/prometheus/query_range from TcpConnection[ fd#44-id#81 ] - HttpServer.cpp:89
20260520 15:44:39.394739Z 2260130 INFO  HttpServer::OnNewConnection : Add connection [ fd#46-id#82 ] from 58.247.150.86:16375 - HttpServer.cpp:49
20260520 15:44:39.394944Z 2260137 INFO  HttpServer::onMessage - Request URL : /api/stats from TcpConnection[ fd#46-id#82 ] - HttpServer.cpp:89
20260520 15:44:39.406153Z 2260137 INFO  HttpServer::onMessage - Request URL : /api/game/status from TcpConnection[ fd#42-id#80 ] - HttpServer.cpp:89
20260520 15:44:39.417959Z 2260137 INFO  HttpServer::onMessage - Request URL : /api/prometheus/query_range from TcpConnection[ fd#46-id#82 ] - HttpServer.cpp:89
20260520 15:44:39.704788Z 2260137 INFO  HttpServer::onMessage - Request URL : /api/redis/status from TcpConnection[ fd#42-id#80 ] - HttpServer.cpp:89
20260520 15:44:39.706088Z 2260137 INFO  HttpServer::onMessage - Request URL : /api/prometheus/query_range from TcpConnection[ fd#46-id#82 ] - HttpServer.cpp:89
20260520 15:44:39.719488Z 2260137 INFO  HttpServer::onMessage - Request URL : /api/db/ping from TcpConnection[ fd#42-id#80 ] - HttpServer.cpp:89
20260520 15:44:39.732317Z 2260137 INFO  HttpServer::onMessage - Request URL : /api/prometheus/query_range from TcpConnection[ fd#46-id#82 ] - HttpServer.cpp:89
20260520 15:44:39.756332Z 2260137 INFO  HttpServer::onMessage - Request URL : /api/prometheus/query_range from TcpConnection[ fd#46-id#82 ] - HttpServer.cpp:89
20260520 15:44:40.012273Z 2260137 INFO  HttpServer::onMessage - Request URL : /api/prometheus/query_range from TcpConnection[ fd#46-id#82 ] - HttpServer.cpp:89
20260520 15:44:40.039459Z 2260137 INFO  HttpServer::onMessage - Request URL : /api/prometheus/query_range from TcpConnection[ fd#46-id#82 ] - HttpServer.cpp:89
20260520 15:44:40.760820Z 2260135 INFO  HttpServer::onMessage - Request URL : /metrics from TcpConnection[ fd#41-id#1 ] - HttpServer.cpp:89
20260520 15:44:45.731723Z 2267453 INFO  MetricsDbWriter: inserted metrics row ts=1779263085 - MetricsDbWriter.cpp:131
20260520 15:44:45.763079Z 2260135 INFO  HttpServer::onMessage - Request URL : /metrics from TcpConnection[ fd#41-id#1 ] - HttpServer.cpp:89
20260520 15:44:46.790864Z 2267455 INFO  MetricsDbWriter: inserted metrics row ts=1779263086 - MetricsDbWriter.cpp:96
20260520 15:44:48.290732Z 2260130 INFO  TcpServer::HandleCloseInLoop - Remove connection [id#80-fd#42] - TcpServer.cpp:69
20260520 15:44:48.291825Z 2260130 INFO  TcpServer::HandleCloseInLoop - Remove connection [id#81-fd#44] - TcpServer.cpp:69
20260520 15:44:48.294007Z 2260130 INFO  TcpServer::HandleCloseInLoop - Remove connection [id#82-fd#46] - TcpServer.cpp:69
20260520 15:44:55.729445Z 2267544 INFO  MetricsDbWriter: inserted metrics row ts=1779263095 - MetricsDbWriter.cpp:131
20260520 15:44:50.761202Z 2260135 INFO  HttpServer::onMessage - Request URL : /metrics from TcpConnection[ fd#41-id#1 ] - HttpServer.cpp:89
20260520 15:44:55.764550Z 2260135 INFO  HttpServer::onMessage - Request URL : /metrics from TcpConnection[ fd#41-id#1 ] - HttpServer.cpp:89
20260520 15:44:56.789872Z 2267545 INFO  MetricsDbWriter: inserted metrics row ts=1779263096 - MetricsDbWriter.cpp:96
20260520 15:45:00.762537Z 2260135 INFO  HttpServer::onMessage - Request URL : /metrics from TcpConnection[ fd#41-id#1 ] - HttpServer.cpp:89
20260520 15:45:05.762156Z 2260135 INFO  HttpServer::onMessage - Request URL : /metrics from TcpConnection[ fd#41-id#1 ] - HttpServer.cpp:89
20260520 15:45:06.788480Z 2267568 INFO  MetricsDbWriter: inserted metrics row ts=1779263106 - MetricsDbWriter.cpp:96
20260520 15:45:05.728431Z 2267564 INFO  MetricsDbWriter: inserted metrics row ts=1779263105 - MetricsDbWriter.cpp:131
20260520 15:45:10.761401Z 2260135 INFO  HttpServer::onMessage - Request URL : /metrics from TcpConnection[ fd#41-id#1 ] - HttpServer.cpp:89
20260520 15:45:15.729202Z 2267585 INFO  MetricsDbWriter: inserted metrics row ts=1779263115 - MetricsDbWriter.cpp:131
20260520 15:45:15.763137Z 2260135 INFO  HttpServer::onMessage - Request URL : /metrics from TcpConnection[ fd#41-id#1 ] - HttpServer.cpp:89
20260520 15:45:16.788373Z 2267592 INFO  MetricsDbWriter: inserted metrics row ts=1779263116 - MetricsDbWriter.cpp:96
20260520 15:45:25.729138Z 2267608 INFO  MetricsDbWriter: inserted metrics row ts=1779263125 - MetricsDbWriter.cpp:131
20260520 15:45:20.763299Z 2260135 INFO  HttpServer::onMessage - Request URL : /metrics from TcpConnection[ fd#41-id#1 ] - HttpServer.cpp:89
20260520 15:45:25.760647Z 2260135 INFO  HttpServer::onMessage - Request URL : /metrics from TcpConnection[ fd#41-id#1 ] - HttpServer.cpp:89
20260520 15:45:26.788922Z 2267609 INFO  MetricsDbWriter: inserted metrics row ts=1779263126 - MetricsDbWriter.cpp:96
20260520 15:45:30.762663Z 2260135 INFO  HttpServer::onMessage - Request URL : /metrics from TcpConnection[ fd#41-id#1 ] - HttpServer.cpp:89
20260520 15:45:35.768063Z 2260135 INFO  HttpServer::onMessage - Request URL : /metrics from TcpConnection[ fd#41-id#1 ] - HttpServer.cpp:89
20260520 15:45:36.789865Z 2267631 INFO  MetricsDbWriter: inserted metrics row ts=1779263136 - MetricsDbWriter.cpp:96
20260520 15:45:35.729034Z 2267627 INFO  MetricsDbWriter: inserted metrics row ts=1779263135 - MetricsDbWriter.cpp:131
20260520 15:45:39.460740Z 2260130 INFO  HttpServer::OnNewConnection : Add connection [ fd#42-id#83 ] from 58.247.150.86:16557 - HttpServer.cpp:49
20260520 15:45:39.464774Z 2260130 INFO  HttpServer::OnNewConnection : Add connection [ fd#44-id#84 ] from 58.247.150.86:16558 - HttpServer.cpp:49
20260520 15:45:39.465197Z 2260135 INFO  HttpServer::onMessage - Request URL : /api/health from TcpConnection[ fd#42-id#83 ] - HttpServer.cpp:89
20260520 15:45:39.466129Z 2260137 INFO  HttpServer::onMessage - Request URL : /api/prometheus/query_range from TcpConnection[ fd#44-id#84 ] - HttpServer.cpp:89
20260520 15:45:39.466150Z 2260130 INFO  HttpServer::OnNewConnection : Add connection [ fd#45-id#85 ] from 58.247.150.86:16556 - HttpServer.cpp:49
20260520 15:45:39.467406Z 2260135 INFO  HttpServer::onMessage - Request URL : /api/stats from TcpConnection[ fd#45-id#85 ] - HttpServer.cpp:89
20260520 15:45:39.483362Z 2260135 INFO  HttpServer::onMessage - Request URL : /api/game/status from TcpConnection[ fd#42-id#83 ] - HttpServer.cpp:89
20260520 15:45:39.774435Z 2260137 INFO  HttpServer::onMessage - Request URL : /api/redis/status from TcpConnection[ fd#44-id#84 ] - HttpServer.cpp:89
20260520 15:45:39.774852Z 2260135 INFO  HttpServer::onMessage - Request URL : /api/prometheus/query_range from TcpConnection[ fd#42-id#83 ] - HttpServer.cpp:89
20260520 15:45:39.795666Z 2260137 INFO  HttpServer::onMessage - Request URL : /api/prometheus/query_range from TcpConnection[ fd#44-id#84 ] - HttpServer.cpp:89
20260520 15:45:39.796330Z 2260135 INFO  HttpServer::onMessage - Request URL : /api/db/ping from TcpConnection[ fd#42-id#83 ] - HttpServer.cpp:89
20260520 15:45:39.820670Z 2260137 INFO  HttpServer::onMessage - Request URL : /api/prometheus/query_range from TcpConnection[ fd#44-id#84 ] - HttpServer.cpp:89
20260520 15:45:40.109169Z 2260137 INFO  HttpServer::onMessage - Request URL : /api/prometheus/query_range from TcpConnection[ fd#44-id#84 ] - HttpServer.cpp:89
20260520 15:45:40.137779Z 2260137 INFO  HttpServer::onMessage - Request URL : /api/prometheus/query_range from TcpConnection[ fd#44-id#84 ] - HttpServer.cpp:89
20260520 15:45:40.422830Z 2260137 INFO  HttpServer::onMessage - Request URL : /api/prometheus/query_range from TcpConnection[ fd#44-id#84 ] - HttpServer.cpp:89
20260520 15:45:40.760996Z 2260135 INFO  HttpServer::onMessage - Request URL : /metrics from TcpConnection[ fd#41-id#1 ] - HttpServer.cpp:89
20260520 15:45:45.728753Z 2267647 INFO  MetricsDbWriter: inserted metrics row ts=1779263145 - MetricsDbWriter.cpp:131
20260520 15:45:45.761073Z 2260135 INFO  HttpServer::onMessage - Request URL : /metrics from TcpConnection[ fd#41-id#1 ] - HttpServer.cpp:89
20260520 15:45:46.788856Z 2267652 INFO  MetricsDbWriter: inserted metrics row ts=1779263146 - MetricsDbWriter.cpp:96
20260520 15:45:55.728407Z 2267668 INFO  MetricsDbWriter: inserted metrics row ts=1779263155 - MetricsDbWriter.cpp:131
20260520 15:45:50.763824Z 2260135 INFO  HttpServer::onMessage - Request URL : /metrics from TcpConnection[ fd#41-id#1 ] - HttpServer.cpp:89
20260520 15:45:55.763027Z 2260135 INFO  HttpServer::onMessage - Request URL : /metrics from TcpConnection[ fd#41-id#1 ] - HttpServer.cpp:89
20260520 15:45:56.790319Z 2267669 INFO  MetricsDbWriter: inserted metrics row ts=1779263156 - MetricsDbWriter.cpp:96
20260520 15:46:00.763368Z 2260135 INFO  HttpServer::onMessage - Request URL : /metrics from TcpConnection[ fd#41-id#1 ] - HttpServer.cpp:89
20260520 15:46:05.761098Z 2260135 INFO  HttpServer::onMessage - Request URL : /metrics from TcpConnection[ fd#41-id#1 ] - HttpServer.cpp:89
20260520 15:46:06.789583Z 2267690 INFO  MetricsDbWriter: inserted metrics row ts=1779263166 - MetricsDbWriter.cpp:96
20260520 15:46:05.728725Z 2267689 INFO  MetricsDbWriter: inserted metrics row ts=1779263165 - MetricsDbWriter.cpp:131
20260520 15:46:10.762329Z 2260135 INFO  HttpServer::onMessage - Request URL : /metrics from TcpConnection[ fd#41-id#1 ] - HttpServer.cpp:89
20260520 15:46:15.730204Z 2267706 INFO  MetricsDbWriter: inserted metrics row ts=1779263175 - MetricsDbWriter.cpp:131
20260520 15:46:15.763036Z 2260135 INFO  HttpServer::onMessage - Request URL : /metrics from TcpConnection[ fd#41-id#1 ] - HttpServer.cpp:89
20260520 15:46:16.792054Z 2267712 INFO  MetricsDbWriter: inserted metrics row ts=1779263176 - MetricsDbWriter.cpp:96
20260520 15:46:25.749235Z 2267731 INFO  MetricsDbWriter: inserted metrics row ts=1779263185 - MetricsDbWriter.cpp:131
20260520 15:46:20.762345Z 2260135 INFO  HttpServer::onMessage - Request URL : /metrics from TcpConnection[ fd#41-id#1 ] - HttpServer.cpp:89
20260520 15:46:25.763276Z 2260135 INFO  HttpServer::onMessage - Request URL : /metrics from TcpConnection[ fd#41-id#1 ] - HttpServer.cpp:89
20260520 15:46:26.791071Z 2267735 INFO  MetricsDbWriter: inserted metrics row ts=1779263186 - MetricsDbWriter.cpp:96
20260520 15:46:30.762465Z 2260135 INFO  HttpServer::onMessage - Request URL : /metrics from TcpConnection[ fd#41-id#1 ] - HttpServer.cpp:89
20260520 15:46:35.760355Z 2260135 INFO  HttpServer::onMessage - Request URL : /metrics from TcpConnection[ fd#41-id#1 ] - HttpServer.cpp:89
20260520 15:46:36.789998Z 2267753 INFO  MetricsDbWriter: inserted metrics row ts=1779263196 - MetricsDbWriter.cpp:96
20260520 15:46:35.731252Z 2267752 INFO  MetricsDbWriter: inserted metrics row ts=1779263195 - MetricsDbWriter.cpp:131
20260520 15:46:39.251205Z 2260137 INFO  HttpServer::onMessage - Request URL : /api/health from TcpConnection[ fd#44-id#84 ] - HttpServer.cpp:89
20260520 15:46:39.251904Z 2260135 INFO  HttpServer::onMessage - Request URL : /api/prometheus/query_range from TcpConnection[ fd#42-id#83 ] - HttpServer.cpp:89
20260520 15:46:39.253199Z 2260135 INFO  HttpServer::onMessage - Request URL : /api/stats from TcpConnection[ fd#45-id#85 ] - HttpServer.cpp:89
20260520 15:46:39.278436Z 2260137 INFO  HttpServer::onMessage - Request URL : /api/game/status from TcpConnection[ fd#44-id#84 ] - HttpServer.cpp:89
20260520 15:46:39.279389Z 2260135 INFO  HttpServer::onMessage - Request URL : /api/prometheus/query_range from TcpConnection[ fd#45-id#85 ] - HttpServer.cpp:89
20260520 15:46:39.307089Z 2260135 INFO  HttpServer::onMessage - Request URL : /api/redis/status from TcpConnection[ fd#45-id#85 ] - HttpServer.cpp:89
20260520 15:46:39.310956Z 2260137 INFO  HttpServer::onMessage - Request URL : /api/prometheus/query_range from TcpConnection[ fd#44-id#84 ] - HttpServer.cpp:89
20260520 15:46:39.336672Z 2260137 INFO  HttpServer::onMessage - Request URL : /api/db/ping from TcpConnection[ fd#44-id#84 ] - HttpServer.cpp:89
20260520 15:46:39.348864Z 2260135 INFO  HttpServer::onMessage - Request URL : /api/prometheus/query_range from TcpConnection[ fd#45-id#85 ] - HttpServer.cpp:89
20260520 15:46:39.372397Z 2260135 INFO  HttpServer::onMessage - Request URL : /api/prometheus/query_range from TcpConnection[ fd#45-id#85 ] - HttpServer.cpp:89
20260520 15:46:39.402242Z 2260135 INFO  HttpServer::onMessage - Request URL : /api/prometheus/query_range from TcpConnection[ fd#45-id#85 ] - HttpServer.cpp:89
20260520 15:46:39.441011Z 2260135 INFO  HttpServer::onMessage - Request URL : /api/prometheus/query_range from TcpConnection[ fd#45-id#85 ] - HttpServer.cpp:89
20260520 15:46:40.760744Z 2260135 INFO  HttpServer::onMessage - Request URL : /metrics from TcpConnection[ fd#41-id#1 ] - HttpServer.cpp:89
20260520 15:46:45.732269Z 2267772 INFO  MetricsDbWriter: inserted metrics row ts=1779263205 - MetricsDbWriter.cpp:131
20260520 15:46:45.762670Z 2260135 INFO  HttpServer::onMessage - Request URL : /metrics from TcpConnection[ fd#41-id#1 ] - HttpServer.cpp:89
20260520 15:46:46.790882Z 2267774 INFO  MetricsDbWriter: inserted metrics row ts=1779263206 - MetricsDbWriter.cpp:96
20260520 15:46:48.625915Z 2260130 INFO  TcpServer::HandleCloseInLoop - Remove connection [id#84-fd#44] - TcpServer.cpp:69
20260520 15:46:48.626294Z 2260130 INFO  TcpServer::HandleCloseInLoop - Remove connection [id#83-fd#42] - TcpServer.cpp:69
20260520 15:46:48.627536Z 2260130 INFO  TcpServer::HandleCloseInLoop - Remove connection [id#85-fd#45] - TcpServer.cpp:69
20260520 15:46:55.733415Z 2267791 INFO  MetricsDbWriter: inserted metrics row ts=1779263215 - MetricsDbWriter.cpp:131
20260520 15:46:50.763732Z 2260135 INFO  HttpServer::onMessage - Request URL : /metrics from TcpConnection[ fd#41-id#1 ] - HttpServer.cpp:89
20260520 15:46:55.764014Z 2260135 INFO  HttpServer::onMessage - Request URL : /metrics from TcpConnection[ fd#41-id#1 ] - HttpServer.cpp:89
20260520 15:46:56.790434Z 2267795 INFO  MetricsDbWriter: inserted metrics row ts=1779263216 - MetricsDbWriter.cpp:96
20260520 15:47:00.762189Z 2260135 INFO  HttpServer::onMessage - Request URL : /metrics from TcpConnection[ fd#41-id#1 ] - HttpServer.cpp:89
20260520 15:47:05.761703Z 2260135 INFO  HttpServer::onMessage - Request URL : /metrics from TcpConnection[ fd#41-id#1 ] - HttpServer.cpp:89
20260520 15:47:06.790771Z 2267816 INFO  MetricsDbWriter: inserted metrics row ts=1779263226 - MetricsDbWriter.cpp:96
20260520 15:47:05.732843Z 2267812 INFO  MetricsDbWriter: inserted metrics row ts=1779263225 - MetricsDbWriter.cpp:131
20260520 15:47:10.763529Z 2260135 INFO  HttpServer::onMessage - Request URL : /metrics from TcpConnection[ fd#41-id#1 ] - HttpServer.cpp:89
20260520 15:47:15.733162Z 2267832 INFO  MetricsDbWriter: inserted metrics row ts=1779263235 - MetricsDbWriter.cpp:131
20260520 15:47:15.762628Z 2260135 INFO  HttpServer::onMessage - Request URL : /metrics from TcpConnection[ fd#41-id#1 ] - HttpServer.cpp:89
20260520 15:47:16.792296Z 2267835 INFO  MetricsDbWriter: inserted metrics row ts=1779263236 - MetricsDbWriter.cpp:96
20260520 15:47:25.733360Z 2267854 INFO  MetricsDbWriter: inserted metrics row ts=1779263245 - MetricsDbWriter.cpp:131
20260520 15:47:20.760878Z 2260135 INFO  HttpServer::onMessage - Request URL : /metrics from TcpConnection[ fd#41-id#1 ] - HttpServer.cpp:89
20260520 15:47:25.763660Z 2260135 INFO  HttpServer::onMessage - Request URL : /metrics from TcpConnection[ fd#41-id#1 ] - HttpServer.cpp:89
20260520 15:47:26.791591Z 2267855 INFO  MetricsDbWriter: inserted metrics row ts=1779263246 - MetricsDbWriter.cpp:96
20260520 15:47:30.763422Z 2260135 INFO  HttpServer::onMessage - Request URL : /metrics from TcpConnection[ fd#41-id#1 ] - HttpServer.cpp:89
20260520 15:47:35.760647Z 2260135 INFO  HttpServer::onMessage - Request URL : /metrics from TcpConnection[ fd#41-id#1 ] - HttpServer.cpp:89
20260520 15:47:36.791793Z 2267876 INFO  MetricsDbWriter: inserted metrics row ts=1779263256 - MetricsDbWriter.cpp:96
20260520 15:47:35.734780Z 2267872 INFO  MetricsDbWriter: inserted metrics row ts=1779263255 - MetricsDbWriter.cpp:131
20260520 15:47:39.265068Z 2260130 INFO  HttpServer::OnNewConnection : Add connection [ fd#42-id#86 ] from 58.247.150.86:16763 - HttpServer.cpp:49
20260520 15:47:39.266608Z 2260137 INFO  HttpServer::onMessage - Request URL : /api/health from TcpConnection[ fd#42-id#86 ] - HttpServer.cpp:89
20260520 15:47:39.267897Z 2260130 INFO  HttpServer::OnNewConnection : Add connection [ fd#44-id#87 ] from 58.247.150.86:16761 - HttpServer.cpp:49
20260520 15:47:39.267998Z 2260130 INFO  HttpServer::OnNewConnection : Add connection [ fd#45-id#88 ] from 58.247.150.86:16764 - HttpServer.cpp:49
20260520 15:47:39.268845Z 2260137 INFO  HttpServer::onMessage - Request URL : /api/stats from TcpConnection[ fd#45-id#88 ] - HttpServer.cpp:89
20260520 15:47:39.269086Z 2260135 INFO  HttpServer::onMessage - Request URL : /api/prometheus/query_range from TcpConnection[ fd#44-id#87 ] - HttpServer.cpp:89
20260520 15:47:39.280863Z 2260137 INFO  HttpServer::onMessage - Request URL : /api/game/status from TcpConnection[ fd#42-id#86 ] - HttpServer.cpp:89
20260520 15:47:39.324368Z 2260137 INFO  HttpServer::onMessage - Request URL : /api/prometheus/query_range from TcpConnection[ fd#42-id#86 ] - HttpServer.cpp:89
20260520 15:47:39.326295Z 2260135 INFO  HttpServer::onMessage - Request URL : /api/redis/status from TcpConnection[ fd#44-id#87 ] - HttpServer.cpp:89
20260520 15:47:39.345864Z 2260137 INFO  HttpServer::onMessage - Request URL : /api/db/ping from TcpConnection[ fd#42-id#86 ] - HttpServer.cpp:89
20260520 15:47:39.350564Z 2260135 INFO  HttpServer::onMessage - Request URL : /api/prometheus/query_range from TcpConnection[ fd#44-id#87 ] - HttpServer.cpp:89
20260520 15:47:39.375737Z 2260135 INFO  HttpServer::onMessage - Request URL : /api/prometheus/query_range from TcpConnection[ fd#44-id#87 ] - HttpServer.cpp:89
20260520 15:47:39.400204Z 2260135 INFO  HttpServer::onMessage - Request URL : /api/prometheus/query_range from TcpConnection[ fd#44-id#87 ] - HttpServer.cpp:89
20260520 15:47:39.424193Z 2260135 INFO  HttpServer::onMessage - Request URL : /api/prometheus/query_range from TcpConnection[ fd#44-id#87 ] - HttpServer.cpp:89
20260520 15:47:39.449678Z 2260135 INFO  HttpServer::onMessage - Request URL : /api/prometheus/query_range from TcpConnection[ fd#44-id#87 ] - HttpServer.cpp:89
20260520 15:47:40.760641Z 2260135 INFO  HttpServer::onMessage - Request URL : /metrics from TcpConnection[ fd#41-id#1 ] - HttpServer.cpp:89
20260520 15:47:45.731950Z 2267893 INFO  MetricsDbWriter: inserted metrics row ts=1779263265 - MetricsDbWriter.cpp:131
20260520 15:47:45.763874Z 2260135 INFO  HttpServer::onMessage - Request URL : /metrics from TcpConnection[ fd#41-id#1 ] - HttpServer.cpp:89
20260520 15:47:46.793456Z 2267898 INFO  MetricsDbWriter: inserted metrics row ts=1779263266 - MetricsDbWriter.cpp:96
20260520 15:47:55.732828Z 2267914 INFO  MetricsDbWriter: inserted metrics row ts=1779263275 - MetricsDbWriter.cpp:131
20260520 15:47:50.763016Z 2260135 INFO  HttpServer::onMessage - Request URL : /metrics from TcpConnection[ fd#41-id#1 ] - HttpServer.cpp:89
20260520 15:47:55.764046Z 2260135 INFO  HttpServer::onMessage - Request URL : /metrics from TcpConnection[ fd#41-id#1 ] - HttpServer.cpp:89
20260520 15:47:56.792216Z 2267915 INFO  MetricsDbWriter: inserted metrics row ts=1779263276 - MetricsDbWriter.cpp:96
20260520 15:48:00.761196Z 2260135 INFO  HttpServer::onMessage - Request URL : /metrics from TcpConnection[ fd#41-id#1 ] - HttpServer.cpp:89
20260520 15:48:05.761712Z 2260135 INFO  HttpServer::onMessage - Request URL : /metrics from TcpConnection[ fd#41-id#1 ] - HttpServer.cpp:89
20260520 15:48:06.792144Z 2267958 INFO  MetricsDbWriter: inserted metrics row ts=1779263286 - MetricsDbWriter.cpp:96
20260520 15:48:05.733288Z 2267954 INFO  MetricsDbWriter: inserted metrics row ts=1779263285 - MetricsDbWriter.cpp:131
20260520 15:48:10.762723Z 2260135 INFO  HttpServer::onMessage - Request URL : /metrics from TcpConnection[ fd#41-id#1 ] - HttpServer.cpp:89
20260520 15:48:15.734393Z 2267974 INFO  MetricsDbWriter: inserted metrics row ts=1779263295 - MetricsDbWriter.cpp:131
20260520 15:48:15.762083Z 2260135 INFO  HttpServer::onMessage - Request URL : /metrics from TcpConnection[ fd#41-id#1 ] - HttpServer.cpp:89
20260520 15:48:16.791618Z 2267980 INFO  MetricsDbWriter: inserted metrics row ts=1779263296 - MetricsDbWriter.cpp:96
20260520 15:48:25.733366Z 2268004 INFO  MetricsDbWriter: inserted metrics row ts=1779263305 - MetricsDbWriter.cpp:131
20260520 15:48:20.763693Z 2260135 INFO  HttpServer::onMessage - Request URL : /metrics from TcpConnection[ fd#41-id#1 ] - HttpServer.cpp:89
20260520 15:48:25.763811Z 2260135 INFO  HttpServer::onMessage - Request URL : /metrics from TcpConnection[ fd#41-id#1 ] - HttpServer.cpp:89
20260520 15:48:26.791355Z 2268011 INFO  MetricsDbWriter: inserted metrics row ts=1779263306 - MetricsDbWriter.cpp:96
20260520 15:48:30.762636Z 2260135 INFO  HttpServer::onMessage - Request URL : /metrics from TcpConnection[ fd#41-id#1 ] - HttpServer.cpp:89
20260520 15:48:35.760604Z 2260135 INFO  HttpServer::onMessage - Request URL : /metrics from TcpConnection[ fd#41-id#1 ] - HttpServer.cpp:89
20260520 15:48:36.791223Z 2268084 INFO  MetricsDbWriter: inserted metrics row ts=1779263316 - MetricsDbWriter.cpp:96
20260520 15:48:35.736669Z 2268072 INFO  MetricsDbWriter: inserted metrics row ts=1779263315 - MetricsDbWriter.cpp:131
20260520 15:48:39.261670Z 2260137 INFO  HttpServer::onMessage - Request URL : /api/prometheus/query_range from TcpConnection[ fd#42-id#86 ] - HttpServer.cpp:89
20260520 15:48:39.262914Z 2260135 INFO  HttpServer::onMessage - Request URL : /api/health from TcpConnection[ fd#44-id#87 ] - HttpServer.cpp:89
20260520 15:48:39.263149Z 2260137 INFO  HttpServer::onMessage - Request URL : /api/stats from TcpConnection[ fd#45-id#88 ] - HttpServer.cpp:89
20260520 15:48:39.290665Z 2260135 INFO  HttpServer::onMessage - Request URL : /api/prometheus/query_range from TcpConnection[ fd#44-id#87 ] - HttpServer.cpp:89
20260520 15:48:39.315778Z 2260135 INFO  HttpServer::onMessage - Request URL : /api/game/status from TcpConnection[ fd#44-id#87 ] - HttpServer.cpp:89
20260520 15:48:39.321798Z 2260137 INFO  HttpServer::onMessage - Request URL : /api/prometheus/query_range from TcpConnection[ fd#45-id#88 ] - HttpServer.cpp:89
20260520 15:48:39.336045Z 2260135 INFO  HttpServer::onMessage - Request URL : /api/redis/status from TcpConnection[ fd#44-id#87 ] - HttpServer.cpp:89
20260520 15:48:39.347291Z 2260137 INFO  HttpServer::onMessage - Request URL : /api/prometheus/query_range from TcpConnection[ fd#45-id#88 ] - HttpServer.cpp:89
20260520 15:48:39.354009Z 2260135 INFO  HttpServer::onMessage - Request URL : /api/db/ping from TcpConnection[ fd#44-id#87 ] - HttpServer.cpp:89
20260520 15:48:39.368280Z 2260137 INFO  HttpServer::onMessage - Request URL : /api/prometheus/query_range from TcpConnection[ fd#45-id#88 ] - HttpServer.cpp:89
20260520 15:48:39.392574Z 2260137 INFO  HttpServer::onMessage - Request URL : /api/prometheus/query_range from TcpConnection[ fd#45-id#88 ] - HttpServer.cpp:89
20260520 15:48:39.417058Z 2260137 INFO  HttpServer::onMessage - Request URL : /api/prometheus/query_range from TcpConnection[ fd#45-id#88 ] - HttpServer.cpp:89
20260520 15:48:40.760838Z 2260135 INFO  HttpServer::onMessage - Request URL : /metrics from TcpConnection[ fd#41-id#1 ] - HttpServer.cpp:89
20260520 15:48:45.733063Z 2268129 INFO  MetricsDbWriter: inserted metrics row ts=1779263325 - MetricsDbWriter.cpp:131
20260520 15:48:45.762781Z 2260135 INFO  HttpServer::onMessage - Request URL : /metrics from TcpConnection[ fd#41-id#1 ] - HttpServer.cpp:89
20260520 15:48:46.792080Z 2268134 INFO  MetricsDbWriter: inserted metrics row ts=1779263326 - MetricsDbWriter.cpp:96
20260520 15:48:48.994452Z 2260130 INFO  TcpServer::HandleCloseInLoop - Remove connection [id#86-fd#42] - TcpServer.cpp:69
20260520 15:48:48.995722Z 2260130 INFO  TcpServer::HandleCloseInLoop - Remove connection [id#87-fd#44] - TcpServer.cpp:69
20260520 15:48:48.996224Z 2260130 INFO  TcpServer::HandleCloseInLoop - Remove connection [id#88-fd#45] - TcpServer.cpp:69
20260520 15:48:55.734767Z 2268161 INFO  MetricsDbWriter: inserted metrics row ts=1779263335 - MetricsDbWriter.cpp:131
20260520 15:48:50.761710Z 2260135 INFO  HttpServer::onMessage - Request URL : /metrics from TcpConnection[ fd#41-id#1 ] - HttpServer.cpp:89
20260520 15:48:55.763278Z 2260135 INFO  HttpServer::onMessage - Request URL : /metrics from TcpConnection[ fd#41-id#1 ] - HttpServer.cpp:89
20260520 15:48:56.791378Z 2268171 INFO  MetricsDbWriter: inserted metrics row ts=1779263336 - MetricsDbWriter.cpp:96
20260520 15:48:57.154851Z 2268166 INFO  mysql pool config loaded from /root/projects/CppWebServer/config/mysql.cnf initSize=3 maxSize=32 - ConnectionPool.cpp:67
20260520 15:48:57.244720Z 2268166 INFO  MetricsDbWriter: flush to MySQL every 10s - MetricsDbWriter.cpp:59
20260520 15:48:57.245905Z 2268166 INFO  SessionStore: Redis ok 127.0.0.1:6379 default_ttl_sec=7200 - SessionStore.cpp:103
20260520 15:48:57.246004Z 2268166 INFO  Game protobuf TCP 8081 (HTTP 8080) - http_server.cpp:562
20260520 15:48:57.246073Z 2268166 ERROR Failed to Bind [0.0.0.0:8080] - Acceptor.cpp:49
20260520 15:48:57.246101Z 2268166 INFO  HttpServer Listening on [ 0.0.0.0:8080 ] - HttpServer.cpp:35
20260520 15:48:57.246260Z 2268196 ERROR Failed to Bind [0.0.0.0:8081] - Acceptor.cpp:49
20260520 15:48:57.246287Z 2268196 INFO  GameTcpGateway listening on 0.0.0.0:8081 (length-prefix + protobuf) - GameTcpGateway.cpp:47
20260520 15:48:57.254093Z 2268200 INFO  MetricsDbWriter: table webserver_metrics ready - MetricsDbWriter.cpp:96
20260520 15:48:57.265592Z 2268200 INFO  MetricsDbWriter: inserted metrics row ts=1779263337 - MetricsDbWriter.cpp:131
20260520 15:49:00.763242Z 2260135 INFO  HttpServer::onMessage - Request URL : /metrics from TcpConnection[ fd#41-id#1 ] - HttpServer.cpp:89
20260520 15:49:05.761461Z 2260135 INFO  HttpServer::onMessage - Request URL : /metrics from TcpConnection[ fd#41-id#1 ] - HttpServer.cpp:89
20260520 15:49:06.791930Z 2268255 INFO  MetricsDbWriter: inserted metrics row ts=1779263346 - MetricsDbWriter.cpp:96
20260520 15:49:05.734018Z 2268251 INFO  MetricsDbWriter: inserted metrics row ts=1779263345 - MetricsDbWriter.cpp:131
20260520 15:49:07.265638Z 2268256 INFO  MetricsDbWriter: inserted metrics row ts=1779263347 - MetricsDbWriter.cpp:131
20260520 15:49:10.762912Z 2260135 INFO  HttpServer::onMessage - Request URL : /metrics from TcpConnection[ fd#41-id#1 ] - HttpServer.cpp:89
20260520 15:49:15.733863Z 2268289 INFO  MetricsDbWriter: inserted metrics row ts=1779263355 - MetricsDbWriter.cpp:131
20260520 15:49:17.262107Z 2268296 INFO  MetricsDbWriter: inserted metrics row ts=1779263357 - MetricsDbWriter.cpp:131
20260520 15:49:15.762996Z 2260135 INFO  HttpServer::onMessage - Request URL : /metrics from TcpConnection[ fd#41-id#1 ] - HttpServer.cpp:89
20260520 15:49:16.791929Z 2268292 INFO  MetricsDbWriter: inserted metrics row ts=1779263356 - MetricsDbWriter.cpp:96
20260520 15:49:25.734010Z 2268407 INFO  MetricsDbWriter: inserted metrics row ts=1779263365 - MetricsDbWriter.cpp:131
20260520 15:49:19.459498Z 2260134 INFO  TcpServer::HandleCloseInLoop - Remove connection [id#4-fd#42] - TcpServer.cpp:69
20260520 15:49:20.763001Z 2260135 INFO  HttpServer::onMessage - Request URL : /metrics from TcpConnection[ fd#41-id#1 ] - HttpServer.cpp:89
20260520 15:49:25.761614Z 2260135 INFO  HttpServer::onMessage - Request URL : /metrics from TcpConnection[ fd#41-id#1 ] - HttpServer.cpp:89
20260520 15:49:26.792056Z 2268408 INFO  MetricsDbWriter: inserted metrics row ts=1779263366 - MetricsDbWriter.cpp:96
20260520 15:49:27.259295Z 2268409 INFO  MetricsDbWriter: inserted metrics row ts=1779263367 - MetricsDbWriter.cpp:131
20260520 15:49:30.763630Z 2260135 INFO  HttpServer::onMessage - Request URL : /metrics from TcpConnection[ fd#41-id#1 ] - HttpServer.cpp:89
20260520 15:49:35.761307Z 2260135 INFO  HttpServer::onMessage - Request URL : /metrics from TcpConnection[ fd#41-id#1 ] - HttpServer.cpp:89
20260520 15:49:36.792363Z 2268449 INFO  MetricsDbWriter: inserted metrics row ts=1779263376 - MetricsDbWriter.cpp:96
20260520 15:49:35.733089Z 2268445 INFO  MetricsDbWriter: inserted metrics row ts=1779263375 - MetricsDbWriter.cpp:131
20260520 15:49:37.257923Z 2268450 INFO  MetricsDbWriter: inserted metrics row ts=1779263377 - MetricsDbWriter.cpp:131
20260520 15:49:39.279708Z 2260130 INFO  HttpServer::OnNewConnection : Add connection [ fd#42-id#89 ] from 58.247.150.86:16862 - HttpServer.cpp:49
20260520 15:49:39.554859Z 2260135 INFO  HttpServer::onMessage - Request URL : /api/health from TcpConnection[ fd#42-id#89 ] - HttpServer.cpp:89
20260520 15:49:39.557270Z 2260130 INFO  HttpServer::OnNewConnection : Add connection [ fd#44-id#90 ] from 58.247.150.86:16863 - HttpServer.cpp:49
20260520 15:49:39.557697Z 2260130 INFO  HttpServer::OnNewConnection : Add connection [ fd#45-id#91 ] from 58.247.150.86:16864 - HttpServer.cpp:49
20260520 15:49:39.558672Z 2260137 INFO  HttpServer::onMessage - Request URL : /api/prometheus/query_range from TcpConnection[ fd#44-id#90 ] - HttpServer.cpp:89
20260520 15:49:39.559988Z 2260135 INFO  HttpServer::onMessage - Request URL : /api/stats from TcpConnection[ fd#45-id#91 ] - HttpServer.cpp:89
20260520 15:49:39.575420Z 2260135 INFO  HttpServer::onMessage - Request URL : /api/game/status from TcpConnection[ fd#42-id#89 ] - HttpServer.cpp:89
20260520 15:49:39.584805Z 2260135 INFO  HttpServer::onMessage - Request URL : /api/prometheus/query_range from TcpConnection[ fd#45-id#91 ] - HttpServer.cpp:89
20260520 15:49:39.608692Z 2260135 INFO  HttpServer::onMessage - Request URL : /api/redis/status from TcpConnection[ fd#45-id#91 ] - HttpServer.cpp:89
20260520 15:49:39.881572Z 2260135 INFO  HttpServer::onMessage - Request URL : /api/prometheus/query_range from TcpConnection[ fd#42-id#89 ] - HttpServer.cpp:89
20260520 15:49:39.887928Z 2260135 INFO  HttpServer::onMessage - Request URL : /api/db/ping from TcpConnection[ fd#45-id#91 ] - HttpServer.cpp:89
20260520 15:49:39.906682Z 2260135 INFO  HttpServer::onMessage - Request URL : /api/prometheus/query_range from TcpConnection[ fd#45-id#91 ] - HttpServer.cpp:89
20260520 15:49:39.932427Z 2260135 INFO  HttpServer::onMessage - Request URL : /api/prometheus/query_range from TcpConnection[ fd#45-id#91 ] - HttpServer.cpp:89
20260520 15:49:39.957034Z 2260135 INFO  HttpServer::onMessage - Request URL : /api/prometheus/query_range from TcpConnection[ fd#45-id#91 ] - HttpServer.cpp:89
20260520 15:49:39.981335Z 2260135 INFO  HttpServer::onMessage - Request URL : /api/prometheus/query_range from TcpConnection[ fd#45-id#91 ] - HttpServer.cpp:89
20260520 15:49:40.760989Z 2260135 INFO  HttpServer::onMessage - Request URL : /metrics from TcpConnection[ fd#41-id#1 ] - HttpServer.cpp:89
20260520 15:49:45.735404Z 2268483 INFO  MetricsDbWriter: inserted metrics row ts=1779263385 - MetricsDbWriter.cpp:131
20260520 15:49:47.257930Z 2268489 INFO  MetricsDbWriter: inserted metrics row ts=1779263387 - MetricsDbWriter.cpp:131
20260520 15:49:45.763415Z 2260135 INFO  HttpServer::onMessage - Request URL : /metrics from TcpConnection[ fd#41-id#1 ] - HttpServer.cpp:89
20260520 15:49:46.791930Z 2268488 INFO  MetricsDbWriter: inserted metrics row ts=1779263386 - MetricsDbWriter.cpp:96
20260520 15:49:55.733757Z 2268522 INFO  MetricsDbWriter: inserted metrics row ts=1779263395 - MetricsDbWriter.cpp:131
20260520 15:49:50.763594Z 2260135 INFO  HttpServer::onMessage - Request URL : /metrics from TcpConnection[ fd#41-id#1 ] - HttpServer.cpp:89
20260520 15:49:55.763196Z 2260135 INFO  HttpServer::onMessage - Request URL : /metrics from TcpConnection[ fd#41-id#1 ] - HttpServer.cpp:89
20260520 15:49:56.791464Z 2268526 INFO  MetricsDbWriter: inserted metrics row ts=1779263396 - MetricsDbWriter.cpp:96
20260520 15:49:57.257999Z 2268527 INFO  MetricsDbWriter: inserted metrics row ts=1779263397 - MetricsDbWriter.cpp:131
20260520 15:50:00.762354Z 2260135 INFO  HttpServer::onMessage - Request URL : /metrics from TcpConnection[ fd#41-id#1 ] - HttpServer.cpp:89
20260520 15:50:05.761298Z 2260135 INFO  HttpServer::onMessage - Request URL : /metrics from TcpConnection[ fd#41-id#1 ] - HttpServer.cpp:89
20260520 15:50:06.793664Z 2268562 INFO  MetricsDbWriter: inserted metrics row ts=1779263406 - MetricsDbWriter.cpp:96
20260520 15:50:05.735184Z 2268561 INFO  MetricsDbWriter: inserted metrics row ts=1779263405 - MetricsDbWriter.cpp:131
20260520 15:50:07.258051Z 2268563 INFO  MetricsDbWriter: inserted metrics row ts=1779263407 - MetricsDbWriter.cpp:131
20260520 15:50:10.764168Z 2260135 INFO  HttpServer::onMessage - Request URL : /metrics from TcpConnection[ fd#41-id#1 ] - HttpServer.cpp:89
20260520 15:50:15.735639Z 2268598 INFO  MetricsDbWriter: inserted metrics row ts=1779263415 - MetricsDbWriter.cpp:131
20260520 15:50:17.259095Z 2268617 INFO  MetricsDbWriter: inserted metrics row ts=1779263417 - MetricsDbWriter.cpp:131
20260520 15:50:15.763141Z 2260135 INFO  HttpServer::onMessage - Request URL : /metrics from TcpConnection[ fd#41-id#1 ] - HttpServer.cpp:89
20260520 15:50:16.792052Z 2268609 INFO  MetricsDbWriter: inserted metrics row ts=1779263416 - MetricsDbWriter.cpp:96
20260520 15:50:25.734310Z 2268694 INFO  MetricsDbWriter: inserted metrics row ts=1779263425 - MetricsDbWriter.cpp:131
20260520 15:50:20.763360Z 2260135 INFO  HttpServer::onMessage - Request URL : /metrics from TcpConnection[ fd#41-id#1 ] - HttpServer.cpp:89
20260520 15:50:25.763765Z 2260135 INFO  HttpServer::onMessage - Request URL : /metrics from TcpConnection[ fd#41-id#1 ] - HttpServer.cpp:89
20260520 15:50:26.792038Z 2268698 INFO  MetricsDbWriter: inserted metrics row ts=1779263426 - MetricsDbWriter.cpp:96
20260520 15:50:30.763952Z 2260135 INFO  HttpServer::onMessage - Request URL : /metrics from TcpConnection[ fd#41-id#1 ] - HttpServer.cpp:89
20260520 15:50:35.761628Z 2260135 INFO  HttpServer::onMessage - Request URL : /metrics from TcpConnection[ fd#41-id#1 ] - HttpServer.cpp:89
20260520 15:50:36.792794Z 2268716 INFO  MetricsDbWriter: inserted metrics row ts=1779263436 - MetricsDbWriter.cpp:96
20260520 15:50:35.736264Z 2268715 INFO  MetricsDbWriter: inserted metrics row ts=1779263435 - MetricsDbWriter.cpp:131
20260520 15:50:39.265080Z 2260135 INFO  HttpServer::onMessage - Request URL : /api/health from TcpConnection[ fd#45-id#91 ] - HttpServer.cpp:89
20260520 15:50:39.266243Z 2260137 INFO  HttpServer::onMessage - Request URL : /api/stats from TcpConnection[ fd#44-id#90 ] - HttpServer.cpp:89
20260520 15:50:39.266826Z 2260135 INFO  HttpServer::onMessage - Request URL : /api/prometheus/query_range from TcpConnection[ fd#42-id#89 ] - HttpServer.cpp:89
20260520 15:50:39.288760Z 2260137 INFO  HttpServer::onMessage - Request URL : /api/game/status from TcpConnection[ fd#44-id#90 ] - HttpServer.cpp:89
20260520 15:50:39.293153Z 2260135 INFO  HttpServer::onMessage - Request URL : /api/prometheus/query_range from TcpConnection[ fd#42-id#89 ] - HttpServer.cpp:89
20260520 15:50:39.323334Z 2260135 INFO  HttpServer::onMessage - Request URL : /api/redis/status from TcpConnection[ fd#42-id#89 ] - HttpServer.cpp:89
20260520 15:50:39.335066Z 2260137 INFO  HttpServer::onMessage - Request URL : /api/prometheus/query_range from TcpConnection[ fd#44-id#90 ] - HttpServer.cpp:89
20260520 15:50:39.340557Z 2260135 INFO  HttpServer::onMessage - Request URL : /api/db/ping from TcpConnection[ fd#42-id#89 ] - HttpServer.cpp:89
20260520 15:50:39.356813Z 2260135 INFO  HttpServer::onMessage - Request URL : /api/prometheus/query_range from TcpConnection[ fd#42-id#89 ] - HttpServer.cpp:89
20260520 15:50:39.380097Z 2260135 INFO  HttpServer::onMessage - Request URL : /api/prometheus/query_range from TcpConnection[ fd#42-id#89 ] - HttpServer.cpp:89
20260520 15:50:39.400852Z 2260135 INFO  HttpServer::onMessage - Request URL : /api/prometheus/query_range from TcpConnection[ fd#42-id#89 ] - HttpServer.cpp:89
20260520 15:50:39.420924Z 2260135 INFO  HttpServer::onMessage - Request URL : /api/prometheus/query_range from TcpConnection[ fd#42-id#89 ] - HttpServer.cpp:89
20260520 15:50:40.761060Z 2260135 INFO  HttpServer::onMessage - Request URL : /metrics from TcpConnection[ fd#41-id#1 ] - HttpServer.cpp:89
20260520 15:50:45.735773Z 2268736 INFO  MetricsDbWriter: inserted metrics row ts=1779263445 - MetricsDbWriter.cpp:131
20260520 15:50:45.763897Z 2260135 INFO  HttpServer::onMessage - Request URL : /metrics from TcpConnection[ fd#41-id#1 ] - HttpServer.cpp:89
20260520 15:50:46.792879Z 2268738 INFO  MetricsDbWriter: inserted metrics row ts=1779263446 - MetricsDbWriter.cpp:96
20260520 15:50:49.286074Z 2260130 INFO  TcpServer::HandleCloseInLoop - Remove connection [id#91-fd#45] - TcpServer.cpp:69
20260520 15:50:49.288711Z 2260130 INFO  TcpServer::HandleCloseInLoop - Remove connection [id#90-fd#44] - TcpServer.cpp:69
20260520 15:50:49.290162Z 2260130 INFO  TcpServer::HandleCloseInLoop - Remove connection [id#89-fd#42] - TcpServer.cpp:69
20260520 15:50:55.734689Z 2268754 INFO  MetricsDbWriter: inserted metrics row ts=1779263455 - MetricsDbWriter.cpp:131
20260520 15:50:50.762205Z 2260135 INFO  HttpServer::onMessage - Request URL : /metrics from TcpConnection[ fd#41-id#1 ] - HttpServer.cpp:89
20260520 15:50:55.763115Z 2260135 INFO  HttpServer::onMessage - Request URL : /metrics from TcpConnection[ fd#41-id#1 ] - HttpServer.cpp:89
20260520 15:50:56.793826Z 2268758 INFO  MetricsDbWriter: inserted metrics row ts=1779263456 - MetricsDbWriter.cpp:96
20260520 15:51:00.762217Z 2260135 INFO  HttpServer::onMessage - Request URL : /metrics from TcpConnection[ fd#41-id#1 ] - HttpServer.cpp:89
20260520 15:51:05.761777Z 2260135 INFO  HttpServer::onMessage - Request URL : /metrics from TcpConnection[ fd#41-id#1 ] - HttpServer.cpp:89
20260520 15:51:06.792134Z 2268782 INFO  MetricsDbWriter: inserted metrics row ts=1779263466 - MetricsDbWriter.cpp:96
20260520 15:51:05.734985Z 2268775 INFO  MetricsDbWriter: inserted metrics row ts=1779263465 - MetricsDbWriter.cpp:131
20260520 15:51:10.763491Z 2260135 INFO  HttpServer::onMessage - Request URL : /metrics from TcpConnection[ fd#41-id#1 ] - HttpServer.cpp:89
20260520 15:51:15.735324Z 2268798 INFO  MetricsDbWriter: inserted metrics row ts=1779263475 - MetricsDbWriter.cpp:131
20260520 15:51:15.763012Z 2260135 INFO  HttpServer::onMessage - Request URL : /metrics from TcpConnection[ fd#41-id#1 ] - HttpServer.cpp:89
20260520 15:51:16.793280Z 2268800 INFO  MetricsDbWriter: inserted metrics row ts=1779263476 - MetricsDbWriter.cpp:96
20260520 15:51:25.734524Z 2268821 INFO  MetricsDbWriter: inserted metrics row ts=1779263485 - MetricsDbWriter.cpp:131
20260520 15:51:20.760093Z 2260135 INFO  HttpServer::onMessage - Request URL : /metrics from TcpConnection[ fd#41-id#1 ] - HttpServer.cpp:89
20260520 15:51:25.762613Z 2260135 INFO  HttpServer::onMessage - Request URL : /metrics from TcpConnection[ fd#41-id#1 ] - HttpServer.cpp:89
20260520 15:51:26.792448Z 2268822 INFO  MetricsDbWriter: inserted metrics row ts=1779263486 - MetricsDbWriter.cpp:96
20260520 15:51:30.763335Z 2260135 INFO  HttpServer::onMessage - Request URL : /metrics from TcpConnection[ fd#41-id#1 ] - HttpServer.cpp:89
20260520 15:51:35.761425Z 2260135 INFO  HttpServer::onMessage - Request URL : /metrics from TcpConnection[ fd#41-id#1 ] - HttpServer.cpp:89
20260520 15:51:36.793937Z 2268895 INFO  MetricsDbWriter: inserted metrics row ts=1779263496 - MetricsDbWriter.cpp:96
20260520 15:51:35.735194Z 2268891 INFO  MetricsDbWriter: inserted metrics row ts=1779263495 - MetricsDbWriter.cpp:131
20260520 15:51:39.279080Z 2260130 INFO  HttpServer::OnNewConnection : Add connection [ fd#42-id#92 ] from 58.247.150.86:17176 - HttpServer.cpp:49
20260520 15:51:39.279163Z 2260130 INFO  HttpServer::OnNewConnection : Add connection [ fd#44-id#93 ] from 58.247.150.86:17175 - HttpServer.cpp:49
20260520 15:51:39.279790Z 2260135 INFO  HttpServer::onMessage - Request URL : /api/health from TcpConnection[ fd#44-id#93 ] - HttpServer.cpp:89
20260520 15:51:39.280577Z 2260137 INFO  HttpServer::onMessage - Request URL : /api/prometheus/query_range from TcpConnection[ fd#42-id#92 ] - HttpServer.cpp:89
20260520 15:51:39.281551Z 2260130 INFO  HttpServer::OnNewConnection : Add connection [ fd#46-id#94 ] from 58.247.150.86:17177 - HttpServer.cpp:49
20260520 15:51:39.281905Z 2260137 INFO  HttpServer::onMessage - Request URL : /api/stats from TcpConnection[ fd#46-id#94 ] - HttpServer.cpp:89
20260520 15:51:39.297023Z 2260135 INFO  HttpServer::onMessage - Request URL : /api/game/status from TcpConnection[ fd#44-id#93 ] - HttpServer.cpp:89
20260520 15:51:39.320606Z 2260137 INFO  HttpServer::onMessage - Request URL : /api/prometheus/query_range from TcpConnection[ fd#46-id#94 ] - HttpServer.cpp:89
20260520 15:51:39.347469Z 2260137 INFO  HttpServer::onMessage - Request URL : /api/redis/status from TcpConnection[ fd#46-id#94 ] - HttpServer.cpp:89
20260520 15:51:39.354574Z 2260135 INFO  HttpServer::onMessage - Request URL : /api/prometheus/query_range from TcpConnection[ fd#44-id#93 ] - HttpServer.cpp:89
20260520 15:51:39.365250Z 2260137 INFO  HttpServer::onMessage - Request URL : /api/db/ping from TcpConnection[ fd#46-id#94 ] - HttpServer.cpp:89
20260520 15:51:39.381015Z 2260135 INFO  HttpServer::onMessage - Request URL : /api/prometheus/query_range from TcpConnection[ fd#44-id#93 ] - HttpServer.cpp:89
20260520 15:51:39.408092Z 2260135 INFO  HttpServer::onMessage - Request URL : /api/prometheus/query_range from TcpConnection[ fd#44-id#93 ] - HttpServer.cpp:89
20260520 15:51:39.445958Z 2260135 INFO  HttpServer::onMessage - Request URL : /api/prometheus/query_range from TcpConnection[ fd#44-id#93 ] - HttpServer.cpp:89
20260520 15:51:39.473417Z 2260135 INFO  HttpServer::onMessage - Request URL : /api/prometheus/query_range from TcpConnection[ fd#44-id#93 ] - HttpServer.cpp:89
20260520 15:51:40.761385Z 2260135 INFO  HttpServer::onMessage - Request URL : /metrics from TcpConnection[ fd#41-id#1 ] - HttpServer.cpp:89
20260520 15:51:45.735563Z 2268962 INFO  MetricsDbWriter: inserted metrics row ts=1779263505 - MetricsDbWriter.cpp:131
20260520 15:51:45.762525Z 2260135 INFO  HttpServer::onMessage - Request URL : /metrics from TcpConnection[ fd#41-id#1 ] - HttpServer.cpp:89
20260520 15:51:46.803649Z 2268966 INFO  MetricsDbWriter: inserted metrics row ts=1779263506 - MetricsDbWriter.cpp:96
20260520 15:51:55.735940Z 2268984 INFO  MetricsDbWriter: inserted metrics row ts=1779263515 - MetricsDbWriter.cpp:131
20260520 15:51:50.763330Z 2260135 INFO  HttpServer::onMessage - Request URL : /metrics from TcpConnection[ fd#41-id#1 ] - HttpServer.cpp:89
20260520 15:51:55.763285Z 2260135 INFO  HttpServer::onMessage - Request URL : /metrics from TcpConnection[ fd#41-id#1 ] - HttpServer.cpp:89
20260520 15:51:56.792619Z 2268985 INFO  MetricsDbWriter: inserted metrics row ts=1779263516 - MetricsDbWriter.cpp:96
20260520 15:52:00.762809Z 2260135 INFO  HttpServer::onMessage - Request URL : /metrics from TcpConnection[ fd#41-id#1 ] - HttpServer.cpp:89
20260520 15:52:05.761700Z 2260135 INFO  HttpServer::onMessage - Request URL : /metrics from TcpConnection[ fd#41-id#1 ] - HttpServer.cpp:89
20260520 15:52:06.798285Z 2269007 INFO  MetricsDbWriter: inserted metrics row ts=1779263526 - MetricsDbWriter.cpp:96
20260520 15:52:05.735853Z 2269005 INFO  MetricsDbWriter: inserted metrics row ts=1779263525 - MetricsDbWriter.cpp:131
20260520 15:52:10.763154Z 2260135 INFO  HttpServer::onMessage - Request URL : /metrics from TcpConnection[ fd#41-id#1 ] - HttpServer.cpp:89
20260520 15:52:15.735635Z 2269024 INFO  MetricsDbWriter: inserted metrics row ts=1779263535 - MetricsDbWriter.cpp:131
20260520 15:52:15.762976Z 2260135 INFO  HttpServer::onMessage - Request URL : /metrics from TcpConnection[ fd#41-id#1 ] - HttpServer.cpp:89
20260520 15:52:16.793461Z 2269028 INFO  MetricsDbWriter: inserted metrics row ts=1779263536 - MetricsDbWriter.cpp:96
20260520 15:52:25.735831Z 2269046 INFO  MetricsDbWriter: inserted metrics row ts=1779263545 - MetricsDbWriter.cpp:131
20260520 15:52:20.762370Z 2260135 INFO  HttpServer::onMessage - Request URL : /metrics from TcpConnection[ fd#41-id#1 ] - HttpServer.cpp:89
20260520 15:52:25.762713Z 2260135 INFO  HttpServer::onMessage - Request URL : /metrics from TcpConnection[ fd#41-id#1 ] - HttpServer.cpp:89
20260520 15:52:26.793770Z 2269050 INFO  MetricsDbWriter: inserted metrics row ts=1779263546 - MetricsDbWriter.cpp:96
20260520 15:52:30.763702Z 2260135 INFO  HttpServer::onMessage - Request URL : /metrics from TcpConnection[ fd#41-id#1 ] - HttpServer.cpp:89
20260520 15:52:35.762144Z 2260135 INFO  HttpServer::onMessage - Request URL : /metrics from TcpConnection[ fd#41-id#1 ] - HttpServer.cpp:89
20260520 15:52:36.793816Z 2269106 INFO  MetricsDbWriter: inserted metrics row ts=1779263556 - MetricsDbWriter.cpp:96
20260520 15:52:35.738940Z 2269097 INFO  MetricsDbWriter: inserted metrics row ts=1779263555 - MetricsDbWriter.cpp:131
20260520 15:52:39.426703Z 2260137 INFO  HttpServer::onMessage - Request URL : /api/prometheus/query_range from TcpConnection[ fd#46-id#94 ] - HttpServer.cpp:89
20260520 15:52:39.427996Z 2260137 INFO  HttpServer::onMessage - Request URL : /api/stats from TcpConnection[ fd#42-id#92 ] - HttpServer.cpp:89
20260520 15:52:39.428197Z 2260135 INFO  HttpServer::onMessage - Request URL : /api/health from TcpConnection[ fd#44-id#93 ] - HttpServer.cpp:89
20260520 15:52:39.450210Z 2260137 INFO  HttpServer::onMessage - Request URL : /api/game/status from TcpConnection[ fd#42-id#92 ] - HttpServer.cpp:89
20260520 15:52:39.480190Z 2260137 INFO  HttpServer::onMessage - Request URL : /api/redis/status from TcpConnection[ fd#46-id#94 ] - HttpServer.cpp:89
20260520 15:52:39.481000Z 2260137 INFO  HttpServer::onMessage - Request URL : /api/prometheus/query_range from TcpConnection[ fd#42-id#92 ] - HttpServer.cpp:89
20260520 15:52:39.766288Z 2260137 INFO  HttpServer::onMessage - Request URL : /api/prometheus/query_range from TcpConnection[ fd#46-id#94 ] - HttpServer.cpp:89
20260520 15:52:39.767207Z 2260137 INFO  HttpServer::onMessage - Request URL : /api/db/ping from TcpConnection[ fd#42-id#92 ] - HttpServer.cpp:89
20260520 15:52:39.791280Z 2260137 INFO  HttpServer::onMessage - Request URL : /api/prometheus/query_range from TcpConnection[ fd#46-id#94 ] - HttpServer.cpp:89
20260520 15:52:40.094069Z 2260137 INFO  HttpServer::onMessage - Request URL : /api/prometheus/query_range from TcpConnection[ fd#46-id#94 ] - HttpServer.cpp:89
20260520 15:52:40.118860Z 2260137 INFO  HttpServer::onMessage - Request URL : /api/prometheus/query_range from TcpConnection[ fd#46-id#94 ] - HttpServer.cpp:89
20260520 15:52:40.142307Z 2260137 INFO  HttpServer::onMessage - Request URL : /api/prometheus/query_range from TcpConnection[ fd#46-id#94 ] - HttpServer.cpp:89
20260520 15:52:40.760184Z 2260135 INFO  HttpServer::onMessage - Request URL : /metrics from TcpConnection[ fd#41-id#1 ] - HttpServer.cpp:89
20260520 15:54:10.350181Z 2269595 INFO  mysql pool config loaded from /root/projects/CppWebServer/config/mysql.cnf initSize=3 maxSize=32 - ConnectionPool.cpp:67
20260520 15:54:10.399895Z 2269595 INFO  MetricsDbWriter: flush to MySQL every 10s - MetricsDbWriter.cpp:59
20260520 15:54:10.400398Z 2269595 INFO  SessionStore: Redis ok 127.0.0.1:6379 default_ttl_sec=7200 - SessionStore.cpp:103
20260520 15:54:10.400482Z 2269595 INFO  Game protobuf TCP 8083 (HTTP 8082) - http_server.cpp:562
20260520 15:54:10.400602Z 2269595 INFO  HttpServer Listening on [ 0.0.0.0:8082 ] - HttpServer.cpp:35
20260520 15:54:10.400660Z 2269600 INFO  GameTcpGateway listening on 0.0.0.0:8083 (length-prefix + protobuf) - GameTcpGateway.cpp:47
20260520 15:54:10.409212Z 2269604 INFO  MetricsDbWriter: table webserver_metrics ready - MetricsDbWriter.cpp:96
20260520 15:54:10.417524Z 2269604 INFO  MetricsDbWriter: inserted metrics row ts=1779263650 - MetricsDbWriter.cpp:131
20260520 15:54:12.349857Z 2269602 INFO  [game] dispatch consume_item seq=1 - GameLogic.cpp:202
20260520 15:54:12.350051Z 2269602 INFO  [consume_item] recv player_id=10001 item_id=1001 count=1 - GameLogic.cpp:37
20260520 15:54:12.350073Z 2269602 INFO  [consume_item] ok player_id=10001 item_id=1001 remain=9 - GameLogic.cpp:68
20260520 15:54:12.350753Z 2269602 INFO  [game] dispatch release_skill seq=2 - GameLogic.cpp:210
20260520 15:54:12.350866Z 2269602 INFO  [release_skill] recv player_id=10001 skill_id=2001 target=(12.5,8) - GameLogic.cpp:74
20260520 15:54:12.350921Z 2269602 INFO  [release_skill] ok player_id=10001 skill_id=2001 cooldown_ms=3000 skill 2001 cast at (12.5,8) - GameLogic.cpp:103
20260520 15:54:12.362303Z 2269600 INFO  TcpServer::HandleCloseInLoop - Remove connection [id#1-fd#41] - TcpServer.cpp:69
20260520 15:54:20.462943Z 2269661 INFO  MetricsDbWriter: inserted metrics row ts=1779263660 - MetricsDbWriter.cpp:131
20260520 15:54:30.415695Z 2269677 INFO  MetricsDbWriter: inserted metrics row ts=1779263670 - MetricsDbWriter.cpp:131
20260520 15:54:40.415762Z 2269699 INFO  MetricsDbWriter: inserted metrics row ts=1779263680 - MetricsDbWriter.cpp:131
20260520 15:54:50.417024Z 2269720 INFO  MetricsDbWriter: inserted metrics row ts=1779263690 - MetricsDbWriter.cpp:131
20260520 15:55:00.413401Z 2269740 INFO  MetricsDbWriter: inserted metrics row ts=1779263700 - MetricsDbWriter.cpp:131
20260520 15:55:10.542666Z 2269792 INFO  MetricsDbWriter: inserted metrics row ts=1779263710 - MetricsDbWriter.cpp:131
20260520 15:55:20.428933Z 2269854 INFO  MetricsDbWriter: inserted metrics row ts=1779263720 - MetricsDbWriter.cpp:131
20260520 15:55:30.423029Z 2269875 INFO  MetricsDbWriter: inserted metrics row ts=1779263730 - MetricsDbWriter.cpp:131
20260520 15:55:40.416558Z 2269903 INFO  MetricsDbWriter: inserted metrics row ts=1779263740 - MetricsDbWriter.cpp:131
20260520 15:55:50.418716Z 2269922 INFO  MetricsDbWriter: inserted metrics row ts=1779263750 - MetricsDbWriter.cpp:131
20260520 15:56:00.416801Z 2269941 INFO  MetricsDbWriter: inserted metrics row ts=1779263760 - MetricsDbWriter.cpp:131
20260520 15:56:10.414369Z 2269961 INFO  MetricsDbWriter: inserted metrics row ts=1779263770 - MetricsDbWriter.cpp:131
20260520 15:56:20.416856Z 2269982 INFO  MetricsDbWriter: inserted metrics row ts=1779263780 - MetricsDbWriter.cpp:131
20260520 15:56:30.416896Z 2269998 INFO  MetricsDbWriter: inserted metrics row ts=1779263790 - MetricsDbWriter.cpp:131
20260520 15:56:40.417695Z 2270020 INFO  MetricsDbWriter: inserted metrics row ts=1779263800 - MetricsDbWriter.cpp:131
20260520 15:56:50.416623Z 2270041 INFO  MetricsDbWriter: inserted metrics row ts=1779263810 - MetricsDbWriter.cpp:131
20260520 15:57:00.417541Z 2270069 INFO  MetricsDbWriter: inserted metrics row ts=1779263820 - MetricsDbWriter.cpp:131
20260520 15:57:00.891535Z 2270071 INFO  mysql pool config loaded from /root/projects/CppWebServer/config/mysql.cnf initSize=3 maxSize=32 - ConnectionPool.cpp:67
20260520 15:57:01.097261Z 2270071 INFO  MetricsDbWriter: flush to MySQL every 10s - MetricsDbWriter.cpp:59
20260520 15:57:01.098563Z 2270071 INFO  SessionStore: Redis ok 127.0.0.1:6379 default_ttl_sec=7200 - SessionStore.cpp:103
20260520 15:57:01.098689Z 2270071 INFO  HttpServer Listening on [ 0.0.0.0:8080 ] - HttpServer.cpp:35
20260520 15:57:01.098756Z 2270071 INFO  Game protobuf TCP 8081 (HTTP 8080) - http_server.cpp:569
20260520 15:57:01.098943Z 2270105 INFO  GameTcpGateway ready on 0.0.0.0:8081 (length-prefix + protobuf) - GameTcpGateway.cpp:48
20260520 15:57:01.121003Z 2270109 INFO  MetricsDbWriter: table webserver_metrics ready - MetricsDbWriter.cpp:96
20260520 15:57:01.135369Z 2270109 INFO  MetricsDbWriter: inserted metrics row ts=1779263821 - MetricsDbWriter.cpp:131
20260520 15:57:05.762936Z 2270071 INFO  HttpServer::OnNewConnection : Add connection [ fd#29-id#1 ] from 127.0.0.1:36606 - HttpServer.cpp:49
20260520 15:57:05.770229Z 2270106 INFO  HttpServer::onMessage - Request URL : /metrics from TcpConnection[ fd#29-id#1 ] - HttpServer.cpp:89
20260520 15:57:09.790746Z 2270107 INFO  [game] dispatch consume_item seq=1 - GameLogic.cpp:202
20260520 15:57:09.791216Z 2270107 INFO  [consume_item] recv player_id=10001 item_id=1001 count=1 - GameLogic.cpp:37
20260520 15:57:09.791253Z 2270107 INFO  [consume_item] ok player_id=10001 item_id=1001 remain=9 - GameLogic.cpp:68
20260520 15:57:09.791437Z 2270107 INFO  [game] dispatch release_skill seq=2 - GameLogic.cpp:210
20260520 15:57:09.791761Z 2270107 INFO  [release_skill] recv player_id=10001 skill_id=2001 target=(12.5,8) - GameLogic.cpp:74
20260520 15:57:09.791813Z 2270107 INFO  [release_skill] ok player_id=10001 skill_id=2001 cooldown_ms=3000 skill 2001 cast at (12.5,8) - GameLogic.cpp:103
20260520 15:57:09.793004Z 2270105 INFO  TcpServer::HandleCloseInLoop - Remove connection [id#1-fd#30] - TcpServer.cpp:69
20260520 15:57:10.429261Z 2270198 INFO  MetricsDbWriter: inserted metrics row ts=1779263830 - MetricsDbWriter.cpp:131
20260520 15:57:10.765517Z 2270106 INFO  HttpServer::onMessage - Request URL : /metrics from TcpConnection[ fd#29-id#1 ] - HttpServer.cpp:89
20260520 15:57:11.139600Z 2270222 INFO  MetricsDbWriter: inserted metrics row ts=1779263831 - MetricsDbWriter.cpp:131
20260520 15:57:15.762320Z 2270106 INFO  HttpServer::onMessage - Request URL : /metrics from TcpConnection[ fd#29-id#1 ] - HttpServer.cpp:89
20260520 15:57:20.762603Z 2270106 INFO  HttpServer::onMessage - Request URL : /metrics from TcpConnection[ fd#29-id#1 ] - HttpServer.cpp:89
20260520 15:57:21.118546Z 2270316 INFO  MetricsDbWriter: inserted metrics row ts=1779263841 - MetricsDbWriter.cpp:131
20260520 15:57:20.420718Z 2270305 INFO  MetricsDbWriter: inserted metrics row ts=1779263840 - MetricsDbWriter.cpp:131
20260520 15:57:25.761039Z 2270106 INFO  HttpServer::onMessage - Request URL : /metrics from TcpConnection[ fd#29-id#1 ] - HttpServer.cpp:89
20260520 15:57:30.421448Z 2270359 INFO  MetricsDbWriter: inserted metrics row ts=1779263850 - MetricsDbWriter.cpp:131
20260520 15:57:30.762050Z 2270106 INFO  HttpServer::onMessage - Request URL : /metrics from TcpConnection[ fd#29-id#1 ] - HttpServer.cpp:89
20260520 15:57:31.113954Z 2270367 INFO  MetricsDbWriter: inserted metrics row ts=1779263851 - MetricsDbWriter.cpp:131
20260520 15:57:35.760311Z 2270106 INFO  HttpServer::onMessage - Request URL : /metrics from TcpConnection[ fd#29-id#1 ] - HttpServer.cpp:89
20260520 15:57:39.507638Z 2270071 INFO  HttpServer::OnNewConnection : Add connection [ fd#30-id#2 ] from 58.247.150.86:16348 - HttpServer.cpp:49
20260520 15:57:39.508054Z 2270108 INFO  HttpServer::onMessage - Request URL : /api/health from TcpConnection[ fd#30-id#2 ] - HttpServer.cpp:89
20260520 15:57:39.510605Z 2270071 INFO  HttpServer::OnNewConnection : Add connection [ fd#31-id#3 ] from 58.247.150.86:16349 - HttpServer.cpp:49
20260520 15:57:39.510827Z 2270106 INFO  HttpServer::onMessage - Request URL : /api/stats from TcpConnection[ fd#31-id#3 ] - HttpServer.cpp:89
20260520 15:57:39.512835Z 2270071 INFO  HttpServer::OnNewConnection : Add connection [ fd#32-id#4 ] from 58.247.150.86:16347 - HttpServer.cpp:49
20260520 15:57:39.513583Z 2270108 INFO  HttpServer::onMessage - Request URL : /api/prometheus/query_range from TcpConnection[ fd#32-id#4 ] - HttpServer.cpp:89
20260520 15:57:39.526532Z 2270108 INFO  HttpServer::onMessage - Request URL : /api/game/status from TcpConnection[ fd#30-id#2 ] - HttpServer.cpp:89
20260520 15:57:39.546836Z 2270108 INFO  HttpServer::onMessage - Request URL : /api/redis/status from TcpConnection[ fd#32-id#4 ] - HttpServer.cpp:89
20260520 15:57:39.553391Z 2270108 INFO  HttpServer::onMessage - Request URL : /api/prometheus/query_range from TcpConnection[ fd#30-id#2 ] - HttpServer.cpp:89
20260520 15:57:39.833146Z 2270108 INFO  HttpServer::onMessage - Request URL : /api/db/ping from TcpConnection[ fd#30-id#2 ] - HttpServer.cpp:89
20260520 15:57:39.835074Z 2270108 INFO  HttpServer::onMessage - Request URL : /api/prometheus/query_range from TcpConnection[ fd#32-id#4 ] - HttpServer.cpp:89
20260520 15:57:39.862079Z 2270108 INFO  HttpServer::onMessage - Request URL : /api/prometheus/query_range from TcpConnection[ fd#32-id#4 ] - HttpServer.cpp:89
20260520 15:57:39.889336Z 2270108 INFO  HttpServer::onMessage - Request URL : /api/prometheus/query_range from TcpConnection[ fd#32-id#4 ] - HttpServer.cpp:89
20260520 15:57:40.421622Z 2270414 INFO  MetricsDbWriter: inserted metrics row ts=1779263860 - MetricsDbWriter.cpp:131
20260520 15:57:39.917573Z 2270108 INFO  HttpServer::onMessage - Request URL : /api/prometheus/query_range from TcpConnection[ fd#32-id#4 ] - HttpServer.cpp:89
20260520 15:57:39.948838Z 2270108 INFO  HttpServer::onMessage - Request URL : /api/prometheus/query_range from TcpConnection[ fd#32-id#4 ] - HttpServer.cpp:89
20260520 15:57:40.761365Z 2270106 INFO  HttpServer::onMessage - Request URL : /metrics from TcpConnection[ fd#29-id#1 ] - HttpServer.cpp:89
20260520 15:57:41.111589Z 2270422 INFO  MetricsDbWriter: inserted metrics row ts=1779263861 - MetricsDbWriter.cpp:131
20260520 15:57:45.763636Z 2270106 INFO  HttpServer::onMessage - Request URL : /metrics from TcpConnection[ fd#29-id#1 ] - HttpServer.cpp:89
20260520 15:57:50.762863Z 2270106 INFO  HttpServer::onMessage - Request URL : /metrics from TcpConnection[ fd#29-id#1 ] - HttpServer.cpp:89
20260520 15:57:51.111945Z 2270477 INFO  MetricsDbWriter: inserted metrics row ts=1779263871 - MetricsDbWriter.cpp:131
20260520 15:57:50.421219Z 2270466 INFO  MetricsDbWriter: inserted metrics row ts=1779263870 - MetricsDbWriter.cpp:131
20260520 15:57:55.762802Z 2270106 INFO  HttpServer::onMessage - Request URL : /metrics from TcpConnection[ fd#29-id#1 ] - HttpServer.cpp:89
20260520 15:58:00.420601Z 2270520 INFO  MetricsDbWriter: inserted metrics row ts=1779263880 - MetricsDbWriter.cpp:131
20260520 15:58:00.763728Z 2270106 INFO  HttpServer::onMessage - Request URL : /metrics from TcpConnection[ fd#29-id#1 ] - HttpServer.cpp:89
20260520 15:58:01.110651Z 2270531 INFO  MetricsDbWriter: inserted metrics row ts=1779263881 - MetricsDbWriter.cpp:131
20260520 15:58:10.422352Z 2270588 INFO  MetricsDbWriter: inserted metrics row ts=1779263890 - MetricsDbWriter.cpp:131
20260520 15:58:05.762437Z 2270106 INFO  HttpServer::onMessage - Request URL : /metrics from TcpConnection[ fd#29-id#1 ] - HttpServer.cpp:89
20260520 15:58:10.761877Z 2270106 INFO  HttpServer::onMessage - Request URL : /metrics from TcpConnection[ fd#29-id#1 ] - HttpServer.cpp:89
20260520 15:58:11.113173Z 2270597 INFO  MetricsDbWriter: inserted metrics row ts=1779263891 - MetricsDbWriter.cpp:131
20260520 15:58:15.763478Z 2270106 INFO  HttpServer::onMessage - Request URL : /metrics from TcpConnection[ fd#29-id#1 ] - HttpServer.cpp:89
20260520 15:58:20.762316Z 2270106 INFO  HttpServer::onMessage - Request URL : /metrics from TcpConnection[ fd#29-id#1 ] - HttpServer.cpp:89
20260520 15:58:21.113252Z 2270656 INFO  MetricsDbWriter: inserted metrics row ts=1779263901 - MetricsDbWriter.cpp:131
20260520 15:58:20.420167Z 2270646 INFO  MetricsDbWriter: inserted metrics row ts=1779263900 - MetricsDbWriter.cpp:131
20260520 15:58:25.763270Z 2270106 INFO  HttpServer::onMessage - Request URL : /metrics from TcpConnection[ fd#29-id#1 ] - HttpServer.cpp:89
20260520 15:58:30.425774Z 2270703 INFO  MetricsDbWriter: inserted metrics row ts=1779263910 - MetricsDbWriter.cpp:131
20260520 15:58:30.760781Z 2270106 INFO  HttpServer::onMessage - Request URL : /metrics from TcpConnection[ fd#29-id#1 ] - HttpServer.cpp:89
20260520 15:58:31.112430Z 2270711 INFO  MetricsDbWriter: inserted metrics row ts=1779263911 - MetricsDbWriter.cpp:131
20260520 15:58:35.760672Z 2270106 INFO  HttpServer::onMessage - Request URL : /metrics from TcpConnection[ fd#29-id#1 ] - HttpServer.cpp:89
20260520 15:58:39.502577Z 2270106 INFO  HttpServer::onMessage - Request URL : /api/stats from TcpConnection[ fd#31-id#3 ] - HttpServer.cpp:89
20260520 15:58:39.502829Z 2270108 INFO  HttpServer::onMessage - Request URL : /api/prometheus/query_range from TcpConnection[ fd#30-id#2 ] - HttpServer.cpp:89
20260520 15:58:39.505542Z 2270108 INFO  HttpServer::onMessage - Request URL : /api/health from TcpConnection[ fd#32-id#4 ] - HttpServer.cpp:89
20260520 15:58:39.533391Z 2270108 INFO  HttpServer::onMessage - Request URL : /api/prometheus/query_range from TcpConnection[ fd#32-id#4 ] - HttpServer.cpp:89
20260520 15:58:39.544599Z 2270106 INFO  HttpServer::onMessage - Request URL : /api/game/status from TcpConnection[ fd#31-id#3 ] - HttpServer.cpp:89
20260520 15:58:39.558379Z 2270108 INFO  HttpServer::onMessage - Request URL : /api/prometheus/query_range from TcpConnection[ fd#32-id#4 ] - HttpServer.cpp:89
20260520 15:58:39.832722Z 2270106 INFO  HttpServer::onMessage - Request URL : /api/redis/status from TcpConnection[ fd#31-id#3 ] - HttpServer.cpp:89
20260520 15:58:39.847196Z 2270108 INFO  HttpServer::onMessage - Request URL : /api/prometheus/query_range from TcpConnection[ fd#32-id#4 ] - HttpServer.cpp:89
20260520 15:58:39.850177Z 2270106 INFO  HttpServer::onMessage - Request URL : /api/db/ping from TcpConnection[ fd#31-id#3 ] - HttpServer.cpp:89
20260520 15:58:39.873484Z 2270106 INFO  HttpServer::onMessage - Request URL : /api/prometheus/query_range from TcpConnection[ fd#31-id#3 ] - HttpServer.cpp:89
20260520 15:58:40.422163Z 2270755 INFO  MetricsDbWriter: inserted metrics row ts=1779263920 - MetricsDbWriter.cpp:131
20260520 15:58:40.168085Z 2270106 INFO  HttpServer::onMessage - Request URL : /api/prometheus/query_range from TcpConnection[ fd#31-id#3 ] - HttpServer.cpp:89
20260520 15:58:40.195558Z 2270106 INFO  HttpServer::onMessage - Request URL : /api/prometheus/query_range from TcpConnection[ fd#31-id#3 ] - HttpServer.cpp:89
20260520 15:58:40.760142Z 2270106 INFO  HttpServer::onMessage - Request URL : /metrics from TcpConnection[ fd#29-id#1 ] - HttpServer.cpp:89
20260520 15:58:41.113405Z 2270767 INFO  MetricsDbWriter: inserted metrics row ts=1779263921 - MetricsDbWriter.cpp:131
20260520 15:58:44.624258Z 2270071 INFO  TcpServer::HandleCloseInLoop - Remove connection [id#3-fd#31] - TcpServer.cpp:69
20260520 15:58:44.624715Z 2270071 INFO  TcpServer::HandleCloseInLoop - Remove connection [id#2-fd#30] - TcpServer.cpp:69
20260520 15:58:44.627426Z 2270071 INFO  TcpServer::HandleCloseInLoop - Remove connection [id#4-fd#32] - TcpServer.cpp:69
20260520 15:58:45.763504Z 2270106 INFO  HttpServer::onMessage - Request URL : /metrics from TcpConnection[ fd#29-id#1 ] - HttpServer.cpp:89
20260520 15:58:50.763221Z 2270106 INFO  HttpServer::onMessage - Request URL : /metrics from TcpConnection[ fd#29-id#1 ] - HttpServer.cpp:89
20260520 15:58:51.113085Z 2270819 INFO  MetricsDbWriter: inserted metrics row ts=1779263931 - MetricsDbWriter.cpp:131
20260520 15:58:50.422584Z 2270811 INFO  MetricsDbWriter: inserted metrics row ts=1779263930 - MetricsDbWriter.cpp:131
20260520 15:58:55.762361Z 2270106 INFO  HttpServer::onMessage - Request URL : /metrics from TcpConnection[ fd#29-id#1 ] - HttpServer.cpp:89
20260520 15:59:00.422610Z 2270865 INFO  MetricsDbWriter: inserted metrics row ts=1779263940 - MetricsDbWriter.cpp:131
20260520 15:59:00.763154Z 2270106 INFO  HttpServer::onMessage - Request URL : /metrics from TcpConnection[ fd#29-id#1 ] - HttpServer.cpp:89
20260520 15:59:01.111743Z 2270873 INFO  MetricsDbWriter: inserted metrics row ts=1779263941 - MetricsDbWriter.cpp:131
20260520 15:59:10.421788Z 2270917 INFO  MetricsDbWriter: inserted metrics row ts=1779263950 - MetricsDbWriter.cpp:131
20260520 15:59:05.762169Z 2270106 INFO  HttpServer::onMessage - Request URL : /metrics from TcpConnection[ fd#29-id#1 ] - HttpServer.cpp:89
20260520 15:59:10.762891Z 2270106 INFO  HttpServer::onMessage - Request URL : /metrics from TcpConnection[ fd#29-id#1 ] - HttpServer.cpp:89
20260520 15:59:11.114892Z 2270928 INFO  MetricsDbWriter: inserted metrics row ts=1779263951 - MetricsDbWriter.cpp:131
20260520 15:59:15.762692Z 2270106 INFO  HttpServer::onMessage - Request URL : /metrics from TcpConnection[ fd#29-id#1 ] - HttpServer.cpp:89
20260520 15:59:20.762739Z 2270106 INFO  HttpServer::onMessage - Request URL : /metrics from TcpConnection[ fd#29-id#1 ] - HttpServer.cpp:89
20260520 15:59:21.115377Z 2270984 INFO  MetricsDbWriter: inserted metrics row ts=1779263961 - MetricsDbWriter.cpp:131
20260520 15:59:20.422370Z 2270973 INFO  MetricsDbWriter: inserted metrics row ts=1779263960 - MetricsDbWriter.cpp:131
20260520 15:59:25.760257Z 2270106 INFO  HttpServer::onMessage - Request URL : /metrics from TcpConnection[ fd#29-id#1 ] - HttpServer.cpp:89
20260520 15:59:27.497599Z 2270071 INFO  HttpServer::OnNewConnection : Add connection [ fd#30-id#5 ] from 185.226.93.120:53130 - HttpServer.cpp:49
20260520 15:59:27.513887Z 2270106 INFO  HttpServer::onMessage - Request URL : /login from TcpConnection[ fd#30-id#5 ] - HttpServer.cpp:89
20260520 15:59:27.514083Z 2270071 INFO  TcpServer::HandleCloseInLoop - Remove connection [id#5-fd#30] - TcpServer.cpp:69
20260520 15:59:30.422793Z 2271027 INFO  MetricsDbWriter: inserted metrics row ts=1779263970 - MetricsDbWriter.cpp:131
20260520 15:59:30.762827Z 2270106 INFO  HttpServer::onMessage - Request URL : /metrics from TcpConnection[ fd#29-id#1 ] - HttpServer.cpp:89
20260520 15:59:31.111843Z 2271035 INFO  MetricsDbWriter: inserted metrics row ts=1779263971 - MetricsDbWriter.cpp:131
20260520 15:59:35.760597Z 2270106 INFO  HttpServer::onMessage - Request URL : /metrics from TcpConnection[ fd#29-id#1 ] - HttpServer.cpp:89
20260520 15:59:39.278164Z 2270071 INFO  HttpServer::OnNewConnection : Add connection [ fd#30-id#6 ] from 58.247.150.86:16491 - HttpServer.cpp:49
20260520 15:59:39.278918Z 2270108 INFO  HttpServer::onMessage - Request URL : /api/health from TcpConnection[ fd#30-id#6 ] - HttpServer.cpp:89
20260520 15:59:39.278992Z 2270071 INFO  HttpServer::OnNewConnection : Add connection [ fd#31-id#7 ] from 58.247.150.86:16490 - HttpServer.cpp:49
20260520 15:59:39.279209Z 2270106 INFO  HttpServer::onMessage - Request URL : /api/prometheus/query_range from TcpConnection[ fd#31-id#7 ] - HttpServer.cpp:89
20260520 15:59:39.282292Z 2270071 INFO  HttpServer::OnNewConnection : Add connection [ fd#32-id#8 ] from 58.247.150.86:16492 - HttpServer.cpp:49
20260520 15:59:39.282328Z 2270108 INFO  HttpServer::onMessage - Request URL : /api/stats from TcpConnection[ fd#32-id#8 ] - HttpServer.cpp:89
20260520 15:59:39.297937Z 2270106 INFO  HttpServer::onMessage - Request URL : /api/game/status from TcpConnection[ fd#31-id#7 ] - HttpServer.cpp:89
20260520 15:59:39.305896Z 2270108 INFO  HttpServer::onMessage - Request URL : /api/prometheus/query_range from TcpConnection[ fd#30-id#6 ] - HttpServer.cpp:89
20260520 15:59:39.326637Z 2270108 INFO  HttpServer::onMessage - Request URL : /api/redis/status from TcpConnection[ fd#30-id#6 ] - HttpServer.cpp:89
20260520 15:59:39.333571Z 2270106 INFO  HttpServer::onMessage - Request URL : /api/prometheus/query_range from TcpConnection[ fd#31-id#7 ] - HttpServer.cpp:89
20260520 15:59:39.343668Z 2270108 INFO  HttpServer::onMessage - Request URL : /api/db/ping from TcpConnection[ fd#30-id#6 ] - HttpServer.cpp:89
20260520 15:59:39.366149Z 2270108 INFO  HttpServer::onMessage - Request URL : /api/prometheus/query_range from TcpConnection[ fd#30-id#6 ] - HttpServer.cpp:89
20260520 15:59:39.388130Z 2270108 INFO  HttpServer::onMessage - Request URL : /api/prometheus/query_range from TcpConnection[ fd#30-id#6 ] - HttpServer.cpp:89
20260520 15:59:39.412403Z 2270108 INFO  HttpServer::onMessage - Request URL : /api/prometheus/query_range from TcpConnection[ fd#30-id#6 ] - HttpServer.cpp:89
20260520 15:59:39.434856Z 2270108 INFO  HttpServer::onMessage - Request URL : /api/prometheus/query_range from TcpConnection[ fd#30-id#6 ] - HttpServer.cpp:89
20260520 15:59:40.421580Z 2271082 INFO  MetricsDbWriter: inserted metrics row ts=1779263980 - MetricsDbWriter.cpp:131
20260520 15:59:40.760315Z 2270106 INFO  HttpServer::onMessage - Request URL : /metrics from TcpConnection[ fd#29-id#1 ] - HttpServer.cpp:89
20260520 15:59:41.114146Z 2271090 INFO  MetricsDbWriter: inserted metrics row ts=1779263981 - MetricsDbWriter.cpp:131
20260520 15:59:45.763489Z 2270106 INFO  HttpServer::onMessage - Request URL : /metrics from TcpConnection[ fd#29-id#1 ] - HttpServer.cpp:89
20260520 15:59:50.763673Z 2270106 INFO  HttpServer::onMessage - Request URL : /metrics from TcpConnection[ fd#29-id#1 ] - HttpServer.cpp:89
20260520 15:59:51.112212Z 2271145 INFO  MetricsDbWriter: inserted metrics row ts=1779263991 - MetricsDbWriter.cpp:131
20260520 15:59:50.425828Z 2271137 INFO  MetricsDbWriter: inserted metrics row ts=1779263990 - MetricsDbWriter.cpp:131
20260520 15:59:55.763976Z 2270106 INFO  HttpServer::onMessage - Request URL : /metrics from TcpConnection[ fd#29-id#1 ] - HttpServer.cpp:89
20260520 16:00:00.421677Z 2271188 INFO  MetricsDbWriter: inserted metrics row ts=1779264000 - MetricsDbWriter.cpp:131
20260520 16:00:00.763471Z 2270106 INFO  HttpServer::onMessage - Request URL : /metrics from TcpConnection[ fd#29-id#1 ] - HttpServer.cpp:89
20260520 16:00:01.115367Z 2271199 INFO  MetricsDbWriter: inserted metrics row ts=1779264001 - MetricsDbWriter.cpp:131
20260520 16:00:10.423254Z 2271244 INFO  MetricsDbWriter: inserted metrics row ts=1779264010 - MetricsDbWriter.cpp:131
20260520 16:00:05.761675Z 2270106 INFO  HttpServer::onMessage - Request URL : /metrics from TcpConnection[ fd#29-id#1 ] - HttpServer.cpp:89
20260520 16:00:10.762868Z 2270106 INFO  HttpServer::onMessage - Request URL : /metrics from TcpConnection[ fd#29-id#1 ] - HttpServer.cpp:89
20260520 16:00:11.114307Z 2271253 INFO  MetricsDbWriter: inserted metrics row ts=1779264011 - MetricsDbWriter.cpp:131
20260520 16:00:15.761259Z 2270106 INFO  HttpServer::onMessage - Request URL : /metrics from TcpConnection[ fd#29-id#1 ] - HttpServer.cpp:89
20260520 16:00:20.763179Z 2270106 INFO  HttpServer::onMessage - Request URL : /metrics from TcpConnection[ fd#29-id#1 ] - HttpServer.cpp:89
20260520 16:00:21.113605Z 2271309 INFO  MetricsDbWriter: inserted metrics row ts=1779264021 - MetricsDbWriter.cpp:131
20260520 16:00:20.422786Z 2271301 INFO  MetricsDbWriter: inserted metrics row ts=1779264020 - MetricsDbWriter.cpp:131
20260520 16:00:25.760573Z 2270106 INFO  HttpServer::onMessage - Request URL : /metrics from TcpConnection[ fd#29-id#1 ] - HttpServer.cpp:89
20260520 16:00:30.425684Z 2271357 INFO  MetricsDbWriter: inserted metrics row ts=1779264030 - MetricsDbWriter.cpp:131
20260520 16:00:30.763387Z 2270106 INFO  HttpServer::onMessage - Request URL : /metrics from TcpConnection[ fd#29-id#1 ] - HttpServer.cpp:89
20260520 16:00:31.114188Z 2271365 INFO  MetricsDbWriter: inserted metrics row ts=1779264031 - MetricsDbWriter.cpp:131
20260520 16:00:34.649568Z 2270107 INFO  [game] dispatch consume_item seq=1 - GameLogic.cpp:202
20260520 16:00:34.649809Z 2270107 INFO  [consume_item] recv player_id=10001 item_id=1001 count=1 - GameLogic.cpp:37
20260520 16:00:34.649832Z 2270107 INFO  [consume_item] ok player_id=10001 item_id=1001 remain=8 - GameLogic.cpp:68
20260520 16:00:34.650262Z 2270107 INFO  [game] dispatch release_skill seq=2 - GameLogic.cpp:210
20260520 16:00:34.650692Z 2270107 INFO  [release_skill] recv player_id=10001 skill_id=2001 target=(12.5,8) - GameLogic.cpp:74
20260520 16:00:34.650740Z 2270107 INFO  [release_skill] ok player_id=10001 skill_id=2001 cooldown_ms=3000 skill 2001 cast at (12.5,8) - GameLogic.cpp:103
20260520 16:00:34.654015Z 2270105 INFO  TcpServer::HandleCloseInLoop - Remove connection [id#2-fd#33] - TcpServer.cpp:69
20260520 16:00:35.762100Z 2270106 INFO  HttpServer::onMessage - Request URL : /metrics from TcpConnection[ fd#29-id#1 ] - HttpServer.cpp:89
20260520 16:00:39.304047Z 2270108 INFO  HttpServer::onMessage - Request URL : /api/health from TcpConnection[ fd#30-id#6 ] - HttpServer.cpp:89
20260520 16:00:39.305350Z 2270108 INFO  HttpServer::onMessage - Request URL : /api/stats from TcpConnection[ fd#32-id#8 ] - HttpServer.cpp:89
20260520 16:00:39.305362Z 2270106 INFO  HttpServer::onMessage - Request URL : /api/prometheus/query_range from TcpConnection[ fd#31-id#7 ] - HttpServer.cpp:89
20260520 16:00:39.320015Z 2270108 INFO  HttpServer::onMessage - Request URL : /api/game/status from TcpConnection[ fd#30-id#6 ] - HttpServer.cpp:89
20260520 16:00:39.336634Z 2270108 INFO  HttpServer::onMessage - Request URL : /api/prometheus/query_range from TcpConnection[ fd#32-id#8 ] - HttpServer.cpp:89
20260520 16:00:39.355458Z 2270108 INFO  HttpServer::onMessage - Request URL : /api/redis/status from TcpConnection[ fd#32-id#8 ] - HttpServer.cpp:89
20260520 16:00:39.629783Z 2270108 INFO  HttpServer::onMessage - Request URL : /api/prometheus/query_range from TcpConnection[ fd#30-id#6 ] - HttpServer.cpp:89
20260520 16:00:39.633848Z 2270108 INFO  HttpServer::onMessage - Request URL : /api/db/ping from TcpConnection[ fd#32-id#8 ] - HttpServer.cpp:89
20260520 16:00:39.659134Z 2270108 INFO  HttpServer::onMessage - Request URL : /api/prometheus/query_range from TcpConnection[ fd#32-id#8 ] - HttpServer.cpp:89
20260520 16:00:39.952623Z 2270108 INFO  HttpServer::onMessage - Request URL : /api/prometheus/query_range from TcpConnection[ fd#32-id#8 ] - HttpServer.cpp:89
20260520 16:00:40.423419Z 2271486 INFO  MetricsDbWriter: inserted metrics row ts=1779264040 - MetricsDbWriter.cpp:131
20260520 16:00:39.980119Z 2270108 INFO  HttpServer::onMessage - Request URL : /api/prometheus/query_range from TcpConnection[ fd#32-id#8 ] - HttpServer.cpp:89
20260520 16:00:40.005855Z 2270108 INFO  HttpServer::onMessage - Request URL : /api/prometheus/query_range from TcpConnection[ fd#32-id#8 ] - HttpServer.cpp:89
20260520 16:00:40.760111Z 2270106 INFO  HttpServer::onMessage - Request URL : /metrics from TcpConnection[ fd#29-id#1 ] - HttpServer.cpp:89
20260520 16:00:41.113991Z 2271497 INFO  MetricsDbWriter: inserted metrics row ts=1779264041 - MetricsDbWriter.cpp:131
20260520 16:00:45.760373Z 2270106 INFO  HttpServer::onMessage - Request URL : /metrics from TcpConnection[ fd#29-id#1 ] - HttpServer.cpp:89
20260520 16:00:50.763184Z 2270106 INFO  HttpServer::onMessage - Request URL : /metrics from TcpConnection[ fd#29-id#1 ] - HttpServer.cpp:89
20260520 16:00:50.966055Z 2270071 INFO  TcpServer::HandleCloseInLoop - Remove connection [id#6-fd#30] - TcpServer.cpp:69
20260520 16:00:50.966096Z 2270071 INFO  TcpServer::HandleCloseInLoop - Remove connection [id#7-fd#31] - TcpServer.cpp:69
20260520 16:00:50.966105Z 2270071 INFO  TcpServer::HandleCloseInLoop - Remove connection [id#8-fd#32] - TcpServer.cpp:69
20260520 16:00:51.111637Z 2271549 INFO  MetricsDbWriter: inserted metrics row ts=1779264051 - MetricsDbWriter.cpp:131
20260520 16:00:50.424795Z 2271541 INFO  MetricsDbWriter: inserted metrics row ts=1779264050 - MetricsDbWriter.cpp:131
20260520 16:00:55.763303Z 2270106 INFO  HttpServer::onMessage - Request URL : /metrics from TcpConnection[ fd#29-id#1 ] - HttpServer.cpp:89
20260520 16:01:00.423088Z 2271595 INFO  MetricsDbWriter: inserted metrics row ts=1779264060 - MetricsDbWriter.cpp:131
20260520 16:01:00.763568Z 2270106 INFO  HttpServer::onMessage - Request URL : /metrics from TcpConnection[ fd#29-id#1 ] - HttpServer.cpp:89
20260520 16:01:01.114849Z 2271603 INFO  MetricsDbWriter: inserted metrics row ts=1779264061 - MetricsDbWriter.cpp:131
20260520 16:01:10.423074Z 2271661 INFO  MetricsDbWriter: inserted metrics row ts=1779264070 - MetricsDbWriter.cpp:131
20260520 16:01:05.760587Z 2270106 INFO  HttpServer::onMessage - Request URL : /metrics from TcpConnection[ fd#29-id#1 ] - HttpServer.cpp:89
20260520 16:01:10.762185Z 2270106 INFO  HttpServer::onMessage - Request URL : /metrics from TcpConnection[ fd#29-id#1 ] - HttpServer.cpp:89
20260520 16:01:11.114657Z 2271669 INFO  MetricsDbWriter: inserted metrics row ts=1779264071 - MetricsDbWriter.cpp:131
20260520 16:01:15.760857Z 2270106 INFO  HttpServer::onMessage - Request URL : /metrics from TcpConnection[ fd#29-id#1 ] - HttpServer.cpp:89
20260520 16:01:20.762614Z 2270106 INFO  HttpServer::onMessage - Request URL : /metrics from TcpConnection[ fd#29-id#1 ] - HttpServer.cpp:89
20260520 16:01:21.113385Z 2271725 INFO  MetricsDbWriter: inserted metrics row ts=1779264081 - MetricsDbWriter.cpp:131
20260520 16:01:20.422009Z 2271714 INFO  MetricsDbWriter: inserted metrics row ts=1779264080 - MetricsDbWriter.cpp:131
20260520 16:01:25.762802Z 2270106 INFO  HttpServer::onMessage - Request URL : /metrics from TcpConnection[ fd#29-id#1 ] - HttpServer.cpp:89
20260520 16:01:30.423021Z 2271768 INFO  MetricsDbWriter: inserted metrics row ts=1779264090 - MetricsDbWriter.cpp:131
20260520 16:01:30.760414Z 2270106 INFO  HttpServer::onMessage - Request URL : /metrics from TcpConnection[ fd#29-id#1 ] - HttpServer.cpp:89
20260520 16:01:31.114122Z 2271776 INFO  MetricsDbWriter: inserted metrics row ts=1779264091 - MetricsDbWriter.cpp:131
20260520 16:01:35.761848Z 2270106 INFO  HttpServer::onMessage - Request URL : /metrics from TcpConnection[ fd#29-id#1 ] - HttpServer.cpp:89
20260520 16:01:39.286499Z 2270071 INFO  HttpServer::OnNewConnection : Add connection [ fd#30-id#9 ] from 58.247.150.86:16700 - HttpServer.cpp:49
20260520 16:01:39.286702Z 2270106 INFO  HttpServer::onMessage - Request URL : /api/health from TcpConnection[ fd#30-id#9 ] - HttpServer.cpp:89
20260520 16:01:39.287277Z 2270071 INFO  HttpServer::OnNewConnection : Add connection [ fd#31-id#10 ] from 58.247.150.86:16698 - HttpServer.cpp:49
20260520 16:01:39.291019Z 2270108 INFO  HttpServer::onMessage - Request URL : /api/prometheus/query_range from TcpConnection[ fd#31-id#10 ] - HttpServer.cpp:89
20260520 16:01:39.291440Z 2270071 INFO  HttpServer::OnNewConnection : Add connection [ fd#33-id#11 ] from 58.247.150.86:16699 - HttpServer.cpp:49
20260520 16:01:39.294586Z 2270106 INFO  HttpServer::onMessage - Request URL : /api/stats from TcpConnection[ fd#33-id#11 ] - HttpServer.cpp:89
20260520 16:01:39.310196Z 2270106 INFO  HttpServer::onMessage - Request URL : /api/game/status from TcpConnection[ fd#30-id#9 ] - HttpServer.cpp:89
20260520 16:01:39.319831Z 2270106 INFO  HttpServer::onMessage - Request URL : /api/prometheus/query_range from TcpConnection[ fd#33-id#11 ] - HttpServer.cpp:89
20260520 16:01:39.341452Z 2270106 INFO  HttpServer::onMessage - Request URL : /api/redis/status from TcpConnection[ fd#30-id#9 ] - HttpServer.cpp:89
20260520 16:01:39.352067Z 2270106 INFO  HttpServer::onMessage - Request URL : /api/prometheus/query_range from TcpConnection[ fd#33-id#11 ] - HttpServer.cpp:89
20260520 16:01:39.364463Z 2270106 INFO  HttpServer::onMessage - Request URL : /api/db/ping from TcpConnection[ fd#30-id#9 ] - HttpServer.cpp:89
20260520 16:01:39.382213Z 2270106 INFO  HttpServer::onMessage - Request URL : /api/prometheus/query_range from TcpConnection[ fd#30-id#9 ] - HttpServer.cpp:89
20260520 16:01:39.410981Z 2270106 INFO  HttpServer::onMessage - Request URL : /api/prometheus/query_range from TcpConnection[ fd#30-id#9 ] - HttpServer.cpp:89
20260520 16:01:39.439211Z 2270106 INFO  HttpServer::onMessage - Request URL : /api/prometheus/query_range from TcpConnection[ fd#30-id#9 ] - HttpServer.cpp:89
20260520 16:01:39.465689Z 2270106 INFO  HttpServer::onMessage - Request URL : /api/prometheus/query_range from TcpConnection[ fd#30-id#9 ] - HttpServer.cpp:89
20260520 16:01:40.424023Z 2271823 INFO  MetricsDbWriter: inserted metrics row ts=1779264100 - MetricsDbWriter.cpp:131
20260520 16:01:40.760285Z 2270106 INFO  HttpServer::onMessage - Request URL : /metrics from TcpConnection[ fd#29-id#1 ] - HttpServer.cpp:89
20260520 16:01:41.113600Z 2271831 INFO  MetricsDbWriter: inserted metrics row ts=1779264101 - MetricsDbWriter.cpp:131
20260520 16:01:45.761773Z 2270106 INFO  HttpServer::onMessage - Request URL : /metrics from TcpConnection[ fd#29-id#1 ] - HttpServer.cpp:89
20260520 16:01:50.762394Z 2270106 INFO  HttpServer::onMessage - Request URL : /metrics from TcpConnection[ fd#29-id#1 ] - HttpServer.cpp:89
20260520 16:01:51.113922Z 2271887 INFO  MetricsDbWriter: inserted metrics row ts=1779264111 - MetricsDbWriter.cpp:131
20260520 16:01:50.424174Z 2271879 INFO  MetricsDbWriter: inserted metrics row ts=1779264110 - MetricsDbWriter.cpp:131
20260520 16:01:55.763533Z 2270106 INFO  HttpServer::onMessage - Request URL : /metrics from TcpConnection[ fd#29-id#1 ] - HttpServer.cpp:89
20260520 16:02:00.763421Z 2270106 INFO  HttpServer::onMessage - Request URL : /metrics from TcpConnection[ fd#29-id#1 ] - HttpServer.cpp:89
20260520 16:02:00.424271Z 2271946 INFO  MetricsDbWriter: inserted metrics row ts=1779264120 - MetricsDbWriter.cpp:131
20260520 16:02:01.113615Z 2271957 INFO  MetricsDbWriter: inserted metrics row ts=1779264121 - MetricsDbWriter.cpp:131
20260520 16:02:05.761311Z 2270106 INFO  HttpServer::onMessage - Request URL : /metrics from TcpConnection[ fd#29-id#1 ] - HttpServer.cpp:89
20260520 16:02:10.426128Z 2272003 INFO  MetricsDbWriter: inserted metrics row ts=1779264130 - MetricsDbWriter.cpp:131
20260520 16:02:10.763340Z 2270106 INFO  HttpServer::onMessage - Request URL : /metrics from TcpConnection[ fd#29-id#1 ] - HttpServer.cpp:89
20260520 16:02:11.115644Z 2272011 INFO  MetricsDbWriter: inserted metrics row ts=1779264131 - MetricsDbWriter.cpp:131
20260520 16:02:15.764022Z 2270106 INFO  HttpServer::onMessage - Request URL : /metrics from TcpConnection[ fd#29-id#1 ] - HttpServer.cpp:89
20260520 16:02:20.763320Z 2270106 INFO  HttpServer::onMessage - Request URL : /metrics from TcpConnection[ fd#29-id#1 ] - HttpServer.cpp:89
20260520 16:02:21.114073Z 2272067 INFO  MetricsDbWriter: inserted metrics row ts=1779264141 - MetricsDbWriter.cpp:131
20260520 16:02:20.423468Z 2272059 INFO  MetricsDbWriter: inserted metrics row ts=1779264140 - MetricsDbWriter.cpp:131
20260520 16:02:25.763310Z 2270106 INFO  HttpServer::onMessage - Request URL : /metrics from TcpConnection[ fd#29-id#1 ] - HttpServer.cpp:89
20260520 16:02:30.424347Z 2272113 INFO  MetricsDbWriter: inserted metrics row ts=1779264150 - MetricsDbWriter.cpp:131
20260520 16:02:30.764102Z 2270106 INFO  HttpServer::onMessage - Request URL : /metrics from TcpConnection[ fd#29-id#1 ] - HttpServer.cpp:89
20260520 16:02:31.114004Z 2272121 INFO  MetricsDbWriter: inserted metrics row ts=1779264151 - MetricsDbWriter.cpp:131
20260520 16:02:35.761124Z 2270106 INFO  HttpServer::onMessage - Request URL : /metrics from TcpConnection[ fd#29-id#1 ] - HttpServer.cpp:89
20260520 16:02:39.257302Z 2270106 INFO  HttpServer::onMessage - Request URL : /api/health from TcpConnection[ fd#30-id#9 ] - HttpServer.cpp:89
20260520 16:02:39.259658Z 2270106 INFO  HttpServer::onMessage - Request URL : /api/prometheus/query_range from TcpConnection[ fd#33-id#11 ] - HttpServer.cpp:89
20260520 16:02:39.259670Z 2270108 INFO  HttpServer::onMessage - Request URL : /api/stats from TcpConnection[ fd#31-id#10 ] - HttpServer.cpp:89
20260520 16:02:39.274340Z 2270106 INFO  HttpServer::onMessage - Request URL : /api/game/status from TcpConnection[ fd#30-id#9 ] - HttpServer.cpp:89
20260520 16:02:39.311067Z 2270106 INFO  HttpServer::onMessage - Request URL : /api/prometheus/query_range from TcpConnection[ fd#30-id#9 ] - HttpServer.cpp:89
20260520 16:02:39.313381Z 2270106 INFO  HttpServer::onMessage - Request URL : /api/redis/status from TcpConnection[ fd#33-id#11 ] - HttpServer.cpp:89
20260520 16:02:39.340006Z 2270106 INFO  HttpServer::onMessage - Request URL : /api/db/ping from TcpConnection[ fd#30-id#9 ] - HttpServer.cpp:89
20260520 16:02:39.341685Z 2270106 INFO  HttpServer::onMessage - Request URL : /api/prometheus/query_range from TcpConnection[ fd#33-id#11 ] - HttpServer.cpp:89
20260520 16:02:39.371561Z 2270106 INFO  HttpServer::onMessage - Request URL : /api/prometheus/query_range from TcpConnection[ fd#33-id#11 ] - HttpServer.cpp:89
20260520 16:02:39.399085Z 2270106 INFO  HttpServer::onMessage - Request URL : /api/prometheus/query_range from TcpConnection[ fd#33-id#11 ] - HttpServer.cpp:89
20260520 16:02:39.426692Z 2270106 INFO  HttpServer::onMessage - Request URL : /api/prometheus/query_range from TcpConnection[ fd#33-id#11 ] - HttpServer.cpp:89
20260520 16:02:39.453186Z 2270106 INFO  HttpServer::onMessage - Request URL : /api/prometheus/query_range from TcpConnection[ fd#33-id#11 ] - HttpServer.cpp:89
20260520 16:02:40.428091Z 2272165 INFO  MetricsDbWriter: inserted metrics row ts=1779264160 - MetricsDbWriter.cpp:131
20260520 16:02:40.761372Z 2270106 INFO  HttpServer::onMessage - Request URL : /metrics from TcpConnection[ fd#29-id#1 ] - HttpServer.cpp:89
20260520 16:02:41.113750Z 2272176 INFO  MetricsDbWriter: inserted metrics row ts=1779264161 - MetricsDbWriter.cpp:131
20260520 16:02:45.760810Z 2270106 INFO  HttpServer::onMessage - Request URL : /metrics from TcpConnection[ fd#29-id#1 ] - HttpServer.cpp:89
20260520 16:02:50.762850Z 2270106 INFO  HttpServer::onMessage - Request URL : /metrics from TcpConnection[ fd#29-id#1 ] - HttpServer.cpp:89
20260520 16:02:51.120589Z 2272228 INFO  MetricsDbWriter: inserted metrics row ts=1779264171 - MetricsDbWriter.cpp:131
20260520 16:02:51.405151Z 2270071 INFO  TcpServer::HandleCloseInLoop - Remove connection [id#10-fd#31] - TcpServer.cpp:69
20260520 16:02:51.405778Z 2270071 INFO  TcpServer::HandleCloseInLoop - Remove connection [id#9-fd#30] - TcpServer.cpp:69
20260520 16:02:51.407659Z 2270071 INFO  TcpServer::HandleCloseInLoop - Remove connection [id#11-fd#33] - TcpServer.cpp:69
20260520 16:02:50.426043Z 2272220 INFO  MetricsDbWriter: inserted metrics row ts=1779264170 - MetricsDbWriter.cpp:131
20260520 16:02:55.762065Z 2270106 INFO  HttpServer::onMessage - Request URL : /metrics from TcpConnection[ fd#29-id#1 ] - HttpServer.cpp:89
20260520 16:03:00.424995Z 2272274 INFO  MetricsDbWriter: inserted metrics row ts=1779264180 - MetricsDbWriter.cpp:131
20260520 16:03:00.760198Z 2270106 INFO  HttpServer::onMessage - Request URL : /metrics from TcpConnection[ fd#29-id#1 ] - HttpServer.cpp:89
20260520 16:03:01.115790Z 2272282 INFO  MetricsDbWriter: inserted metrics row ts=1779264181 - MetricsDbWriter.cpp:131
20260520 16:03:10.425491Z 2272329 INFO  MetricsDbWriter: inserted metrics row ts=1779264190 - MetricsDbWriter.cpp:131
20260520 16:03:20.425157Z 2272368 INFO  MetricsDbWriter: inserted metrics row ts=1779264200 - MetricsDbWriter.cpp:131
20260520 16:03:30.427132Z 2272389 INFO  MetricsDbWriter: inserted metrics row ts=1779264210 - MetricsDbWriter.cpp:131
20260520 16:03:40.428406Z 2272409 INFO  MetricsDbWriter: inserted metrics row ts=1779264220 - MetricsDbWriter.cpp:131
20260520 16:03:50.428396Z 2272429 INFO  MetricsDbWriter: inserted metrics row ts=1779264230 - MetricsDbWriter.cpp:131
20260520 16:04:00.425343Z 2272445 INFO  MetricsDbWriter: inserted metrics row ts=1779264240 - MetricsDbWriter.cpp:131
20260520 16:04:10.425254Z 2272465 INFO  MetricsDbWriter: inserted metrics row ts=1779264250 - MetricsDbWriter.cpp:131
20260520 16:04:20.427560Z 2272486 INFO  MetricsDbWriter: inserted metrics row ts=1779264260 - MetricsDbWriter.cpp:131
20260520 16:04:30.425676Z 2272508 INFO  MetricsDbWriter: inserted metrics row ts=1779264270 - MetricsDbWriter.cpp:131
20260520 16:04:40.426029Z 2272526 INFO  MetricsDbWriter: inserted metrics row ts=1779264280 - MetricsDbWriter.cpp:131
20260520 16:04:50.424634Z 2272546 INFO  MetricsDbWriter: inserted metrics row ts=1779264290 - MetricsDbWriter.cpp:131
20260520 16:05:00.425670Z 2272566 INFO  MetricsDbWriter: inserted metrics row ts=1779264300 - MetricsDbWriter.cpp:131
20260520 16:05:10.427609Z 2272586 INFO  MetricsDbWriter: inserted metrics row ts=1779264310 - MetricsDbWriter.cpp:131
20260520 16:05:20.425298Z 2272609 INFO  MetricsDbWriter: inserted metrics row ts=1779264320 - MetricsDbWriter.cpp:131
20260520 16:05:30.424674Z 2272626 INFO  MetricsDbWriter: inserted metrics row ts=1779264330 - MetricsDbWriter.cpp:131
20260520 16:05:40.425870Z 2272647 INFO  MetricsDbWriter: inserted metrics row ts=1779264340 - MetricsDbWriter.cpp:131
20260520 16:05:50.425802Z 2272668 INFO  MetricsDbWriter: inserted metrics row ts=1779264350 - MetricsDbWriter.cpp:131
20260520 16:06:00.426277Z 2272690 INFO  MetricsDbWriter: inserted metrics row ts=1779264360 - MetricsDbWriter.cpp:131
20260520 16:06:10.426595Z 2272757 INFO  MetricsDbWriter: inserted metrics row ts=1779264370 - MetricsDbWriter.cpp:131
20260520 16:06:20.425910Z 2272779 INFO  MetricsDbWriter: inserted metrics row ts=1779264380 - MetricsDbWriter.cpp:131
20260520 16:06:30.428510Z 2272799 INFO  MetricsDbWriter: inserted metrics row ts=1779264390 - MetricsDbWriter.cpp:131
20260520 16:06:40.427520Z 2272821 INFO  MetricsDbWriter: inserted metrics row ts=1779264400 - MetricsDbWriter.cpp:131
20260520 16:06:51.336654Z 2272885 INFO  MetricsDbWriter: inserted metrics row ts=1779264411 - MetricsDbWriter.cpp:131
20260520 16:07:00.514936Z 2272980 INFO  MetricsDbWriter: inserted metrics row ts=1779264420 - MetricsDbWriter.cpp:131
20260520 16:07:10.487040Z 2273001 INFO  MetricsDbWriter: inserted metrics row ts=1779264430 - MetricsDbWriter.cpp:131
20260520 16:07:27.590748Z 2273068 INFO  mysql pool config loaded from /root/projects/CppWebServer/config/mysql.cnf initSize=3 maxSize=32 - ConnectionPool.cpp:67
20260520 16:07:27.953628Z 2273068 INFO  MetricsDbWriter: flush to MySQL every 10s - MetricsDbWriter.cpp:59
20260520 16:07:28.633186Z 2273068 INFO  PlayerItemStore: table player_item ready - PlayerItemStore.cpp:62
20260520 16:07:28.644559Z 2273068 INFO  SessionStore: Redis ok 127.0.0.1:6379 default_ttl_sec=7200 - SessionStore.cpp:103
20260520 16:07:28.644715Z 2273068 INFO  HttpServer Listening on [ 0.0.0.0:8080 ] - HttpServer.cpp:35
20260520 16:07:28.644810Z 2273068 INFO  Game protobuf TCP 8081 (HTTP 8080) - http_server.cpp:572
20260520 16:07:28.644954Z 2273072 INFO  GameTcpGateway ready on 0.0.0.0:8081 (length-prefix + protobuf) - GameTcpGateway.cpp:48
20260520 16:07:28.663613Z 2273076 INFO  MetricsDbWriter: table webserver_metrics ready - MetricsDbWriter.cpp:96
20260520 16:07:28.678984Z 2273076 INFO  MetricsDbWriter: inserted metrics row ts=1779264448 - MetricsDbWriter.cpp:131
20260520 16:07:30.516158Z 2273074 INFO  [game] dispatch grant_item seq=1 - GameLogic.cpp:287
20260520 16:07:30.516267Z 2273074 INFO  [grant_item] recv player_id=10001 item_id=1002 count=1 - GameLogic.cpp:113
20260520 16:07:30.581811Z 2273074 INFO  [grant_item] ok player_id=10001 item_id=1002 instance_id=1 bag_total=6 - GameLogic.cpp:172
20260520 16:07:30.583013Z 2273072 INFO  TcpServer::HandleCloseInLoop - Remove connection [id#1-fd#41] - TcpServer.cpp:69
20260520 16:07:30.769063Z 2273068 INFO  HttpServer::OnNewConnection : Add connection [ fd#41-id#1 ] from 127.0.0.1:39400 - HttpServer.cpp:49
20260520 16:07:30.790672Z 2273073 INFO  HttpServer::onMessage - Request URL : /metrics from TcpConnection[ fd#41-id#1 ] - HttpServer.cpp:89
20260520 16:07:35.762071Z 2273073 INFO  HttpServer::onMessage - Request URL : /metrics from TcpConnection[ fd#41-id#1 ] - HttpServer.cpp:89
20260520 17:04:34.154917Z 2279461 INFO  mysql pool config loaded from /root/projects/CppWebServer/config/mysql.cnf initSize=3 maxSize=32 - ConnectionPool.cpp:67
20260520 17:04:34.249251Z 2279461 INFO  MetricsDbWriter: flush to MySQL every 10s - MetricsDbWriter.cpp:59
20260520 17:04:34.258002Z 2279461 INFO  PlayerItemStore: table player_item ready - PlayerItemStore.cpp:62
20260520 17:04:34.260125Z 2279461 INFO  SessionStore: Redis ok 127.0.0.1:6379 default_ttl_sec=7200 - SessionStore.cpp:103
20260520 17:04:34.260228Z 2279461 INFO  HttpServer Listening on [ 0.0.0.0:8080 ] - HttpServer.cpp:35
20260520 17:04:34.260289Z 2279461 INFO  Game protobuf TCP 8081 (HTTP 8080) - http_server.cpp:572
20260520 17:04:34.260606Z 2279492 INFO  GameTcpGateway ready on 0.0.0.0:8081 (length-prefix + protobuf) - GameTcpGateway.cpp:48
20260520 17:04:34.265087Z 2279496 INFO  MetricsDbWriter: table webserver_metrics ready - MetricsDbWriter.cpp:96
20260520 17:04:34.273605Z 2279496 INFO  MetricsDbWriter: inserted metrics row ts=1779267874 - MetricsDbWriter.cpp:131
20260520 17:04:35.761701Z 2279461 INFO  HttpServer::OnNewConnection : Add connection [ fd#29-id#1 ] from 127.0.0.1:34576 - HttpServer.cpp:49
20260520 17:04:35.761889Z 2279493 INFO  HttpServer::onMessage - Request URL : /metrics from TcpConnection[ fd#29-id#1 ] - HttpServer.cpp:89
20260520 17:04:40.763255Z 2279493 INFO  HttpServer::onMessage - Request URL : /metrics from TcpConnection[ fd#29-id#1 ] - HttpServer.cpp:89
20260520 17:04:44.274979Z 2279560 INFO  MetricsDbWriter: inserted metrics row ts=1779267884 - MetricsDbWriter.cpp:131
20260520 17:04:45.763397Z 2279493 INFO  HttpServer::onMessage - Request URL : /metrics from TcpConnection[ fd#29-id#1 ] - HttpServer.cpp:89
20260520 17:04:50.763338Z 2279493 INFO  HttpServer::onMessage - Request URL : /metrics from TcpConnection[ fd#29-id#1 ] - HttpServer.cpp:89
20260520 17:04:54.278001Z 2279614 INFO  MetricsDbWriter: inserted metrics row ts=1779267894 - MetricsDbWriter.cpp:131
20260520 17:04:55.764025Z 2279493 INFO  HttpServer::onMessage - Request URL : /metrics from TcpConnection[ fd#29-id#1 ] - HttpServer.cpp:89
20260520 17:05:00.762679Z 2279493 INFO  HttpServer::onMessage - Request URL : /metrics from TcpConnection[ fd#29-id#1 ] - HttpServer.cpp:89
20260520 17:05:04.272462Z 2279754 INFO  MetricsDbWriter: inserted metrics row ts=1779267904 - MetricsDbWriter.cpp:131
20260520 17:05:05.762066Z 2279493 INFO  HttpServer::onMessage - Request URL : /metrics from TcpConnection[ fd#29-id#1 ] - HttpServer.cpp:89
20260520 17:05:10.761621Z 2279493 INFO  HttpServer::onMessage - Request URL : /metrics from TcpConnection[ fd#29-id#1 ] - HttpServer.cpp:89
20260520 17:05:14.278340Z 2279805 INFO  MetricsDbWriter: inserted metrics row ts=1779267914 - MetricsDbWriter.cpp:131
20260520 17:05:15.763073Z 2279493 INFO  HttpServer::onMessage - Request URL : /metrics from TcpConnection[ fd#29-id#1 ] - HttpServer.cpp:89
20260520 17:05:20.365838Z 2279494 INFO  [game] dispatch grant_item seq=1 - GameLogic.cpp:287
20260520 17:05:20.366315Z 2279494 INFO  [grant_item] recv player_id=10001 item_id=1001 count=1 - GameLogic.cpp:113
20260520 17:05:20.373748Z 2279494 INFO  [grant_item] ok player_id=10001 item_id=1001 instance_id=2 bag_total=11 - GameLogic.cpp:172
20260520 17:05:20.377180Z 2279492 INFO  TcpServer::HandleCloseInLoop - Remove connection [id#1-fd#30] - TcpServer.cpp:69
20260520 17:05:20.763549Z 2279493 INFO  HttpServer::onMessage - Request URL : /metrics from TcpConnection[ fd#29-id#1 ] - HttpServer.cpp:89
20260520 17:05:24.275125Z 2279936 INFO  MetricsDbWriter: inserted metrics row ts=1779267924 - MetricsDbWriter.cpp:131
20260520 17:05:25.763346Z 2279493 INFO  HttpServer::onMessage - Request URL : /metrics from TcpConnection[ fd#29-id#1 ] - HttpServer.cpp:89
20260520 17:05:30.763288Z 2279493 INFO  HttpServer::onMessage - Request URL : /metrics from TcpConnection[ fd#29-id#1 ] - HttpServer.cpp:89
20260520 17:05:34.276831Z 2279989 INFO  MetricsDbWriter: inserted metrics row ts=1779267934 - MetricsDbWriter.cpp:131
20260520 17:05:35.760773Z 2279493 INFO  HttpServer::onMessage - Request URL : /metrics from TcpConnection[ fd#29-id#1 ] - HttpServer.cpp:89
20260520 17:05:40.763016Z 2279493 INFO  HttpServer::onMessage - Request URL : /metrics from TcpConnection[ fd#29-id#1 ] - HttpServer.cpp:89
20260520 17:05:44.275266Z 2280043 INFO  MetricsDbWriter: inserted metrics row ts=1779267944 - MetricsDbWriter.cpp:131
20260520 17:05:45.763554Z 2279493 INFO  HttpServer::onMessage - Request URL : /metrics from TcpConnection[ fd#29-id#1 ] - HttpServer.cpp:89
20260520 17:05:50.762766Z 2279493 INFO  HttpServer::onMessage - Request URL : /metrics from TcpConnection[ fd#29-id#1 ] - HttpServer.cpp:89
20260520 17:05:54.274256Z 2280119 INFO  MetricsDbWriter: inserted metrics row ts=1779267954 - MetricsDbWriter.cpp:131
20260520 17:05:55.763076Z 2279493 INFO  HttpServer::onMessage - Request URL : /metrics from TcpConnection[ fd#29-id#1 ] - HttpServer.cpp:89
20260520 17:06:00.763276Z 2279493 INFO  HttpServer::onMessage - Request URL : /metrics from TcpConnection[ fd#29-id#1 ] - HttpServer.cpp:89
20260520 17:06:04.277302Z 2280225 INFO  MetricsDbWriter: inserted metrics row ts=1779267964 - MetricsDbWriter.cpp:131
20260520 17:06:05.760245Z 2279493 INFO  HttpServer::onMessage - Request URL : /metrics from TcpConnection[ fd#29-id#1 ] - HttpServer.cpp:89
20260520 17:06:10.762606Z 2279493 INFO  HttpServer::onMessage - Request URL : /metrics from TcpConnection[ fd#29-id#1 ] - HttpServer.cpp:89
20260520 17:06:14.273635Z 2280280 INFO  MetricsDbWriter: inserted metrics row ts=1779267974 - MetricsDbWriter.cpp:131
20260520 17:06:15.762729Z 2279493 INFO  HttpServer::onMessage - Request URL : /metrics from TcpConnection[ fd#29-id#1 ] - HttpServer.cpp:89
20260520 17:06:20.761147Z 2279493 INFO  HttpServer::onMessage - Request URL : /metrics from TcpConnection[ fd#29-id#1 ] - HttpServer.cpp:89
20260520 17:06:24.274141Z 2280335 INFO  MetricsDbWriter: inserted metrics row ts=1779267984 - MetricsDbWriter.cpp:131
20260520 17:06:25.764593Z 2279493 INFO  HttpServer::onMessage - Request URL : /metrics from TcpConnection[ fd#29-id#1 ] - HttpServer.cpp:89
20260520 17:06:30.763391Z 2279493 INFO  HttpServer::onMessage - Request URL : /metrics from TcpConnection[ fd#29-id#1 ] - HttpServer.cpp:89
20260520 17:06:34.273995Z 2280466 INFO  MetricsDbWriter: inserted metrics row ts=1779267994 - MetricsDbWriter.cpp:131
20260520 17:06:35.762436Z 2279493 INFO  HttpServer::onMessage - Request URL : /metrics from TcpConnection[ fd#29-id#1 ] - HttpServer.cpp:89
20260520 17:06:40.760861Z 2279493 INFO  HttpServer::onMessage - Request URL : /metrics from TcpConnection[ fd#29-id#1 ] - HttpServer.cpp:89
20260520 17:06:44.274716Z 2280566 INFO  MetricsDbWriter: inserted metrics row ts=1779268004 - MetricsDbWriter.cpp:131
20260520 17:06:45.763740Z 2279493 INFO  HttpServer::onMessage - Request URL : /metrics from TcpConnection[ fd#29-id#1 ] - HttpServer.cpp:89
20260520 17:06:50.763469Z 2279493 INFO  HttpServer::onMessage - Request URL : /metrics from TcpConnection[ fd#29-id#1 ] - HttpServer.cpp:89
20260520 17:06:54.273734Z 2280647 INFO  MetricsDbWriter: inserted metrics row ts=1779268014 - MetricsDbWriter.cpp:131
20260520 17:06:55.764296Z 2279493 INFO  HttpServer::onMessage - Request URL : /metrics from TcpConnection[ fd#29-id#1 ] - HttpServer.cpp:89
20260520 17:07:00.763296Z 2279493 INFO  HttpServer::onMessage - Request URL : /metrics from TcpConnection[ fd#29-id#1 ] - HttpServer.cpp:89
20260520 17:07:04.274751Z 2280775 INFO  MetricsDbWriter: inserted metrics row ts=1779268024 - MetricsDbWriter.cpp:131
20260520 17:07:05.760514Z 2279493 INFO  HttpServer::onMessage - Request URL : /metrics from TcpConnection[ fd#29-id#1 ] - HttpServer.cpp:89
20260520 17:07:10.763868Z 2279493 INFO  HttpServer::onMessage - Request URL : /metrics from TcpConnection[ fd#29-id#1 ] - HttpServer.cpp:89
20260520 17:07:14.275430Z 2280904 INFO  MetricsDbWriter: inserted metrics row ts=1779268034 - MetricsDbWriter.cpp:131
20260520 17:07:15.762726Z 2279493 INFO  HttpServer::onMessage - Request URL : /metrics from TcpConnection[ fd#29-id#1 ] - HttpServer.cpp:89
20260520 17:07:20.761909Z 2279493 INFO  HttpServer::onMessage - Request URL : /metrics from TcpConnection[ fd#29-id#1 ] - HttpServer.cpp:89
20260520 17:07:24.274552Z 2280961 INFO  MetricsDbWriter: inserted metrics row ts=1779268044 - MetricsDbWriter.cpp:131
20260520 17:07:25.760800Z 2279493 INFO  HttpServer::onMessage - Request URL : /metrics from TcpConnection[ fd#29-id#1 ] - HttpServer.cpp:89
20260520 17:07:27.595390Z 2279494 INFO  [game] dispatch grant_item seq=1 - GameLogic.cpp:287
20260520 17:07:27.595839Z 2279494 INFO  [grant_item] recv player_id=10001 item_id=1002 count=1 - GameLogic.cpp:113
20260520 17:07:27.601076Z 2279494 INFO  [grant_item] ok player_id=10001 item_id=1002 instance_id=3 bag_total=6 - GameLogic.cpp:172
20260520 17:07:27.605006Z 2279492 INFO  TcpServer::HandleCloseInLoop - Remove connection [id#2-fd#30] - TcpServer.cpp:69
20260520 17:07:29.427205Z 2279494 INFO  [game] dispatch grant_item seq=1 - GameLogic.cpp:287
20260520 17:07:29.427818Z 2279494 INFO  [grant_item] recv player_id=10001 item_id=1003 count=1 - GameLogic.cpp:113
20260520 17:07:29.434911Z 2279494 INFO  [grant_item] ok player_id=10001 item_id=1003 instance_id=4 bag_total=1 - GameLogic.cpp:172
20260520 17:07:29.437035Z 2279492 INFO  TcpServer::HandleCloseInLoop - Remove connection [id#3-fd#30] - TcpServer.cpp:69
20260520 17:07:30.763517Z 2279493 INFO  HttpServer::onMessage - Request URL : /metrics from TcpConnection[ fd#29-id#1 ] - HttpServer.cpp:89
20260520 17:07:30.934778Z 2279494 INFO  [game] dispatch grant_item seq=1 - GameLogic.cpp:287
20260520 17:07:30.935224Z 2279494 INFO  [grant_item] recv player_id=10001 item_id=1003 count=1 - GameLogic.cpp:113
20260520 17:07:30.943830Z 2279494 INFO  [grant_item] ok player_id=10001 item_id=1003 instance_id=5 bag_total=2 - GameLogic.cpp:172
20260520 17:07:30.945005Z 2279492 INFO  TcpServer::HandleCloseInLoop - Remove connection [id#4-fd#30] - TcpServer.cpp:69
20260520 17:07:34.277477Z 2281087 INFO  MetricsDbWriter: inserted metrics row ts=1779268054 - MetricsDbWriter.cpp:131
20260520 17:07:35.762002Z 2279493 INFO  HttpServer::onMessage - Request URL : /metrics from TcpConnection[ fd#29-id#1 ] - HttpServer.cpp:89
20260520 17:07:40.760898Z 2279493 INFO  HttpServer::onMessage - Request URL : /metrics from TcpConnection[ fd#29-id#1 ] - HttpServer.cpp:89
20260520 17:07:44.275765Z 2281143 INFO  MetricsDbWriter: inserted metrics row ts=1779268064 - MetricsDbWriter.cpp:131
20260520 17:07:45.762834Z 2279493 INFO  HttpServer::onMessage - Request URL : /metrics from TcpConnection[ fd#29-id#1 ] - HttpServer.cpp:89
20260520 17:07:50.763838Z 2279493 INFO  HttpServer::onMessage - Request URL : /metrics from TcpConnection[ fd#29-id#1 ] - HttpServer.cpp:89
20260520 17:07:54.275224Z 2281197 INFO  MetricsDbWriter: inserted metrics row ts=1779268074 - MetricsDbWriter.cpp:131
20260520 17:07:55.762749Z 2279493 INFO  HttpServer::onMessage - Request URL : /metrics from TcpConnection[ fd#29-id#1 ] - HttpServer.cpp:89
20260520 17:08:00.762282Z 2279493 INFO  HttpServer::onMessage - Request URL : /metrics from TcpConnection[ fd#29-id#1 ] - HttpServer.cpp:89
20260520 17:08:04.277188Z 2281323 INFO  MetricsDbWriter: inserted metrics row ts=1779268084 - MetricsDbWriter.cpp:131
20260520 17:08:05.761477Z 2279493 INFO  HttpServer::onMessage - Request URL : /metrics from TcpConnection[ fd#29-id#1 ] - HttpServer.cpp:89
20260520 17:08:10.762101Z 2279493 INFO  HttpServer::onMessage - Request URL : /metrics from TcpConnection[ fd#29-id#1 ] - HttpServer.cpp:89
20260520 17:08:14.275766Z 2281377 INFO  MetricsDbWriter: inserted metrics row ts=1779268094 - MetricsDbWriter.cpp:131
20260520 17:08:15.763535Z 2279493 INFO  HttpServer::onMessage - Request URL : /metrics from TcpConnection[ fd#29-id#1 ] - HttpServer.cpp:89
20260520 17:08:20.762151Z 2279493 INFO  HttpServer::onMessage - Request URL : /metrics from TcpConnection[ fd#29-id#1 ] - HttpServer.cpp:89
20260520 17:08:24.275741Z 2281432 INFO  MetricsDbWriter: inserted metrics row ts=1779268104 - MetricsDbWriter.cpp:131
20260520 17:08:25.763297Z 2279493 INFO  HttpServer::onMessage - Request URL : /metrics from TcpConnection[ fd#29-id#1 ] - HttpServer.cpp:89
20260520 17:08:30.762818Z 2279493 INFO  HttpServer::onMessage - Request URL : /metrics from TcpConnection[ fd#29-id#1 ] - HttpServer.cpp:89
20260520 17:08:34.276820Z 2281485 INFO  MetricsDbWriter: inserted metrics row ts=1779268114 - MetricsDbWriter.cpp:131
20260520 17:08:35.760174Z 2279493 INFO  HttpServer::onMessage - Request URL : /metrics from TcpConnection[ fd#29-id#1 ] - HttpServer.cpp:89
20260520 17:08:40.763307Z 2279493 INFO  HttpServer::onMessage - Request URL : /metrics from TcpConnection[ fd#29-id#1 ] - HttpServer.cpp:89
